year,month_num,district,PCODE,sin_month,cos_month,monsoon_phase_First_Inter_Monsoon,monsoon_phase_SW_Monsoon,monsoon_phase_Second_Inter_Monsoon,monsoon_phase_NE_Monsoon,rainfall_mm,r3h,rfq,rain_lag1,rain_lag2,rfq_lag1,Outbreak status,lat,lon,humidity,wind_speed,temp_lag1,humidity_lag1,wind_lag1,buffalo_density,livestock_density,neighbor_outbreak_lag1,neighbor_outbreak_count_lag1,neighbor_outbreak_fraction_lag1,neighbor_outbreak_lag2,nino34,nino34_lag3,iod_dmi,iod_dmi_lag2
2017,1,Colombo,LK11,0.499999999999999,0.866025403784438,0,0,0,1,120.782611,569.101463333333,114.623278333333,189.745341714285,413.242237714285,101.795391714285,1,6.9271,79.8612,75.82,3.22,25.94428571428572,84.15142857142857,2.987142857142857,5.445477386414172,15.012141702616765,0.0,0,0.0,0.0,26.12,25.98,-0.086,-0.382
2017,2,Colombo,LK11,0.866025403784438,0.5,0,0,0,1,81.8695652,352.869566666666,91.7051946666666,120.782611,189.745341714285,114.623278333333,0,6.9271,79.8612,71.65,2.72,25.3,75.82,3.22,5.445477386414172,15.012141702616765,0.5,2,0.5,0.0,26.67,25.94,0.101,-0.31
2017,3,Colombo,LK11,1.0,6.12323399573676e-17,1,0,0,0,275.999996,428.173933333333,171.274323333333,81.8695652,120.782611,91.7051946666666,0,6.9271,79.8612,79.61,1.96,26.2,71.65,2.72,5.445477386414172,15.012141702616765,0.0,0,0.0,0.5,27.32,26.1,0.357,-0.086
2017,4,Colombo,LK11,0.866025403784438,-0.499999999999999,1,0,0,0,149.9130475,551.739146666666,54.8280716666666,275.999996,81.8695652,171.274323333333,0,6.9271,79.8612,82.45,2.82,26.96,79.61,1.96,5.445477386414172,15.012141702616765,0.0,0,0.0,0.0,28.03,26.12,0.498,0.101
2017,5,Colombo,LK11,0.499999999999999,-0.866025403784438,0,1,0,0,513.78262,748.623233333333,133.164556666666,149.9130475,275.999996,54.8280716666666,0,6.9271,79.8612,83.83,3.77,27.69,82.45,2.82,5.445477386414172,15.012141702616765,0.0,0,0.0,0.0,28.3,26.67,0.536,0.357
2017,6,Colombo,LK11,1.22464679914735e-16,-1.0,0,1,0,0,258.869568,916.782616666666,90.5022753333333,513.78262,149.9130475,133.164556666666,0,6.9271,79.8612,86.44,4.44,27.52,83.83,3.77,5.445477386414172,15.012141702616765,0.0,0,0.0,0.0,28.06,27.32,0.424,0.498
2017,7,Colombo,LK11,-0.499999999999999,-0.866025403784438,0,1,0,0,137.391304,885.49272,76.1772476666666,258.869568,513.78262,90.5022753333333,0,6.9271,79.8612,85.04,4.19,26.68,86.44,4.44,5.445477386414172,15.012141702616765,0.0,0,0.0,0.0,27.54,28.03,0.52,0.536
2017,8,Colombo,LK11,-0.866025403784438,-0.5,0,1,0,0,229.217388,785.855,140.514746666666,137.391304,258.869568,76.1772476666666,0,6.9271,79.8612,85.27,4.41,26.72,85.04,4.19,5.445477386414172,15.012141702616765,0.0,0,0.0,0.0,26.7,28.3,0.349,0.424
2017,9,Colombo,LK11,-1.0,-1.83697019872102e-16,0,1,0,0,398.521736,763.492763333333,132.84991,229.217388,137.391304,140.514746666666,0,6.9271,79.8612,85.96,4.14,26.5,85.27,4.41,5.445477386414172,15.012141702616765,0.0,0,0.0,0.0,26.29,28.06,0.035,0.52
2017,10,Colombo,LK11,-0.866025403784438,0.5,0,0,1,0,446.652174,975.202936666666,99.2409066666666,398.521736,229.217388,132.84991,0,6.9271,79.8612,86.18,3.44,26.34,85.96,4.14,5.445477386414172,15.012141702616765,0.0,0,0.0,0.0,26.15,27.54,0.015,0.349
2017,11,Colombo,LK11,-0.5,0.866025403784438,0,0,1,0,441.478263999999,1194.7536,114.102046333333,446.652174,398.521736,99.2409066666666,0,6.9271,79.8612,84.78,2.76,26.54,86.18,3.44,5.445477386414172,15.012141702616765,0.0,0,0.0,0.0,25.74,26.7,0.289,0.035
2017,12,Colombo,LK11,-2.4492935982947e-16,1.0,0,0,0,1,129.52174,1072.55072,72.3242753333333,441.478263999999,446.652174,114.102046333333,0,6.9271,79.8612,82.57,3.0,26.18,84.78,2.76,5.445477386414172,15.012141702616765,0.0,0,0.0,0.0,25.62,26.29,0.11,0.015
2018,1,Colombo,LK11,0.499999999999999,0.866025403784438,0,0,0,1,36.0000005,746.101466666666,43.1341233333333,129.52174,441.478263999999,72.3242753333333,0,6.9271,79.8612,78.3,3.04,25.7,82.57,3.0,5.493514171418766,15.043401045740458,0.0,0,0.0,0.0,25.57,26.15,-0.2,0.289
2018,2,Colombo,LK11,0.866025403784438,0.5,0,0,0,1,86.434782,383.231876666666,93.1242366666666,36.0000005,129.52174,43.1341233333333,0,6.9271,79.8612,75.66,2.26,25.07,78.3,3.04,5.493514171418766,15.043401045740458,0.0,0,0.0,0.0,25.97,25.74,0.216,0.11
2018,3,Colombo,LK11,1.0,6.12323399573676e-17,1,0,0,0,206.478264,302.275356666666,130.109997,86.434782,36.0000005,93.1242366666666,0,6.9271,79.8612,76.9,1.83,26.47,75.66,2.26,5.493514171418766,15.043401045740458,0.0,0,0.0,0.0,26.48,25.62,-0.12,-0.2
2018,4,Colombo,LK11,0.866025403784438,-0.499999999999999,1,0,0,0,315.78261,505.507253333333,105.830418,206.478264,86.434782,130.109997,0,6.9271,79.8612,80.6,1.79,27.42,76.9,1.83,5.493514171418766,15.043401045740458,0.0,0,0.0,0.0,27.31,25.57,-0.083,0.216
2018,5,Colombo,LK11,0.499999999999999,-0.866025403784438,0,1,0,0,635.391304,941.49272,164.514686666666,315.78261,206.478264,105.830418,0,6.9271,79.8612,87.01,3.49,27.7,80.6,1.79,5.493514171418766,15.043401045740458,0.0,0,0.0,0.0,27.73,25.97,0.122,-0.12
2018,6,Colombo,LK11,1.22464679914735e-16,-1.0,0,1,0,0,356.913054,1290.07246666666,118.504714999999,635.391304,315.78261,164.514686666666,0,6.9271,79.8612,88.57,4.64,26.95,87.01,3.49,5.493514171418766,15.043401045740458,0.0,0,0.0,0.0,27.77,26.48,0.155,-0.083
2018,7,Colombo,LK11,-0.499999999999999,-0.866025403784438,0,1,0,0,163.130432,1223.43473333333,86.8966763333333,356.913054,635.391304,118.504714999999,0,6.9271,79.8612,89.03,4.27,26.52,88.57,4.64,5.493514171418766,15.043401045740458,0.0,0,0.0,0.0,27.42,27.31,0.053,0.122
2018,8,Colombo,LK11,-0.866025403784438,-0.5,0,1,0,0,204.043481999999,902.623166666666,123.056535,163.130432,356.913054,86.8966763333333,0,6.9271,79.8612,89.23,4.26,25.84,89.03,4.27,5.493514171418766,15.043401045740458,0.0,0,0.0,0.0,26.94,27.73,0.121,0.155
2018,9,Colombo,LK11,-1.0,-1.83697019872102e-16,0,1,0,0,252.652185999999,570.739106666666,77.807292,204.043481999999,163.130432,123.056535,0,6.9271,79.8612,83.6,3.42,25.45,89.23,4.26,5.493514171418766,15.043401045740458,0.0,0,0.0,0.0,27.19,27.77,0.604,0.053
2018,10,Colombo,LK11,-0.866025403784438,0.5,0,0,1,0,697.95652,1008.82609999999,160.51739,252.652185999999,204.043481999999,77.807292,0,6.9271,79.8612,86.26,2.49,26.19,83.6,3.42,5.493514171418766,15.043401045740458,0.25,1,0.25,0.0,27.62,27.42,0.684,0.121
2018,11,Colombo,LK11,-0.5,0.866025403784438,0,0,1,0,371.826089999999,1270.15943333333,96.383356,697.95652,252.652185999999,160.51739,0,6.9271,79.8612,84.62,2.51,25.99,86.26,2.49,5.493514171418766,15.043401045740458,0.0,0,0.0,0.25,27.61,26.94,0.5,0.604
2018,12,Colombo,LK11,-2.4492935982947e-16,1.0,0,0,0,1,94.521738,1264.89866666666,56.0358393333333,371.826089999999,697.95652,96.383356,0,6.9271,79.8612,83.27,3.02,26.14,84.62,2.51,5.493514171418766,15.043401045740458,0.0,0,0.0,0.0,27.49,27.19,0.309,0.684
2019,1,Colombo,LK11,0.499999999999999,0.866025403784438,0,0,0,1,26.8695646999999,681.057983333333,35.6891373333333,94.521738,371.826089999999,56.0358393333333,0,6.9271,79.8612,79.86,3.68,25.56,83.27,3.02,5.541550956423358,15.074660388864151,0.0,0,0.0,0.0,27.19,27.62,0.387,0.5
2019,2,Colombo,LK11,0.866025403784438,0.5,0,0,0,1,149.130439,373.115953333333,137.491760666666,26.8695646999999,94.521738,35.6891373333333,0,6.9271,79.8612,79.14,2.48,25.35,79.86,3.68,5.541550956423358,15.074660388864151,0.5,2,0.5,0.0,27.46,27.61,0.416,0.309
2019,3,Colombo,LK11,1.0,6.12323399573676e-17,1,0,0,0,65.0,255.130426666666,47.324999,149.130439,26.8695646999999,137.491760666666,0,6.9271,79.8612,72.53,1.68,26.68,79.14,2.48,5.541550956423358,15.074660388864151,0.0,0,0.0,0.5,28.09,27.49,0.225,0.387
2019,4,Colombo,LK11,0.866025403784438,-0.499999999999999,1,0,0,0,236.2608677,341.594206666666,78.6385936666666,65.0,149.130439,47.324999,0,6.9271,79.8612,76.56,2.17,27.76,72.53,1.68,5.541550956423358,15.074660388864151,0.0,0,0.0,0.0,28.44,27.19,0.258,0.416
2019,5,Colombo,LK11,0.499999999999999,-0.866025403784438,0,1,0,0,162.999996,411.02896,44.8784643333333,236.2608677,65.0,78.6385936666666,0,6.9271,79.8612,83.69,3.88,28.24,76.56,2.17,5.541550956423358,15.074660388864151,0.0,0,0.0,0.0,28.48,27.46,0.54,0.225
2019,6,Colombo,LK11,1.22464679914735e-16,-1.0,0,1,0,0,492.95653,761.159383333333,165.4316,162.999996,236.2608677,44.8784643333333,0,6.9271,79.8612,83.63,4.62,27.87,83.69,3.88,5.541550956423358,15.074660388864151,0.0,0,0.0,0.0,28.18,28.09,0.605,0.258
2019,7,Colombo,LK11,-0.499999999999999,-0.866025403784438,0,1,0,0,227.08695,933.144833333333,114.83376,492.95653,162.999996,165.4316,0,6.9271,79.8612,83.75,4.11,27.67,83.63,4.62,5.541550956423358,15.074660388864151,0.0,0,0.0,0.0,27.64,28.44,0.597,0.54
2019,8,Colombo,LK11,-0.866025403784438,-0.5,0,1,0,0,416.956528,1039.39137,244.874393333333,227.08695,492.95653,114.83376,0,6.9271,79.8612,84.51,4.55,26.9,83.75,4.11,5.541550956423358,15.074660388864151,0.0,0,0.0,0.0,26.9,28.48,0.436,0.605
2019,9,Colombo,LK11,-1.0,-1.83697019872102e-16,0,1,0,0,716.304335999999,1204.08696666666,221.048134666666,416.956528,227.08695,244.874393333333,0,6.9271,79.8612,85.64,3.59,26.51,84.51,4.55,5.541550956423358,15.074660388864151,0.0,0,0.0,0.0,26.75,28.18,0.892,0.597
2019,10,Colombo,LK11,-0.866025403784438,0.5,0,0,1,0,597.86956,1615.78256666666,133.645305333333,716.304335999999,416.956528,221.048134666666,0,6.9271,79.8612,86.69,2.54,26.41,85.64,3.59,5.541550956423358,15.074660388864151,0.25,1,0.25,0.0,27.2,27.64,0.964,0.436
2019,11,Colombo,LK11,-0.5,0.866025403784438,0,0,1,0,393.56522,1726.04339999999,104.128071666666,597.86956,716.304335999999,133.645305333333,0,6.9271,79.8612,84.42,1.98,26.02,86.69,2.54,5.541550956423358,15.074660388864151,0.25,1,0.25,0.25,27.22,26.9,0.835,0.892
2019,12,Colombo,LK11,-2.4492935982947e-16,1.0,0,0,0,1,182.521736,1424.0579,99.1023766666666,393.56522,597.86956,104.128071666666,0,6.9271,79.8612,84.41,2.52,26.62,84.42,1.98,5.541550956423358,15.074660388864151,0.25,1,0.25,0.25,27.12,26.75,0.243,0.964
2020,1,Colombo,LK11,0.499999999999999,0.866025403784438,0,0,0,1,37.086957,786.202876666666,42.9900346666666,182.521736,393.56522,99.1023766666666,0,6.9271,79.8612,80.3,2.85,26.21,84.41,2.52,5.589587741427952,15.105919731987848,0.25,1,0.25,0.25,27.15,27.2,0.173,0.835
2020,2,Colombo,LK11,0.866025403784438,0.5,0,0,0,1,24.5217385,387.304339999999,35.6040383333333,37.086957,182.521736,42.9900346666666,0,6.9271,79.8612,77.31,2.88,26.07,80.3,2.85,5.589587741427952,15.105919731987848,0.5,2,0.5,0.25,27.12,27.22,0.054,0.243
2020,3,Colombo,LK11,1.0,6.12323399573676e-17,1,0,0,0,65.956522,162.217382,47.6123193333333,24.5217385,37.086957,35.6040383333333,0,6.9271,79.8612,72.73,1.57,26.52,77.31,2.88,5.589587741427952,15.105919731987848,0.0,0,0.0,0.5,27.76,27.12,0.019,0.173
2020,4,Colombo,LK11,0.866025403784438,-0.499999999999999,1,0,0,0,158.391304,188.434783333333,54.4735476666666,65.956522,24.5217385,47.6123193333333,0,6.9271,79.8612,77.39,1.94,28.02,72.73,1.57,5.589587741427952,15.105919731987848,0.0,0,0.0,0.0,28.18,27.15,-0.011,0.054
2020,5,Colombo,LK11,0.499999999999999,-0.866025403784438,0,1,0,0,442.608704,537.536233333333,116.43513,158.391304,65.956522,54.4735476666666,0,6.9271,79.8612,85.41,3.49,28.38,77.39,1.94,5.589587741427952,15.105919731987848,0.0,0,0.0,0.0,27.66,27.12,0.298,0.019
2020,6,Colombo,LK11,1.22464679914735e-16,-1.0,0,1,0,0,233.565219999999,769.304343333333,82.162543,442.608704,158.391304,116.43513,0,6.9271,79.8612,85.28,4.26,27.72,85.41,3.49,5.589587741427952,15.105919731987848,0.0,0,0.0,0.0,27.39,27.76,0.455,-0.011
2020,7,Colombo,LK11,-0.499999999999999,-0.866025403784438,0,1,0,0,254.521734,912.304323333333,131.113523333333,233.565219999999,442.608704,82.162543,0,6.9271,79.8612,86.2,3.86,27.06,85.28,4.26,5.589587741427952,15.105919731987848,0.0,0,0.0,0.0,26.99,28.18,0.319,0.298
2020,8,Colombo,LK11,-0.866025403784438,-0.5,0,1,0,0,164.000001,757.536233333333,117.276298666666,254.521734,233.565219999999,131.113523333333,0,6.9271,79.8612,86.62,3.85,26.29,86.2,3.86,5.589587741427952,15.105919731987848,0.0,0,0.0,0.0,26.26,27.66,-0.183,0.455
2020,9,Colombo,LK11,-1.0,-1.83697019872102e-16,0,1,0,0,517.8261,855.333353333333,166.49022,164.000001,254.521734,117.276298666666,0,6.9271,79.8612,86.79,4.21,26.35,86.62,3.85,5.589587741427952,15.105919731987848,0.25,1,0.25,0.0,25.89,27.39,-0.189,0.319
2020,10,Colombo,LK11,-0.866025403784438,0.5,0,0,1,0,181.04348,892.57969,41.5294156666666,517.8261,164.000001,166.49022,0,6.9271,79.8612,85.34,3.74,26.18,86.79,4.21,5.589587741427952,15.105919731987848,0.0,0,0.0,0.25,25.46,26.99,0.074,-0.183
2020,11,Colombo,LK11,-0.5,0.866025403784438,0,0,1,0,291.78261,948.594153333333,77.9307976666666,181.04348,517.8261,41.5294156666666,0,6.9271,79.8612,84.02,2.31,26.43,85.34,3.74,5.589587741427952,15.105919731987848,0.25,1,0.25,0.0,25.28,26.26,0.02,-0.189
2020,12,Colombo,LK11,-2.4492935982947e-16,1.0,0,0,0,1,185.695655999999,761.376766666666,102.778623333333,291.78261,181.04348,77.9307976666666,0,6.9271,79.8612,84.4,3.16,26.64,84.02,2.31,5.589587741427952,15.105919731987848,0.0,0,0.0,0.25,25.44,25.89,0.031,0.074
2021,1,Colombo,LK11,0.499999999999999,0.866025403784438,0,0,0,1,153.95652,655.855056666666,138.51403,185.695655999999,291.78261,102.778623333333,0,6.9271,79.8612,84.12,2.66,25.96,84.4,3.16,5.637624526432545,15.137179075111543,0.0,0,0.0,0.0,25.55,25.46,0.051,0.02
2021,2,Colombo,LK11,0.866025403784438,0.5,0,0,0,1,58.6956515,449.101449999999,68.3786906666666,153.95652,185.695655999999,138.51403,0,6.9271,79.8612,81.08,3.34,25.6,84.12,2.66,5.637624526432545,15.137179075111543,0.0,0,0.0,0.0,25.75,25.28,0.243,0.031
2021,3,Colombo,LK11,1.0,6.12323399573676e-17,1,0,0,0,225.086961999999,410.46378,136.854216666666,58.6956515,153.95652,68.3786906666666,0,6.9271,79.8612,76.18,1.73,25.87,81.08,3.34,5.637624526432545,15.137179075111543,0.0,0,0.0,0.0,26.48,25.44,0.267,0.051
2021,4,Colombo,LK11,0.866025403784438,-0.499999999999999,1,0,0,0,204.565223,423.27538,68.6963753333333,225.086961999999,58.6956515,136.854216666666,0,6.9271,79.8612,82.86,2.42,26.91,76.18,1.73,5.637624526432545,15.137179075111543,0.25,1,0.25,0.0,27.1,25.55,0.25,0.243
2021,5,Colombo,LK11,0.499999999999999,-0.866025403784438,0,1,0,0,603.173929999999,833.449263333333,156.614366666666,204.565223,225.086961999999,68.6963753333333,0,6.9271,79.8612,86.38,3.54,27.39,82.86,2.42,5.637624526432545,15.137179075111543,0.25,1,0.25,0.25,27.47,25.75,0.009,0.267
2021,6,Colombo,LK11,1.22464679914735e-16,-1.0,0,1,0,0,417.999996,1252.08696666666,134.090548333333,603.173929999999,204.565223,156.614366666666,0,6.9271,79.8612,87.33,4.21,27.29,86.38,3.54,5.637624526432545,15.137179075111543,0.0,0,0.0,0.25,27.45,26.48,-0.002,0.25
2021,7,Colombo,LK11,-0.499999999999999,-0.866025403784438,0,1,0,0,310.086961999999,1349.8697,161.79496,417.999996,603.173929999999,134.090548333333,0,6.9271,79.8612,88.22,4.49,26.71,87.33,4.21,5.637624526432545,15.137179075111543,0.0,0,0.0,0.0,26.9,27.1,-0.229,0.009
2021,8,Colombo,LK11,-0.866025403784438,-0.5,0,1,0,0,256.304342,1089.7826,146.121518333333,310.086961999999,417.999996,161.79496,0,6.9271,79.8612,87.92,4.19,26.36,88.22,4.49,5.637624526432545,15.137179075111543,0.0,0,0.0,0.0,26.32,27.47,-0.099,-0.002
2021,9,Colombo,LK11,-1.0,-1.83697019872102e-16,0,1,0,0,452.000006,901.072483333333,142.066014666666,256.304342,310.086961999999,146.121518333333,0,6.9271,79.8612,87.12,4.25,26.1,87.92,4.19,5.637624526432545,15.137179075111543,0.0,0,0.0,0.0,26.17,27.45,-0.058,-0.229
2021,10,Colombo,LK11,-0.866025403784438,0.5,0,0,1,0,505.69566,1104.71013333333,114.022655666666,452.000006,256.304342,142.066014666666,0,6.9271,79.8612,87.23,3.43,26.48,87.12,4.25,5.637624526432545,15.137179075111543,0.0,0,0.0,0.0,25.77,26.9,-0.091,-0.099
2021,11,Colombo,LK11,-0.5,0.866025403784438,0,0,1,0,499.434786,1425.6087,128.452306666666,505.69566,452.000006,114.022655666666,0,6.9271,79.8612,87.36,3.23,26.28,87.23,3.43,5.637624526432545,15.137179075111543,0.25,1,0.25,0.0,25.76,26.32,0.069,-0.058
2021,12,Colombo,LK11,-2.4492935982947e-16,1.0,0,0,0,1,135.173918,1300.86963333333,70.649784,499.434786,505.69566,128.452306666666,1,6.9271,79.8612,83.06,2.88,25.91,87.36,3.23,5.637624526432545,15.137179075111543,0.0,0,0.0,0.25,25.54,26.17,-0.12,-0.091
2022,1,Colombo,LK11,0.499999999999999,0.866025403784438,0,0,0,1,59.956522,873.173913333333,61.4126813333333,135.173918,499.434786,70.649784,1,6.9271,79.8612,81.7,2.97,25.95,83.06,2.88,5.685661311437138,15.16843841823524,0.25,1,0.25,0.0,25.6,25.77,-0.056,0.069
2022,2,Colombo,LK11,0.866025403784438,0.5,0,0,0,1,117.782608,410.246376666666,123.650542333333,59.956522,135.173918,61.4126813333333,0,6.9271,79.8612,78.98,2.79,25.98,81.7,2.97,5.685661311437138,15.16843841823524,0.5,2,0.5,0.25,25.86,25.76,-0.082,-0.12
2022,3,Colombo,LK11,1.0,6.12323399573676e-17,1,0,0,0,130.782608,277.17391,83.329264,117.782608,59.956522,123.650542333333,0,6.9271,79.8612,80.14,2.85,25.89,78.98,2.79,5.685661311437138,15.16843841823524,0.5,2,0.5,0.5,26.31,25.54,-0.093,-0.056
2022,4,Colombo,LK11,0.866025403784438,-0.499999999999999,1,0,0,0,442.56523,572.289856666666,148.148148333333,130.782608,117.782608,83.329264,0,6.9271,79.8612,84.82,2.19,27.0,80.14,2.85,5.685661311437138,15.16843841823524,0.0,0,0.0,0.5,26.7,25.6,-0.068,-0.082
2022,5,Colombo,LK11,0.499999999999999,-0.866025403784438,0,1,0,0,494.521744,918.565266666666,128.729583333333,442.56523,130.782608,148.148148333333,0,6.9271,79.8612,87.44,4.78,27.12,84.82,2.19,5.685661311437138,15.16843841823524,0.0,0,0.0,0.0,26.82,25.86,-0.122,-0.093
2022,6,Colombo,LK11,1.22464679914735e-16,-1.0,0,1,0,0,218.782619999999,1130.66666666666,78.7049946666666,494.521744,442.56523,128.729583333333,0,6.9271,79.8612,87.74,4.31,27.22,87.44,4.78,5.685661311437138,15.16843841823524,0.25,1,0.25,0.0,26.98,26.31,-0.335,-0.068
2022,7,Colombo,LK11,-0.499999999999999,-0.866025403784438,0,1,0,0,221.999992,954.623166666666,119.981316666666,218.782619999999,494.521744,78.7049946666666,0,6.9271,79.8612,87.07,4.08,26.46,87.74,4.31,5.685661311437138,15.16843841823524,0.0,0,0.0,0.25,26.6,26.7,-0.195,-0.122
2022,8,Colombo,LK11,-0.866025403784438,-0.5,0,1,0,0,305.478258,805.75362,177.258484666666,221.999992,218.782619999999,119.981316666666,0,6.9271,79.8612,87.86,4.54,26.01,87.07,4.08,5.685661311437138,15.16843841823524,0.0,0,0.0,0.0,25.88,26.82,-0.246,-0.335
2022,9,Colombo,LK11,-1.0,-1.83697019872102e-16,0,1,0,0,244.130438,816.217386666666,85.5551466666666,305.478258,221.999992,177.258484666666,0,6.9271,79.8612,86.62,4.07,25.75,87.86,4.54,5.685661311437138,15.16843841823524,0.0,0,0.0,0.0,25.65,26.98,-0.322,-0.195
2022,10,Colombo,LK11,-0.866025403784438,0.5,0,0,1,0,565.956516,972.623233333333,118.187797333333,244.130438,305.478258,85.5551466666666,0,6.9271,79.8612,85.95,3.66,26.03,86.62,4.07,5.685661311437138,15.16843841823524,0.0,0,0.0,0.0,25.73,26.6,-0.691,-0.246
2022,11,Colombo,LK11,-0.5,0.866025403784438,0,0,1,0,320.043474,1197.2319,84.36801,565.956516,244.130438,118.187797333333,0,6.9271,79.8612,83.46,2.62,25.97,85.95,3.66,5.685661311437138,15.16843841823524,0.0,0,0.0,0.0,25.8,25.88,-0.269,-0.322
2022,12,Colombo,LK11,-2.4492935982947e-16,1.0,0,0,0,1,265.434782,1104.3333,141.110133333333,320.043474,565.956516,84.36801,0,6.9271,79.8612,84.14,3.32,25.8,83.46,2.62,5.685661311437138,15.16843841823524,0.0,0,0.0,0.0,25.75,25.65,-0.091,-0.691
2023,1,Colombo,LK11,0.499999999999999,0.866025403784438,0,0,0,1,93.086956,901.999943333333,89.658442,265.434782,320.043474,141.110133333333,0,6.9271,79.8612,82.73,3.94,25.64,84.14,3.32,5.733698096441732,15.199697761358934,0.0,0,0.0,0.0,25.83,25.73,0.11,-0.269
2023,2,Colombo,LK11,0.866025403784438,0.5,0,0,0,1,117.43478,517.681126666666,117.52021,93.086956,265.434782,89.658442,0,6.9271,79.8612,81.46,3.56,24.72,82.73,3.94,5.733698096441732,15.199697761358934,0.0,0,0.0,0.0,26.29,25.8,0.157,-0.091
2023,3,Colombo,LK11,1.0,6.12323399573676e-17,1,0,0,0,307.56522,473.507219999999,183.822253333333,117.43478,93.086956,117.52021,0,6.9271,79.8612,79.72,2.16,25.43,81.46,3.56,5.733698096441732,15.199697761358934,0.0,0,0.0,0.0,27.17,25.75,0.414,0.11
2023,4,Colombo,LK11,0.866025403784438,-0.499999999999999,1,0,0,0,285.217392,654.072466666666,96.7721166666666,307.56522,117.43478,183.822253333333,0,6.9271,79.8612,79.51,1.76,27.08,79.72,2.16,5.733698096441732,15.199697761358934,0.0,0,0.0,0.0,27.96,25.83,0.56,0.157
2023,5,Colombo,LK11,0.499999999999999,-0.866025403784438,0,1,0,0,625.65218,1130.66666666666,164.485533333333,285.217392,307.56522,96.7721166666666,0,6.9271,79.8612,85.45,3.54,27.87,79.51,1.76,5.733698096441732,15.199697761358934,0.0,0,0.0,0.0,28.39,26.29,0.443,0.414
2023,6,Colombo,LK11,1.22464679914735e-16,-1.0,0,1,0,0,559.95653,1424.17396666666,187.104843333333,625.65218,285.217392,164.485533333333,0,6.9271,79.8612,86.75,4.58,27.5,85.45,3.54,5.733698096441732,15.199697761358934,0.0,0,0.0,0.0,28.57,27.17,0.665,0.56
2023,7,Colombo,LK11,-0.499999999999999,-0.866025403784438,0,1,0,0,170.739131999999,1412.6521,91.1372,559.95653,625.65218,187.104843333333,0,6.9271,79.8612,87.55,4.17,27.24,86.75,4.58,5.733698096441732,15.199697761358934,0.0,0,0.0,0.0,28.32,27.96,0.498,0.443
2023,8,Colombo,LK11,-0.866025403784438,-0.5,0,1,0,0,168.739127,927.666586666666,95.3516639999999,170.739131999999,559.95653,91.1372,0,6.9271,79.8612,84.95,4.01,26.62,87.55,4.17,5.733698096441732,15.199697761358934,0.0,0,0.0,0.0,28.2,28.39,0.826,0.665
2023,9,Colombo,LK11,-1.0,-1.83697019872102e-16,0,1,0,0,594.913054,918.0,190.457199999999,168.739127,170.739131999999,95.3516639999999,0,6.9271,79.8612,86.06,4.35,26.95,84.95,4.01,5.733698096441732,15.199697761358934,0.0,0,0.0,0.0,28.32,28.57,0.946,0.498
2023,10,Colombo,LK11,-0.866025403784438,0.5,0,0,1,0,688.56522,1279.81163333333,156.538543333333,594.913054,168.739127,190.457199999999,0,6.9271,79.8612,86.95,2.72,26.57,86.06,4.35,5.733698096441732,15.199697761358934,0.0,0,0.0,0.0,28.44,28.32,0.804,0.826
2023,11,Colombo,LK11,-0.5,0.866025403784438,0,0,1,0,574.56522,1787.0435,147.835526666666,688.56522,594.913054,156.538543333333,0,6.9271,79.8612,85.26,1.88,26.27,86.95,2.72,5.733698096441732,15.199697761358934,0.0,0,0.0,0.0,28.72,28.2,0.92,0.946
2023,12,Colombo,LK11,-2.4492935982947e-16,1.0,0,0,0,1,335.347822,1703.72456666666,170.56671,574.56522,688.56522,147.835526666666,0,6.9271,79.8612,87.21,3.01,26.69,85.26,1.88,5.733698096441732,15.199697761358934,0.0,0,0.0,0.0,28.62,28.32,0.852,0.804
2024,1,Colombo,LK11,0.499999999999999,0.866025403784438,0,0,0,1,182.391297,1279.95646666666,153.607545666666,335.347822,574.56522,170.56671,0,6.9271,79.8612,83.63,3.09,26.59,87.21,3.01,5.781734881446324,15.230957104482629,0.0,0,0.0,0.0,28.35,28.44,0.765,0.92
2024,2,Colombo,LK11,0.866025403784438,0.5,0,0,0,1,50.173913,718.39135,57.6434656666666,182.391297,335.347822,153.607545666666,0,6.9271,79.8612,82.13,3.33,25.94,83.63,3.09,5.781734881446324,15.230957104482629,0.25,1,0.25,0.0,28.27,28.72,0.327,0.852
2024,3,Colombo,LK11,1.0,6.12323399573676e-17,1,0,0,0,49.956523,341.536236666666,36.5292558333333,50.173913,182.391297,57.6434656666666,0,6.9271,79.8612,74.15,1.68,26.69,82.13,3.33,5.781734881446324,15.230957104482629,0.25,1,0.25,0.25,28.41,28.62,0.421,0.765
2024,4,Colombo,LK11,0.866025403784438,-0.499999999999999,1,0,0,0,266.65218,282.478266666666,90.1219196666666,49.956523,50.173913,36.5292558333333,0,6.9271,79.8612,79.65,1.78,27.88,74.15,1.68,5.781734881446324,15.230957104482629,0.25,1,0.25,0.25,28.59,28.35,0.44,0.327
2024,5,Colombo,LK11,0.499999999999999,-0.866025403784438,0,1,0,0,414.086946,595.855066666666,108.812078333333,266.65218,49.956523,90.1219196666666,0,6.9271,79.8612,85.11,3.95,28.83,79.65,1.78,5.781734881446324,15.230957104482629,0.0,0,0.0,0.25,28.16,28.27,0.298,0.421
2024,6,Colombo,LK11,1.22464679914735e-16,-1.0,0,1,0,0,207.304342,840.608666666666,72.8033,414.086946,266.65218,108.812078333333,0,6.9271,79.8612,87.36,4.39,28.19,85.11,3.95,5.781734881446324,15.230957104482629,0.0,0,0.0,0.0,27.9,28.41,0.197,0.44
2024,7,Colombo,LK11,-0.499999999999999,-0.866025403784438,0,1,0,0,146.652176,824.71015,79.4676166666666,207.304342,414.086946,72.8033,0,6.9271,79.8612,86.78,3.87,27.23,87.36,4.39,5.781734881446324,15.230957104482629,0.0,0,0.0,0.0,27.34,28.59,0.033,0.298
2024,8,Colombo,LK11,-0.866025403784438,-0.5,0,1,0,0,239.869564,653.521763333333,135.399353666666,146.652176,207.304342,79.4676166666666,0,6.9271,79.8612,86.39,3.98,26.99,86.78,3.87,5.781734881446324,15.230957104482629,0.0,0,0.0,0.0,26.73,28.16,0.267,0.197
2024,9,Colombo,LK11,-1.0,-1.83697019872102e-16,0,1,0,0,235.913044,647.782633333333,81.3827426666666,239.869564,146.652176,135.399353666666,0,6.9271,79.8612,85.73,4.14,26.73,86.39,3.98,5.781734881446324,15.230957104482629,0.0,0,0.0,0.0,26.45,27.9,0.115,0.033
2024,10,Colombo,LK11,-0.866025403784438,0.5,0,0,1,0,484.04349,860.695646666666,110.615253333333,235.913044,239.869564,81.3827426666666,0,6.9271,79.8612,86.77,3.21,27.16,85.73,4.14,5.781734881446324,15.230957104482629,0.0,0,0.0,0.0,26.44,27.34,-0.196,0.267
2024,11,Colombo,LK11,-0.5,0.866025403784438,0,0,1,0,487.91304,1124.26083333333,127.24937,484.04349,235.913044,110.615253333333,0,6.9271,79.8612,85.21,3.05,26.69,86.77,3.21,5.781734881446324,15.230957104482629,0.25,1,0.25,0.0,26.45,26.73,-0.382,0.115
2024,12,Colombo,LK11,-2.4492935982947e-16,1.0,0,0,0,1,158.782612,1117.98553333333,89.3290633333333,487.91304,484.04349,127.24937,0,6.9271,79.8612,84.17,2.72,26.66,85.21,3.05,5.781734881446324,15.230957104482629,0.25,1,0.25,0.25,26.0,26.45,-0.331,-0.196
2017,1,Gampaha,LK12,0.499999999999999,0.866025403784438,0,0,0,1,88.0638293,481.645389999999,103.729227999999,154.750760571428,373.650453142857,103.932452190476,1,7.0873,80.0144,75.82,3.22,25.94428571428572,84.15142857142857,2.987142857142857,3.5098230693676933,23.387169197137936,0.0,0,0.0,0.0,26.12,25.98,-0.086,-0.382
2017,2,Gampaha,LK12,0.866025403784438,0.5,0,0,0,1,69.8510652,274.26241,89.0702556666666,88.0638293,154.750760571428,103.729227999999,0,7.0873,80.0144,71.65,2.72,25.3,75.82,3.22,3.5098230693676933,23.387169197137936,0.75,3,0.75,0.0,26.67,25.94,0.101,-0.31
2017,3,Gampaha,LK12,1.0,6.12323399573676e-17,1,0,0,0,280.65958,390.425523333333,196.598056666666,69.8510652,88.0638293,89.0702556666666,0,7.0873,80.0144,79.61,1.96,26.2,71.65,2.72,3.5098230693676933,23.387169197137936,0.0,0,0.0,0.75,27.32,26.1,0.357,-0.086
2017,4,Gampaha,LK12,0.866025403784438,-0.499999999999999,1,0,0,0,120.978723,501.24821,50.1079386666666,280.65958,69.8510652,196.598056666666,0,7.0873,80.0144,82.45,2.82,26.96,79.61,1.96,3.5098230693676933,23.387169197137936,0.0,0,0.0,0.0,28.03,26.12,0.498,0.101
2017,5,Gampaha,LK12,0.499999999999999,-0.866025403784438,0,1,0,0,472.510646,699.290756666666,156.37231,120.978723,280.65958,50.1079386666666,0,7.0873,80.0144,83.83,3.77,27.69,82.45,2.82,3.5098230693676933,23.387169197137936,0.0,0,0.0,0.0,28.3,26.67,0.536,0.357
2017,6,Gampaha,LK12,1.22464679914735e-16,-1.0,0,1,0,0,247.595745,815.929113333333,103.771011666666,472.510646,120.978723,156.37231,0,7.0873,80.0144,86.44,4.44,27.52,83.83,3.77,3.5098230693676933,23.387169197137936,0.0,0,0.0,0.0,28.06,27.32,0.424,0.498
2017,7,Gampaha,LK12,-0.499999999999999,-0.866025403784438,0,1,0,0,109.382977,812.645433333333,80.3321213333333,247.595745,472.510646,103.771011666666,0,7.0873,80.0144,85.04,4.19,26.68,86.44,4.44,3.5098230693676933,23.387169197137936,0.0,0,0.0,0.0,27.54,28.03,0.52,0.536
2017,8,Gampaha,LK12,-0.866025403784438,-0.5,0,1,0,0,184.680851,697.822696666666,151.930992,109.382977,247.595745,80.3321213333333,0,7.0873,80.0144,85.27,4.41,26.72,85.04,4.19,3.5098230693676933,23.387169197137936,0.0,0,0.0,0.0,26.7,28.3,0.349,0.424
2017,9,Gampaha,LK12,-1.0,-1.83697019872102e-16,0,1,0,0,334.723406,658.496483333333,150.957736666666,184.680851,109.382977,151.930992,0,7.0873,80.0144,85.96,4.14,26.5,85.27,4.41,3.5098230693676933,23.387169197137936,0.0,0,0.0,0.0,26.29,28.06,0.035,0.52
2017,10,Gampaha,LK12,-0.866025403784438,0.5,0,0,1,0,365.446795,788.900746666666,88.9496833333333,334.723406,184.680851,150.957736666666,0,7.0873,80.0144,86.18,3.44,26.34,85.96,4.14,3.5098230693676933,23.387169197137936,0.0,0,0.0,0.0,26.15,27.54,0.015,0.349
2017,11,Gampaha,LK12,-0.5,0.866025403784438,0,0,1,0,372.276588,999.347519999999,106.572448333333,365.446795,334.723406,88.9496833333333,0,7.0873,80.0144,84.78,2.76,26.54,86.18,3.44,3.5098230693676933,23.387169197137936,0.0,0,0.0,0.0,25.74,26.7,0.289,0.035
2017,12,Gampaha,LK12,-2.4492935982947e-16,1.0,0,0,0,1,103.212767,881.198566666666,73.1004263333333,372.276588,365.446795,106.572448333333,0,7.0873,80.0144,82.57,3.0,26.18,84.78,2.76,3.5098230693676933,23.387169197137936,0.0,0,0.0,0.0,25.62,26.29,0.11,0.015
2018,1,Gampaha,LK12,0.499999999999999,0.866025403784438,0,0,0,1,31.0000003,630.517716666666,46.4782383333333,103.212767,372.276588,73.1004263333333,0,7.0873,80.0144,78.3,3.04,25.7,82.57,3.0,3.552521350013511,23.69412940444153,0.0,0,0.0,0.0,25.57,26.15,-0.2,0.289
2018,2,Gampaha,LK12,0.866025403784438,0.5,0,0,0,1,73.3829795,302.567343333333,91.5971513333333,31.0000003,103.212767,46.4782383333333,0,7.0873,80.0144,75.66,2.26,25.07,78.3,3.04,3.552521350013511,23.69412940444153,0.25,1,0.25,0.0,25.97,25.74,0.216,0.11
2018,3,Gampaha,LK12,1.0,6.12323399573676e-17,1,0,0,0,166.829785,244.886526666666,118.371343333333,73.3829795,31.0000003,91.5971513333333,0,7.0873,80.0144,76.9,1.83,26.47,75.66,2.26,3.552521350013511,23.69412940444153,0.0,0,0.0,0.25,26.48,25.62,-0.12,-0.2
2018,4,Gampaha,LK12,0.866025403784438,-0.499999999999999,1,0,0,0,284.06383,429.6454,105.909246666666,166.829785,73.3829795,118.371343333333,0,7.0873,80.0144,80.6,1.79,27.42,76.9,1.83,3.552521350013511,23.69412940444153,0.0,0,0.0,0.0,27.31,25.57,-0.083,0.216
2018,5,Gampaha,LK12,0.499999999999999,-0.866025403784438,0,1,0,0,518.127665,805.673746666666,171.574433333333,284.06383,166.829785,105.909246666666,0,7.0873,80.0144,87.01,3.49,27.7,80.6,1.79,3.552521350013511,23.69412940444153,0.25,1,0.25,0.0,27.73,25.97,0.122,-0.12
2018,6,Gampaha,LK12,1.22464679914735e-16,-1.0,0,1,0,0,296.38297,1082.68093333333,117.322368333333,518.127665,284.06383,171.574433333333,0,7.0873,80.0144,88.57,4.64,26.95,87.01,3.49,3.552521350013511,23.69412940444153,0.25,1,0.25,0.25,27.77,26.48,0.155,-0.083
2018,7,Gampaha,LK12,-0.499999999999999,-0.866025403784438,0,1,0,0,119.319149,1003.68791666666,85.8487483333333,296.38297,518.127665,117.322368333333,0,7.0873,80.0144,89.03,4.27,26.52,88.57,4.64,3.552521350013511,23.69412940444153,0.25,1,0.25,0.25,27.42,27.31,0.053,0.122
2018,8,Gampaha,LK12,-0.866025403784438,-0.5,0,1,0,0,135.723408,695.078,108.767350333333,119.319149,296.38297,85.8487483333333,0,7.0873,80.0144,89.23,4.26,25.84,89.03,4.27,3.552521350013511,23.69412940444153,0.25,1,0.25,0.25,26.94,27.73,0.121,0.155
2018,9,Gampaha,LK12,-1.0,-1.83697019872102e-16,0,1,0,0,188.765958,419.248253333333,79.650031,135.723408,119.319149,108.767350333333,0,7.0873,80.0144,83.6,3.42,25.45,89.23,4.26,3.552521350013511,23.69412940444153,0.25,1,0.25,0.25,27.19,27.77,0.604,0.053
2018,10,Gampaha,LK12,-0.866025403784438,0.5,0,0,1,0,620.25531,809.297866666666,158.083248,188.765958,135.723408,79.650031,0,7.0873,80.0144,86.26,2.49,26.19,83.6,3.42,3.552521350013511,23.69412940444153,0.25,1,0.25,0.25,27.62,27.42,0.684,0.121
2018,11,Gampaha,LK12,-0.5,0.866025403784438,0,0,1,0,333.957453,1086.46813333333,96.2856499999999,620.25531,188.765958,158.083248,0,7.0873,80.0144,84.62,2.51,25.99,86.26,2.49,3.552521350013511,23.69412940444153,0.0,0,0.0,0.25,27.61,26.94,0.5,0.604
2018,12,Gampaha,LK12,-2.4492935982947e-16,1.0,0,0,0,1,76.6595749999999,1100.2199,58.3780419999999,333.957453,620.25531,96.2856499999999,0,7.0873,80.0144,83.27,3.02,26.14,84.62,2.51,3.552521350013511,23.69412940444153,0.25,1,0.25,0.0,27.49,27.19,0.309,0.684
2019,1,Gampaha,LK12,0.499999999999999,0.866025403784438,0,0,0,1,17.5744674999999,596.624103333333,33.079501,76.6595749999999,333.957453,58.3780419999999,1,7.0873,80.0144,79.86,3.68,25.56,83.27,3.02,3.5952196306593294,24.00108961174512,0.0,0,0.0,0.25,27.19,27.62,0.387,0.5
2019,2,Gampaha,LK12,0.866025403784438,0.5,0,0,0,1,128.44681,317.184396666666,135.631062666666,17.5744674999999,76.6595749999999,33.079501,0,7.0873,80.0144,79.14,2.48,25.35,79.86,3.68,3.5952196306593294,24.00108961174512,0.5,2,0.5,0.0,27.46,27.61,0.416,0.309
2019,3,Gampaha,LK12,1.0,6.12323399573676e-17,1,0,0,0,58.595743,213.64538,48.1153356666666,128.44681,17.5744674999999,135.631062666666,0,7.0873,80.0144,72.53,1.68,26.68,79.14,2.48,3.5952196306593294,24.00108961174512,0.0,0,0.0,0.5,28.09,27.49,0.225,0.387
2019,4,Gampaha,LK12,0.866025403784438,-0.499999999999999,1,0,0,0,217.382981,300.78013,80.3908103333333,58.595743,128.44681,48.1153356666666,0,7.0873,80.0144,76.56,2.17,27.76,72.53,1.68,3.5952196306593294,24.00108961174512,0.0,0,0.0,0.0,28.44,27.19,0.258,0.416
2019,5,Gampaha,LK12,0.499999999999999,-0.866025403784438,0,1,0,0,111.212764999999,355.999989999999,40.5878393333333,217.382981,58.595743,80.3908103333333,0,7.0873,80.0144,83.69,3.88,28.24,76.56,2.17,3.5952196306593294,24.00108961174512,0.0,0,0.0,0.0,28.48,27.46,0.54,0.225
2019,6,Gampaha,LK12,1.22464679914735e-16,-1.0,0,1,0,0,441.085104,664.666653333333,173.89823,111.212764999999,217.382981,40.5878393333333,0,7.0873,80.0144,83.63,4.62,27.87,83.69,3.88,3.5952196306593294,24.00108961174512,0.0,0,0.0,0.0,28.18,28.09,0.605,0.258
2019,7,Gampaha,LK12,-0.499999999999999,-0.866025403784438,0,1,0,0,162.595749,778.16315,112.257520666666,441.085104,111.212764999999,173.89823,0,7.0873,80.0144,83.75,4.11,27.67,83.63,4.62,3.5952196306593294,24.00108961174512,0.0,0,0.0,0.0,27.64,28.44,0.597,0.54
2019,8,Gampaha,LK12,-0.866025403784438,-0.5,0,1,0,0,324.59574,854.255326666666,260.499573333333,162.595749,441.085104,112.257520666666,0,7.0873,80.0144,84.51,4.55,26.9,83.75,4.11,3.5952196306593294,24.00108961174512,0.0,0,0.0,0.0,26.9,28.48,0.436,0.605
2019,9,Gampaha,LK12,-1.0,-1.83697019872102e-16,0,1,0,0,424.063821999999,856.063833333333,178.71589,324.59574,162.595749,260.499573333333,1,7.0873,80.0144,85.64,3.59,26.51,84.51,4.55,3.5952196306593294,24.00108961174512,0.0,0,0.0,0.0,26.75,28.18,0.892,0.597
2019,10,Gampaha,LK12,-0.866025403784438,0.5,0,0,1,0,515.2766,1147.97873333333,127.259353333333,424.063821999999,324.59574,178.71589,1,7.0873,80.0144,86.69,2.54,26.41,85.64,3.59,3.5952196306593294,24.00108961174512,0.0,0,0.0,0.0,27.2,27.64,0.964,0.436
2019,11,Gampaha,LK12,-0.5,0.866025403784438,0,0,1,0,342.4468,1271.60283333333,101.161786666666,515.2766,424.063821999999,127.259353333333,1,7.0873,80.0144,84.42,1.98,26.02,86.69,2.54,3.5952196306593294,24.00108961174512,0.25,1,0.25,0.0,27.22,26.9,0.835,0.892
2019,12,Gampaha,LK12,-2.4492935982947e-16,1.0,0,0,0,1,153.70213,1153.156,101.889371333333,342.4468,515.2766,101.161786666666,1,7.0873,80.0144,84.41,2.52,26.62,84.42,1.98,3.5952196306593294,24.00108961174512,0.5,2,0.5,0.25,27.12,26.75,0.243,0.964
2020,1,Gampaha,LK12,0.499999999999999,0.866025403784438,0,0,0,1,21.2127667,673.950316666666,35.9618923333333,153.70213,342.4468,101.889371333333,1,7.0873,80.0144,80.3,2.85,26.21,84.41,2.52,3.637917911305147,24.30804981904872,0.5,2,0.5,0.5,27.15,27.2,0.173,0.835
2020,2,Gampaha,LK12,0.866025403784438,0.5,0,0,0,1,15.06383,315.971656666666,29.910712,21.2127667,153.70213,35.9618923333333,0,7.0873,80.0144,77.31,2.88,26.07,80.3,2.85,3.637917911305147,24.30804981904872,0.25,1,0.25,0.5,27.12,27.22,0.054,0.243
2020,3,Gampaha,LK12,1.0,6.12323399573676e-17,1,0,0,0,64.765956,114.787236666666,51.580599,15.06383,21.2127667,29.910712,0,7.0873,80.0144,72.73,1.57,26.52,77.31,2.88,3.637917911305147,24.30804981904872,0.25,1,0.25,0.25,27.76,27.12,0.019,0.173
2020,4,Gampaha,LK12,0.866025403784438,-0.499999999999999,1,0,0,0,150.063836,171.092193333333,57.561358,64.765956,15.06383,51.580599,0,7.0873,80.0144,77.39,1.94,28.02,72.73,1.57,3.637917911305147,24.30804981904872,0.0,0,0.0,0.25,28.18,27.15,-0.011,0.054
2020,5,Gampaha,LK12,0.499999999999999,-0.866025403784438,0,1,0,0,410.34043,502.88651,137.386858333333,150.063836,64.765956,57.561358,0,7.0873,80.0144,85.41,3.49,28.38,77.39,1.94,3.637917911305147,24.30804981904872,0.0,0,0.0,0.0,27.66,27.12,0.298,0.019
2020,6,Gampaha,LK12,1.22464679914735e-16,-1.0,0,1,0,0,214.042555,728.794303333333,87.9830086666666,410.34043,150.063836,137.386858333333,0,7.0873,80.0144,85.28,4.26,27.72,85.41,3.49,3.637917911305147,24.30804981904872,0.0,0,0.0,0.0,27.39,27.76,0.455,-0.011
2020,7,Gampaha,LK12,-0.499999999999999,-0.866025403784438,0,1,0,0,206.319143,825.60993,141.581749999999,214.042555,410.34043,87.9830086666666,0,7.0873,80.0144,86.2,3.86,27.06,85.28,4.26,3.637917911305147,24.30804981904872,0.0,0,0.0,0.0,26.99,28.18,0.319,0.298
2020,8,Gampaha,LK12,-0.866025403784438,-0.5,0,1,0,0,126.127658,643.106433333333,118.244604999999,206.319143,214.042555,141.581749999999,0,7.0873,80.0144,86.62,3.85,26.29,86.2,3.86,3.637917911305147,24.30804981904872,0.0,0,0.0,0.0,26.26,27.66,-0.183,0.455
2020,9,Gampaha,LK12,-1.0,-1.83697019872102e-16,0,1,0,0,376.29787,658.787246666666,163.087183333333,126.127658,206.319143,118.244604999999,0,7.0873,80.0144,86.79,4.21,26.35,86.62,3.85,3.637917911305147,24.30804981904872,0.25,1,0.25,0.0,25.89,27.39,-0.189,0.319
2020,10,Gampaha,LK12,-0.866025403784438,0.5,0,0,1,0,164.617024,682.30496,42.2817326666666,376.29787,126.127658,163.087183333333,0,7.0873,80.0144,85.34,3.74,26.18,86.79,4.21,3.637917911305147,24.30804981904872,0.0,0,0.0,0.25,25.46,26.99,0.074,-0.183
2020,11,Gampaha,LK12,-0.5,0.866025403784438,0,0,1,0,257.723405,765.567343333333,77.3451066666666,164.617024,376.29787,42.2817326666666,0,7.0873,80.0144,84.02,2.31,26.43,85.34,3.74,3.637917911305147,24.30804981904872,0.25,1,0.25,0.0,25.28,26.26,0.02,-0.189
2020,12,Gampaha,LK12,-2.4492935982947e-16,1.0,0,0,0,1,158.191495,647.163086666666,108.873593333333,257.723405,164.617024,77.3451066666666,0,7.0873,80.0144,84.4,3.16,26.64,84.02,2.31,3.637917911305147,24.30804981904872,0.25,1,0.25,0.25,25.44,25.89,0.031,0.074
2021,1,Gampaha,LK12,0.499999999999999,0.866025403784438,0,0,0,1,129.148942,573.035436666666,141.700343333333,158.191495,257.723405,108.873593333333,0,7.0873,80.0144,84.12,2.66,25.96,84.4,3.16,3.680616191950965,24.61501002635231,0.25,1,0.25,0.25,25.55,25.46,0.051,0.02
2021,2,Gampaha,LK12,0.866025403784438,0.5,0,0,0,1,35.2340437,367.843993333333,52.352039,129.148942,158.191495,141.700343333333,0,7.0873,80.0144,81.08,3.34,25.6,84.12,2.66,3.680616191950965,24.61501002635231,0.25,1,0.25,0.25,25.75,25.28,0.243,0.031
2021,3,Gampaha,LK12,1.0,6.12323399573676e-17,1,0,0,0,185.61702,326.44682,127.97613,35.2340437,129.148942,52.352039,1,7.0873,80.0144,76.18,1.73,25.87,81.08,3.34,3.680616191950965,24.61501002635231,0.25,1,0.25,0.25,26.48,25.44,0.267,0.051
2021,4,Gampaha,LK12,0.866025403784438,-0.499999999999999,1,0,0,0,148.914891,323.106406666666,56.784281,185.61702,35.2340437,127.97613,1,7.0873,80.0144,82.86,2.42,26.91,76.18,1.73,3.680616191950965,24.61501002635231,0.5,2,0.5,0.25,27.1,25.55,0.25,0.243
2021,5,Gampaha,LK12,0.499999999999999,-0.866025403784438,0,1,0,0,528.17021,685.42554,174.9605,148.914891,185.61702,56.784281,0,7.0873,80.0144,86.38,3.54,27.39,82.86,2.42,3.680616191950965,24.61501002635231,0.0,0,0.0,0.5,27.47,25.75,0.009,0.267
2021,6,Gampaha,LK12,1.22464679914735e-16,-1.0,0,1,0,0,382.723386,1082.58866666666,144.225951999999,528.17021,148.914891,174.9605,0,7.0873,80.0144,87.33,4.21,27.29,86.38,3.54,3.680616191950965,24.61501002635231,0.0,0,0.0,0.0,27.45,26.48,-0.002,0.25
2021,7,Gampaha,LK12,-0.499999999999999,-0.866025403784438,0,1,0,0,221.787236,1160.5815,149.687535333333,382.723386,528.17021,144.225951999999,0,7.0873,80.0144,88.22,4.49,26.71,87.33,4.21,3.680616191950965,24.61501002635231,0.0,0,0.0,0.0,26.9,27.1,-0.229,0.009
2021,8,Gampaha,LK12,-0.866025403784438,-0.5,0,1,0,0,182.319147,904.248233333333,143.016006666666,221.787236,382.723386,149.687535333333,0,7.0873,80.0144,87.92,4.19,26.36,88.22,4.49,3.680616191950965,24.61501002635231,0.0,0,0.0,0.0,26.32,27.47,-0.099,-0.002
2021,9,Gampaha,LK12,-1.0,-1.83697019872102e-16,0,1,0,0,294.595744999999,628.978736666666,125.116278666666,182.319147,221.787236,143.016006666666,0,7.0873,80.0144,87.12,4.25,26.1,87.92,4.19,3.680616191950965,24.61501002635231,0.0,0,0.0,0.0,26.17,27.45,-0.058,-0.229
2021,10,Gampaha,LK12,-0.866025403784438,0.5,0,0,1,0,487.893635,827.19859,120.132213333333,294.595744999999,182.319147,125.116278666666,0,7.0873,80.0144,87.23,3.43,26.48,87.12,4.25,3.680616191950965,24.61501002635231,0.0,0,0.0,0.0,25.77,26.9,-0.091,-0.099
2021,11,Gampaha,LK12,-0.5,0.866025403784438,0,0,1,0,496.404256,1206.6667,141.893306666666,487.893635,294.595744999999,120.132213333333,0,7.0873,80.0144,87.36,3.23,26.28,87.23,3.43,3.680616191950965,24.61501002635231,0.0,0,0.0,0.0,25.76,26.32,0.069,-0.058
2021,12,Gampaha,LK12,-2.4492935982947e-16,1.0,0,0,0,1,90.595744,1183.29783333333,61.7948923333333,496.404256,487.893635,141.893306666666,1,7.0873,80.0144,83.06,2.88,25.91,87.36,3.23,3.680616191950965,24.61501002635231,0.25,1,0.25,0.0,25.54,26.17,-0.12,-0.091
2022,1,Gampaha,LK12,0.499999999999999,0.866025403784438,0,0,0,1,33.8510629999999,798.028423333333,47.957574,90.595744,496.404256,61.7948923333333,1,7.0873,80.0144,81.7,2.97,25.95,83.06,2.88,3.7233144725967833,24.9219702336559,0.75,3,0.75,0.25,25.6,25.77,-0.056,0.069
2022,2,Gampaha,LK12,0.866025403784438,0.5,0,0,0,1,106.74468,336.51774,124.611532666666,33.8510629999999,90.595744,47.957574,1,7.0873,80.0144,78.98,2.79,25.98,81.7,2.97,3.7233144725967833,24.9219702336559,0.75,3,0.75,0.75,25.86,25.76,-0.082,-0.12
2022,3,Gampaha,LK12,1.0,6.12323399573676e-17,1,0,0,0,94.1276599999999,211.524816666666,69.837889,106.74468,33.8510629999999,124.611532666666,0,7.0873,80.0144,80.14,2.85,25.89,78.98,2.79,3.7233144725967833,24.9219702336559,0.75,3,0.75,0.75,26.31,25.54,-0.093,-0.056
2022,4,Gampaha,LK12,0.866025403784438,-0.499999999999999,1,0,0,0,392.255303999999,484.808533333333,146.126806666666,94.1276599999999,106.74468,69.837889,0,7.0873,80.0144,84.82,2.19,27.0,80.14,2.85,3.7233144725967833,24.9219702336559,0.0,0,0.0,0.75,26.7,25.6,-0.068,-0.082
2022,5,Gampaha,LK12,0.499999999999999,-0.866025403784438,0,1,0,0,365.02128,734.53192,121.892186666666,392.255303999999,94.1276599999999,146.126806666666,0,7.0873,80.0144,87.44,4.78,27.12,84.82,2.19,3.7233144725967833,24.9219702336559,0.0,0,0.0,0.0,26.82,25.86,-0.122,-0.093
2022,6,Gampaha,LK12,1.22464679914735e-16,-1.0,0,1,0,0,172.340429,912.04964,73.7345033333333,365.02128,392.255303999999,121.892186666666,0,7.0873,80.0144,87.74,4.31,27.22,87.44,4.78,3.7233144725967833,24.9219702336559,0.25,1,0.25,0.0,26.98,26.31,-0.335,-0.068
2022,7,Gampaha,LK12,-0.499999999999999,-0.866025403784438,0,1,0,0,177.808511,736.482353333333,126.59608,172.340429,365.02128,73.7345033333333,0,7.0873,80.0144,87.07,4.08,26.46,87.74,4.31,3.7233144725967833,24.9219702336559,0.0,0,0.0,0.25,26.6,26.7,-0.195,-0.122
2022,8,Gampaha,LK12,-0.866025403784438,-0.5,0,1,0,0,225.659569999999,643.75178,182.179110666666,177.808511,172.340429,126.59608,0,7.0873,80.0144,87.86,4.54,26.01,87.07,4.08,3.7233144725967833,24.9219702336559,0.0,0,0.0,0.0,25.88,26.82,-0.246,-0.335
2022,9,Gampaha,LK12,-1.0,-1.83697019872102e-16,0,1,0,0,167.191491,601.609903333333,79.265998,225.659569999999,177.808511,182.179110666666,0,7.0873,80.0144,86.62,4.07,25.75,87.86,4.54,3.7233144725967833,24.9219702336559,0.0,0,0.0,0.0,25.65,26.98,-0.322,-0.195
2022,10,Gampaha,LK12,-0.866025403784438,0.5,0,0,1,0,476.702109999999,765.616986666666,111.28275,167.191491,225.659569999999,79.265998,0,7.0873,80.0144,85.95,3.66,26.03,86.62,4.07,3.7233144725967833,24.9219702336559,0.0,0,0.0,0.0,25.73,26.6,-0.691,-0.246
2022,11,Gampaha,LK12,-0.5,0.866025403784438,0,0,1,0,264.12767,946.36885,78.1177663333333,476.702109999999,167.191491,111.28275,0,7.0873,80.0144,83.46,2.62,25.97,85.95,3.66,3.7233144725967833,24.9219702336559,0.0,0,0.0,0.0,25.8,25.88,-0.269,-0.322
2022,12,Gampaha,LK12,-2.4492935982947e-16,1.0,0,0,0,1,227.234042999999,923.56029,150.309409999999,264.12767,476.702109999999,78.1177663333333,0,7.0873,80.0144,84.14,3.32,25.8,83.46,2.62,3.7233144725967833,24.9219702336559,0.0,0,0.0,0.0,25.75,25.65,-0.091,-0.691
2023,1,Gampaha,LK12,0.499999999999999,0.866025403784438,0,0,0,1,72.6382979999999,734.659566666666,87.2839886666666,227.234042999999,264.12767,150.309409999999,0,7.0873,80.0144,82.73,3.94,25.64,84.14,3.32,3.766012753242601,25.22893044095949,0.0,0,0.0,0.0,25.83,25.73,0.11,-0.269
2023,2,Gampaha,LK12,0.866025403784438,0.5,0,0,0,1,92.765958,422.574476666666,106.512003333333,72.6382979999999,227.234042999999,87.2839886666666,0,7.0873,80.0144,81.46,3.56,24.72,82.73,3.94,3.766012753242601,25.22893044095949,0.0,0,0.0,0.0,26.29,25.8,0.157,-0.091
2023,3,Gampaha,LK12,1.0,6.12323399573676e-17,1,0,0,0,219.531918,365.843986666666,149.9784,92.765958,72.6382979999999,106.512003333333,0,7.0873,80.0144,79.72,2.16,25.43,81.46,3.56,3.766012753242601,25.22893044095949,0.0,0,0.0,0.0,27.17,25.75,0.414,0.11
2023,4,Gampaha,LK12,0.866025403784438,-0.499999999999999,1,0,0,0,251.191485,507.765986666666,94.662458,219.531918,92.765958,149.9784,0,7.0873,80.0144,79.51,1.76,27.08,79.72,2.16,3.766012753242601,25.22893044095949,0.0,0,0.0,0.0,27.96,25.83,0.56,0.157
2023,5,Gampaha,LK12,0.499999999999999,-0.866025403784438,0,1,0,0,477.765964,907.297833333333,161.078720666666,251.191485,219.531918,94.662458,0,7.0873,80.0144,85.45,3.54,27.87,79.51,1.76,3.766012753242601,25.22893044095949,0.0,0,0.0,0.0,28.39,26.29,0.443,0.414
2023,6,Gampaha,LK12,1.22464679914735e-16,-1.0,0,1,0,0,428.021269999999,1085.45388666666,174.061169999999,477.765964,251.191485,161.078720666666,0,7.0873,80.0144,86.75,4.58,27.5,85.45,3.54,3.766012753242601,25.22893044095949,0.0,0,0.0,0.0,28.57,27.17,0.665,0.56
2023,7,Gampaha,LK12,-0.499999999999999,-0.866025403784438,0,1,0,0,115.276594,1079.81561333333,82.3203583333333,428.021269999999,477.765964,174.061169999999,0,7.0873,80.0144,87.55,4.17,27.24,86.75,4.58,3.766012753242601,25.22893044095949,0.0,0,0.0,0.0,28.32,27.96,0.498,0.443
2023,8,Gampaha,LK12,-0.866025403784438,-0.5,0,1,0,0,129.744683,675.3617,102.689953,115.276594,428.021269999999,82.3203583333333,0,7.0873,80.0144,84.95,4.01,26.62,87.55,4.17,3.766012753242601,25.22893044095949,0.0,0,0.0,0.0,28.2,28.39,0.826,0.665
2023,9,Gampaha,LK12,-1.0,-1.83697019872102e-16,0,1,0,0,356.21278,635.695053333333,152.483743333333,129.744683,115.276594,102.689953,0,7.0873,80.0144,86.06,4.35,26.95,84.95,4.01,3.766012753242601,25.22893044095949,0.0,0,0.0,0.0,28.32,28.57,0.946,0.498
2023,10,Gampaha,LK12,-0.866025403784438,0.5,0,0,1,0,580.76596,910.75178,145.4971,356.21278,129.744683,152.483743333333,0,7.0873,80.0144,86.95,2.72,26.57,86.06,4.35,3.766012753242601,25.22893044095949,0.0,0,0.0,0.0,28.44,28.32,0.804,0.826
2023,11,Gampaha,LK12,-0.5,0.866025403784438,0,0,1,0,548.617,1402.93613333333,156.689155333333,580.76596,356.21278,145.4971,0,7.0873,80.0144,85.26,1.88,26.27,86.95,2.72,3.766012753242601,25.22893044095949,0.0,0,0.0,0.0,28.72,28.2,0.92,0.946
2023,12,Gampaha,LK12,-2.4492935982947e-16,1.0,0,0,0,1,273.65957,1464.24106666666,173.181429999999,548.617,580.76596,156.689155333333,0,7.0873,80.0144,87.21,3.01,26.69,85.26,1.88,3.766012753242601,25.22893044095949,0.0,0,0.0,0.0,28.62,28.32,0.852,0.804
2024,1,Gampaha,LK12,0.499999999999999,0.866025403784438,0,0,0,1,141.382984,1131.99303333333,148.23958,273.65957,548.617,173.181429999999,0,7.0873,80.0144,83.63,3.09,26.59,87.21,3.01,3.8087110338884194,25.535890648263088,0.0,0,0.0,0.0,28.35,28.44,0.765,0.92
2024,2,Gampaha,LK12,0.866025403784438,0.5,0,0,0,1,35.8723397,588.503546666666,50.263586,141.382984,273.65957,148.23958,0,7.0873,80.0144,82.13,3.33,25.94,83.63,3.09,3.8087110338884194,25.535890648263088,0.5,2,0.5,0.0,28.27,28.72,0.327,0.852
2024,3,Gampaha,LK12,1.0,6.12323399573676e-17,1,0,0,0,37.8297866,263.89362,33.8773933333333,35.8723397,141.382984,50.263586,0,7.0873,80.0144,74.15,1.68,26.69,82.13,3.33,3.8087110338884194,25.535890648263088,0.5,2,0.5,0.5,28.41,28.62,0.421,0.765
2024,4,Gampaha,LK12,0.866025403784438,-0.499999999999999,1,0,0,0,226.97872,222.624106666666,85.5331669999999,37.8297866,35.8723397,33.8773933333333,0,7.0873,80.0144,79.65,1.78,27.88,74.15,1.68,3.8087110338884194,25.535890648263088,0.5,2,0.5,0.5,28.59,28.35,0.44,0.327
2024,5,Gampaha,LK12,0.499999999999999,-0.866025403784438,0,1,0,0,395.851065,519.085116666666,132.17313,226.97872,37.8297866,85.5331669999999,0,7.0873,80.0144,85.11,3.95,28.83,79.65,1.78,3.8087110338884194,25.535890648263088,0.0,0,0.0,0.5,28.16,28.27,0.298,0.421
2024,6,Gampaha,LK12,1.22464679914735e-16,-1.0,0,1,0,0,178.702126,761.18445,74.4154966666666,395.851065,226.97872,132.17313,0,7.0873,80.0144,87.36,4.39,28.19,85.11,3.95,3.8087110338884194,25.535890648263088,0.0,0,0.0,0.0,27.9,28.41,0.197,0.44
2024,7,Gampaha,LK12,-0.499999999999999,-0.866025403784438,0,1,0,0,111.255319,741.531943333333,80.46148,178.702126,395.851065,74.4154966666666,0,7.0873,80.0144,86.78,3.87,27.23,87.36,4.39,3.8087110338884194,25.535890648263088,0.0,0,0.0,0.0,27.34,28.59,0.033,0.298
2024,8,Gampaha,LK12,-0.866025403784438,-0.5,0,1,0,0,159.595737999999,542.879433333333,122.3719,111.255319,178.702126,80.46148,0,7.0873,80.0144,86.39,3.98,26.99,86.78,3.87,3.8087110338884194,25.535890648263088,0.0,0,0.0,0.0,26.73,28.16,0.267,0.197
2024,9,Gampaha,LK12,-1.0,-1.83697019872102e-16,0,1,0,0,135.106384,430.893593333333,63.9278456666666,159.595737999999,111.255319,122.3719,0,7.0873,80.0144,85.73,4.14,26.73,86.39,3.98,3.8087110338884194,25.535890648263088,0.0,0,0.0,0.0,26.45,27.9,0.115,0.033
2024,10,Gampaha,LK12,-0.866025403784438,0.5,0,0,1,0,461.95744,651.014183333333,117.19084,135.106384,159.595737999999,63.9278456666666,0,7.0873,80.0144,86.77,3.21,27.16,85.73,4.14,3.8087110338884194,25.535890648263088,0.0,0,0.0,0.0,26.44,27.34,-0.196,0.267
2024,11,Gampaha,LK12,-0.5,0.866025403784438,0,0,1,0,452.93617,943.4681,131.505433333333,461.95744,135.106384,117.19084,0,7.0873,80.0144,85.21,3.05,26.69,86.77,3.21,3.8087110338884194,25.535890648263088,0.5,2,0.5,0.0,26.45,26.73,-0.382,0.115
2024,12,Gampaha,LK12,-2.4492935982947e-16,1.0,0,0,0,1,105.702126,1013.53900666666,76.4645786666666,452.93617,461.95744,131.505433333333,0,7.0873,80.0144,84.17,2.72,26.66,85.21,3.05,3.8087110338884194,25.535890648263088,0.5,2,0.5,0.5,26.0,26.45,-0.331,-0.196
2017,1,Kalutara,LK13,0.499999999999999,0.866025403784438,0,0,0,1,153.8461537,631.038439999999,112.69954,226.10165,427.475274285714,100.799722238095,0,6.5854,80.1794,77.22,2.7,26.41857142857143,82.99142857142859,2.45,6.7566874015858005,15.574107509307147,0.0,0,0.0,0.0,26.12,25.98,-0.086,-0.382
2017,2,Kalutara,LK13,0.866025403784438,0.5,0,0,0,1,102.8846147,442.653833333333,94.5410956666666,153.8461537,226.10165,112.69954,0,6.5854,80.1794,75.1,1.94,25.52,77.22,2.7,6.7566874015858005,15.574107509307147,0.3333,1,0.3333,0.0,26.67,25.94,0.101,-0.31
2017,3,Kalutara,LK13,1.0,6.12323399573676e-17,1,0,0,0,265.44231,473.044883333333,144.718056666666,102.8846147,153.8461537,94.5410956666666,0,6.5854,80.1794,81.49,1.98,26.16,75.1,1.94,6.7566874015858005,15.574107509307147,0.0,0,0.0,0.3333,27.32,26.1,0.357,-0.086
2017,4,Kalutara,LK13,0.866025403784438,-0.499999999999999,1,0,0,0,178.807692,602.60259,62.0007326666666,265.44231,102.8846147,144.718056666666,0,6.5854,80.1794,83.65,2.98,26.93,81.49,1.98,6.7566874015858005,15.574107509307147,0.0,0,0.0,0.0,28.03,26.12,0.498,0.101
2017,5,Kalutara,LK13,0.499999999999999,-0.866025403784438,0,1,0,0,641.23078,851.006386666666,137.820412,178.807692,265.44231,62.0007326666666,0,6.5854,80.1794,84.99,3.87,27.7,83.65,2.98,6.7566874015858005,15.574107509307147,0.0,0,0.0,0.0,28.3,26.67,0.536,0.357
2017,6,Kalutara,LK13,1.22464679914735e-16,-1.0,0,1,0,0,250.63461,1080.26283333333,83.0379946666666,641.23078,178.807692,137.820412,0,6.5854,80.1794,87.12,4.48,27.56,84.99,3.87,6.7566874015858005,15.574107509307147,0.0,0,0.0,0.0,28.06,27.32,0.424,0.498
2017,7,Kalutara,LK13,-0.499999999999999,-0.866025403784438,0,1,0,0,154.038457,1030.45513333333,77.1131266666666,250.63461,641.23078,83.0379946666666,0,6.5854,80.1794,85.85,4.49,26.82,87.12,4.48,6.7566874015858005,15.574107509307147,0.0,0,0.0,0.0,27.54,28.03,0.52,0.536
2017,8,Kalutara,LK13,-0.866025403784438,-0.5,0,1,0,0,278.11539,876.307716666666,147.97614,154.038457,250.63461,77.1131266666666,0,6.5854,80.1794,86.45,4.61,26.91,85.85,4.49,6.7566874015858005,15.574107509307147,0.0,0,0.0,0.0,26.7,28.3,0.349,0.424
2017,9,Kalutara,LK13,-1.0,-1.83697019872102e-16,0,1,0,0,478.23077,887.262833333333,134.2542,278.11539,154.038457,147.97614,0,6.5854,80.1794,86.24,4.23,26.63,86.45,4.61,6.7566874015858005,15.574107509307147,0.0,0,0.0,0.0,26.29,28.06,0.035,0.52
2017,10,Kalutara,LK13,-0.866025403784438,0.5,0,0,1,0,384.596149999999,1062.50643333333,88.1911333333333,478.23077,278.11539,134.2542,0,6.5854,80.1794,86.32,3.65,26.53,86.24,4.23,6.7566874015858005,15.574107509307147,0.0,0,0.0,0.0,26.15,27.54,0.015,0.349
2017,11,Kalutara,LK13,-0.5,0.866025403784438,0,0,1,0,488.711543,1246.5576,118.537796666666,384.596149999999,478.23077,88.1911333333333,0,6.5854,80.1794,85.13,2.79,26.76,86.32,3.65,6.7566874015858005,15.574107509307147,0.0,0,0.0,0.0,25.74,26.7,0.289,0.035
2017,12,Kalutara,LK13,-2.4492935982947e-16,1.0,0,0,0,1,173.48077,1097.89099999999,80.051592,488.711543,384.596149999999,118.537796666666,0,6.5854,80.1794,82.09,2.36,26.44,85.13,2.79,6.7566874015858005,15.574107509307147,0.0,0,0.0,0.0,25.62,26.29,0.11,0.015
2018,1,Kalutara,LK13,0.499999999999999,0.866025403784438,0,0,0,1,53.711538,823.230766666666,46.5881019999999,173.48077,488.711543,80.051592,0,6.5854,80.1794,77.5,2.32,26.18,82.09,2.36,6.779043737287669,15.725573320820653,0.0,0,0.0,0.0,25.57,26.15,-0.2,0.289
2018,2,Kalutara,LK13,0.866025403784438,0.5,0,0,0,1,111.826923,501.756443333333,97.2916999999999,53.711538,173.48077,46.5881019999999,0,6.5854,80.1794,78.72,1.67,25.68,77.5,2.32,6.779043737287669,15.725573320820653,0.0,0,0.0,0.0,25.97,25.74,0.216,0.11
2018,3,Kalutara,LK13,1.0,6.12323399573676e-17,1,0,0,0,249.59616,397.333343333333,139.605021666666,111.826923,53.711538,97.2916999999999,0,6.5854,80.1794,80.72,1.9,26.43,78.72,1.67,6.779043737287669,15.725573320820653,0.0,0,0.0,0.0,26.48,25.62,-0.12,-0.2
2018,4,Kalutara,LK13,0.866025403784438,-0.499999999999999,1,0,0,0,346.75,604.16028,111.69409,249.59616,111.826923,139.605021666666,0,6.5854,80.1794,83.07,2.0,27.17,80.72,1.9,6.779043737287669,15.725573320820653,0.0,0,0.0,0.0,27.31,25.57,-0.083,0.216
2018,5,Kalutara,LK13,0.499999999999999,-0.866025403784438,0,1,0,0,737.94232,1111.0513,157.176616666666,346.75,249.59616,111.69409,0,6.5854,80.1794,86.85,3.55,27.51,83.07,2.0,6.779043737287669,15.725573320820653,0.0,0,0.0,0.0,27.73,25.97,0.122,-0.12
2018,6,Kalutara,LK13,1.22464679914735e-16,-1.0,0,1,0,0,377.346149999999,1448.22443333333,117.512549999999,737.94232,346.75,157.176616666666,0,6.5854,80.1794,88.06,4.73,27.14,86.85,3.55,6.779043737287669,15.725573320820653,0.0,0,0.0,0.0,27.77,26.48,0.155,-0.083
2018,7,Kalutara,LK13,-0.499999999999999,-0.866025403784438,0,1,0,0,178.96154,1372.1539,86.824207,377.346149999999,737.94232,117.512549999999,0,6.5854,80.1794,89.04,4.47,26.79,88.06,4.73,6.779043737287669,15.725573320820653,0.0,0,0.0,0.0,27.42,27.31,0.053,0.122
2018,8,Kalutara,LK13,-0.866025403784438,-0.5,0,1,0,0,261.769237,985.032056666666,138.302326666666,178.96154,377.346149999999,86.824207,0,6.5854,80.1794,89.21,4.48,26.15,89.04,4.47,6.779043737287669,15.725573320820653,0.0,0,0.0,0.0,26.94,27.73,0.121,0.155
2018,9,Kalutara,LK13,-1.0,-1.83697019872102e-16,0,1,0,0,350.38462,689.858966666666,89.470924,261.769237,178.96154,138.302326666666,0,6.5854,80.1794,84.4,3.48,25.76,89.21,4.48,6.779043737287669,15.725573320820653,0.0,0,0.0,0.0,27.19,27.77,0.604,0.053
2018,10,Kalutara,LK13,-0.866025403784438,0.5,0,0,1,0,658.46155,1140.8205,157.068271333333,350.38462,261.769237,89.470924,0,6.5854,80.1794,86.69,2.84,26.34,84.4,3.48,6.779043737287669,15.725573320820653,0.0,0,0.0,0.0,27.62,27.42,0.684,0.121
2018,11,Kalutara,LK13,-0.5,0.866025403784438,0,0,1,0,397.15384,1375.61543333333,97.4535013333333,658.46155,350.38462,157.068271333333,0,6.5854,80.1794,84.89,2.39,26.18,86.69,2.84,6.779043737287669,15.725573320820653,0.0,0,0.0,0.0,27.61,26.94,0.5,0.604
2018,12,Kalutara,LK13,-2.4492935982947e-16,1.0,0,0,0,1,111.98077,1320.01276666666,54.4157736666666,397.15384,658.46155,97.4535013333333,0,6.5854,80.1794,81.61,2.57,26.41,84.89,2.39,6.779043737287669,15.725573320820653,0.0,0,0.0,0.0,27.49,27.19,0.309,0.684
2019,1,Kalutara,LK13,0.499999999999999,0.866025403784438,0,0,0,1,40.3076924999999,717.35259,38.2861406666666,111.98077,397.15384,54.4157736666666,0,6.5854,80.1794,79.75,2.85,26.14,81.61,2.57,6.801400072989538,15.877039132334154,0.0,0,0.0,0.0,27.19,27.62,0.387,0.5
2019,2,Kalutara,LK13,0.866025403784438,0.5,0,0,0,1,173.461541,422.326946666666,133.395753333333,40.3076924999999,111.98077,38.2861406666666,0,6.5854,80.1794,80.37,1.85,26.0,79.75,2.85,6.801400072989538,15.877039132334154,0.0,0,0.0,0.0,27.46,27.61,0.416,0.309
2019,3,Kalutara,LK13,1.0,6.12323399573676e-17,1,0,0,0,78.9230769999999,307.666673333333,49.4978533333333,173.461541,40.3076924999999,133.395753333333,0,6.5854,80.1794,76.8,1.7,26.84,80.37,1.85,6.801400072989538,15.877039132334154,0.0,0,0.0,0.0,28.09,27.49,0.225,0.387
2019,4,Kalutara,LK13,0.866025403784438,-0.499999999999999,1,0,0,0,257.980768,399.532076666666,83.205037,78.9230769999999,173.461541,49.4978533333333,0,6.5854,80.1794,79.87,2.07,27.46,76.8,1.7,6.801400072989538,15.877039132334154,0.0,0,0.0,0.0,28.44,27.19,0.258,0.416
2019,5,Kalutara,LK13,0.499999999999999,-0.866025403784438,0,1,0,0,243.538453,490.551283333333,54.3618876666666,257.980768,78.9230769999999,83.205037,0,6.5854,80.1794,84.97,3.8,27.92,79.87,2.07,6.801400072989538,15.877039132334154,0.0,0,0.0,0.0,28.48,27.46,0.54,0.225
2019,6,Kalutara,LK13,1.22464679914735e-16,-1.0,0,1,0,0,559.26924,937.685933333333,173.4109,243.538453,257.980768,54.3618876666666,0,6.5854,80.1794,84.13,4.65,27.9,84.97,3.8,6.801400072989538,15.877039132334154,0.0,0,0.0,0.0,28.18,28.09,0.605,0.258
2019,7,Kalutara,LK13,-0.499999999999999,-0.866025403784438,0,1,0,0,214.788459,1078.64099999999,101.418974999999,559.26924,243.538453,173.4109,0,6.5854,80.1794,85.16,4.08,27.82,84.13,4.65,6.801400072989538,15.877039132334154,0.0,0,0.0,0.0,27.64,28.44,0.597,0.54
2019,8,Kalutara,LK13,-0.866025403784438,-0.5,0,1,0,0,548.92308,1206.68586666666,278.684833333333,214.788459,559.26924,101.418974999999,0,6.5854,80.1794,84.86,4.56,27.0,85.16,4.08,6.801400072989538,15.877039132334154,0.0,0,0.0,0.0,26.9,28.48,0.436,0.605
2019,9,Kalutara,LK13,-1.0,-1.83697019872102e-16,0,1,0,0,1087.21154,1509.56403333333,281.77167,548.92308,214.788459,278.684833333333,0,6.5854,80.1794,86.2,3.55,26.71,84.86,4.56,6.801400072989538,15.877039132334154,0.0,0,0.0,0.0,26.75,28.18,0.892,0.597
2019,10,Kalutara,LK13,-0.866025403784438,0.5,0,0,1,0,637.346159999999,2117.3975,145.140266666666,1087.21154,548.92308,281.77167,0,6.5854,80.1794,86.65,2.61,26.58,86.2,3.55,6.801400072989538,15.877039132334154,0.0,0,0.0,0.0,27.2,27.64,0.964,0.436
2019,11,Kalutara,LK13,-0.5,0.866025403784438,0,0,1,0,402.78847,2203.39096666666,99.4688299999999,637.346159999999,1087.21154,145.140266666666,0,6.5854,80.1794,84.66,1.81,26.19,86.65,2.61,6.801400072989538,15.877039132334154,0.0,0,0.0,0.0,27.22,26.9,0.835,0.892
2019,12,Kalutara,LK13,-2.4492935982947e-16,1.0,0,0,0,1,227.134617,1677.71156666666,103.620236666666,402.78847,637.346159999999,99.4688299999999,0,6.5854,80.1794,83.28,1.79,26.74,84.66,1.81,6.801400072989538,15.877039132334154,0.0,0,0.0,0.0,27.12,26.75,0.243,0.964
2020,1,Kalutara,LK13,0.499999999999999,0.866025403784438,0,0,0,1,74.5,903.641066666666,60.2209573333333,227.134617,402.78847,103.620236666666,1,6.5854,80.1794,79.27,2.12,26.57,83.28,1.79,6.823756408691406,16.028504943847658,0.0,0,0.0,0.0,27.15,27.2,0.173,0.835
2020,2,Kalutara,LK13,0.866025403784438,0.5,0,0,0,1,36.5769219999999,478.326949999999,39.4400503333333,74.5,227.134617,60.2209573333333,0,6.5854,80.1794,77.61,1.92,26.65,79.27,2.12,6.823756408691406,16.028504943847658,0.0,0,0.0,0.0,27.12,27.22,0.054,0.243
2020,3,Kalutara,LK13,1.0,6.12323399573676e-17,1,0,0,0,70.576923,236.044869999999,45.0828736666666,36.5769219999999,74.5,39.4400503333333,0,6.5854,80.1794,77.33,1.71,26.93,77.61,1.92,6.823756408691406,16.028504943847658,0.0,0,0.0,0.0,27.76,27.12,0.019,0.173
2020,4,Kalutara,LK13,0.866025403784438,-0.499999999999999,1,0,0,0,195.173073999999,232.076926666666,63.176207,70.576923,36.5769219999999,45.0828736666666,0,6.5854,80.1794,80.2,2.06,27.65,77.33,1.71,6.823756408691406,16.028504943847658,0.0,0,0.0,0.0,28.18,27.15,-0.011,0.054
2020,5,Kalutara,LK13,0.499999999999999,-0.866025403784438,0,1,0,0,517.692299999999,623.519216666666,110.888725,195.173073999999,70.576923,63.176207,0,6.5854,80.1794,85.28,3.77,28.17,80.2,2.06,6.823756408691406,16.028504943847658,0.0,0,0.0,0.0,27.66,27.12,0.298,0.019
2020,6,Kalutara,LK13,1.22464679914735e-16,-1.0,0,1,0,0,297.480763,911.839716666666,99.3102433333333,517.692299999999,195.173073999999,110.888725,0,6.5854,80.1794,84.76,4.48,27.96,85.28,3.77,6.823756408691406,16.028504943847658,0.0,0,0.0,0.0,27.39,27.76,0.455,-0.011
2020,7,Kalutara,LK13,-0.499999999999999,-0.866025403784438,0,1,0,0,283.73077,1095.3333,133.23196,297.480763,517.692299999999,99.3102433333333,0,6.5854,80.1794,85.78,4.06,27.4,84.76,4.48,6.823756408691406,16.028504943847658,0.0,0,0.0,0.0,26.99,28.18,0.319,0.298
2020,8,Kalutara,LK13,-0.866025403784438,-0.5,0,1,0,0,211.903850999999,938.782053333333,135.039064333333,283.73077,297.480763,133.23196,1,6.5854,80.1794,86.76,3.89,26.61,85.78,4.06,6.823756408691406,16.028504943847658,0.0,0,0.0,0.0,26.26,27.66,-0.183,0.455
2020,9,Kalutara,LK13,-1.0,-1.83697019872102e-16,0,1,0,0,651.44231,1044.98713333333,175.946646666666,211.903850999999,283.73077,135.039064333333,0,6.5854,80.1794,86.53,4.35,26.6,86.76,3.89,6.823756408691406,16.028504943847658,0.0,0,0.0,0.0,25.89,27.39,-0.189,0.319
2020,10,Kalutara,LK13,-0.866025403784438,0.5,0,0,1,0,158.807693,1062.68586666666,37.9686756666666,651.44231,211.903850999999,175.946646666666,0,6.5854,80.1794,85.92,4.07,26.5,86.53,4.35,6.823756408691406,16.028504943847658,0.0,0,0.0,0.0,25.46,26.99,0.074,-0.183
2020,11,Kalutara,LK13,-0.5,0.866025403784438,0,0,1,0,329.09615,1092.92948333333,82.580216,158.807693,651.44231,37.9686756666666,0,6.5854,80.1794,84.24,2.3,26.67,85.92,4.07,6.823756408691406,16.028504943847658,0.0,0,0.0,0.0,25.28,26.26,0.02,-0.189
2020,12,Kalutara,LK13,-2.4492935982947e-16,1.0,0,0,0,1,204.173083,845.108966666666,93.9119383333333,329.09615,158.807693,82.580216,0,6.5854,80.1794,83.22,2.53,26.87,84.24,2.3,6.823756408691406,16.028504943847658,0.0,0,0.0,0.0,25.44,25.89,0.031,0.074
2021,1,Kalutara,LK13,0.499999999999999,0.866025403784438,0,0,0,1,200.09615,730.224353333333,145.274568666666,204.173083,329.09615,93.9119383333333,0,6.5854,80.1794,83.19,2.16,26.46,83.22,2.53,6.846112744393275,16.17997075536116,0.0,0,0.0,0.0,25.55,25.46,0.051,0.02
2021,2,Kalutara,LK13,0.866025403784438,0.5,0,0,0,1,84.346153,534.974353333333,77.0906519999999,200.09615,204.173083,145.274568666666,0,6.5854,80.1794,80.32,2.5,26.0,83.19,2.16,6.846112744393275,16.17997075536116,0.0,0,0.0,0.0,25.75,25.28,0.243,0.031
2021,3,Kalutara,LK13,1.0,6.12323399573676e-17,1,0,0,0,255.76923,505.987183333333,137.878253333333,84.346153,200.09615,77.0906519999999,0,6.5854,80.1794,78.19,1.57,26.57,80.32,2.5,6.846112744393275,16.17997075536116,0.0,0,0.0,0.0,26.48,25.44,0.267,0.051
2021,4,Kalutara,LK13,0.866025403784438,-0.499999999999999,1,0,0,0,251.134608,522.903853333333,80.0694726666666,255.76923,84.346153,137.878253333333,0,6.5854,80.1794,83.46,2.5,26.88,78.19,1.57,6.846112744393275,16.17997075536116,0.0,0,0.0,0.0,27.1,25.55,0.25,0.243
2021,5,Kalutara,LK13,0.499999999999999,-0.866025403784438,0,1,0,0,643.51924,960.03211,137.94482,251.134608,255.76923,80.0694726666666,0,6.5854,80.1794,85.65,3.75,27.51,83.46,2.5,6.846112744393275,16.17997075536116,0.0,0,0.0,0.0,27.47,25.75,0.009,0.267
2021,6,Kalutara,LK13,1.22464679914735e-16,-1.0,0,1,0,0,440.923077,1372.74359999999,131.671552,643.51924,251.134608,137.94482,0,6.5854,80.1794,86.35,4.49,27.59,85.65,3.75,6.846112744393275,16.17997075536116,0.0,0,0.0,0.0,27.45,26.48,-0.002,0.25
2021,7,Kalutara,LK13,-0.499999999999999,-0.866025403784438,0,1,0,0,346.28847,1469.22436666666,165.501851333333,440.923077,643.51924,131.671552,0,6.5854,80.1794,87.53,4.82,27.06,86.35,4.49,6.846112744393275,16.17997075536116,0.0,0,0.0,0.0,26.9,27.1,-0.229,0.009
2021,8,Kalutara,LK13,-0.866025403784438,-0.5,0,1,0,0,310.980764,1164.94236666666,152.569916666666,346.28847,440.923077,165.501851333333,0,6.5854,80.1794,87.43,4.36,26.71,87.53,4.82,6.846112744393275,16.17997075536116,0.0,0,0.0,0.0,26.32,27.47,-0.099,-0.002
2021,9,Kalutara,LK13,-1.0,-1.83697019872102e-16,0,1,0,0,423.65385,992.711566666666,114.885361333333,310.980764,346.28847,152.569916666666,0,6.5854,80.1794,86.59,4.51,26.4,87.43,4.36,6.846112744393275,16.17997075536116,0.0,0,0.0,0.0,26.17,27.45,-0.058,-0.229
2021,10,Kalutara,LK13,-0.866025403784438,0.5,0,0,1,0,486.61539,1125.14746666666,113.90983,423.65385,310.980764,114.885361333333,1,6.5854,80.1794,87.1,3.68,26.79,86.59,4.51,6.846112744393275,16.17997075536116,0.0,0,0.0,0.0,25.77,26.9,-0.091,-0.099
2021,11,Kalutara,LK13,-0.5,0.866025403784438,0,0,1,0,464.23077,1391.75,113.470695666666,486.61539,423.65385,113.90983,0,6.5854,80.1794,86.31,3.62,26.57,87.1,3.68,6.846112744393275,16.17997075536116,0.0,0,0.0,0.0,25.76,26.32,0.069,-0.058
2021,12,Kalutara,LK13,-2.4492935982947e-16,1.0,0,0,0,1,179.03846,1251.3846,77.5453816666666,464.23077,486.61539,113.470695666666,0,6.5854,80.1794,81.19,2.1,26.32,86.31,3.62,6.846112744393275,16.17997075536116,0.0,0,0.0,0.0,25.54,26.17,-0.12,-0.091
2022,1,Kalutara,LK13,0.499999999999999,0.866025403784438,0,0,0,1,87.499999,894.064099999999,68.314566,179.03846,464.23077,77.5453816666666,1,6.5854,80.1794,80.74,2.18,26.55,81.19,2.1,6.868469080095144,16.331436566874665,0.3333,1,0.3333,0.0,25.6,25.77,-0.056,0.069
2022,2,Kalutara,LK13,0.866025403784438,0.5,0,0,0,1,139.134617,479.429516666666,120.783526666666,87.499999,179.03846,68.314566,0,6.5854,80.1794,78.86,2.18,26.52,80.74,2.18,6.868469080095144,16.331436566874665,0.3333,1,0.3333,0.3333,25.86,25.76,-0.082,-0.12
2022,3,Kalutara,LK13,1.0,6.12323399573676e-17,1,0,0,0,162.211537,359.320496666666,90.9147916666666,139.134617,87.499999,120.783526666666,0,6.5854,80.1794,80.98,2.71,26.38,78.86,2.18,6.868469080095144,16.331436566874665,0.0,0,0.0,0.3333,26.31,25.54,-0.093,-0.056
2022,4,Kalutara,LK13,0.866025403784438,-0.499999999999999,1,0,0,0,458.48076,632.121783333333,145.874225333333,162.211537,139.134617,90.9147916666666,0,6.5854,80.1794,84.84,2.34,27.17,80.98,2.71,6.868469080095144,16.331436566874665,0.0,0,0.0,0.0,26.7,25.6,-0.068,-0.082
2022,5,Kalutara,LK13,0.499999999999999,-0.866025403784438,0,1,0,0,632.40384,1063.24356666666,135.525755,458.48076,162.211537,145.874225333333,0,6.5854,80.1794,86.99,4.92,27.35,84.84,2.34,6.868469080095144,16.331436566874665,0.0,0,0.0,0.0,26.82,25.86,-0.122,-0.093
2022,6,Kalutara,LK13,1.22464679914735e-16,-1.0,0,1,0,0,230.557693,1308.9038,76.95633,632.40384,458.48076,135.525755,0,6.5854,80.1794,86.85,4.65,27.49,86.99,4.92,6.868469080095144,16.331436566874665,0.3333,1,0.3333,0.0,26.98,26.31,-0.335,-0.068
2022,7,Kalutara,LK13,-0.499999999999999,-0.866025403784438,0,1,0,0,270.769233,1150.80763333333,129.406941666666,230.557693,632.40384,76.95633,0,6.5854,80.1794,87.12,4.58,26.83,86.85,4.65,6.868469080095144,16.331436566874665,0.0,0,0.0,0.3333,26.6,26.7,-0.195,-0.122
2022,8,Kalutara,LK13,-0.866025403784438,-0.5,0,1,0,0,346.923083,926.615366666666,171.512429,270.769233,230.557693,129.406941666666,0,6.5854,80.1794,87.73,4.83,26.29,87.12,4.58,6.868469080095144,16.331436566874665,0.0,0,0.0,0.0,25.88,26.82,-0.246,-0.335
2022,9,Kalutara,LK13,-1.0,-1.83697019872102e-16,0,1,0,0,232.90384,891.076916666666,68.668326,346.923083,270.769233,171.512429,0,6.5854,80.1794,86.35,4.23,26.04,87.73,4.83,6.868469080095144,16.331436566874665,0.0,0,0.0,0.0,25.65,26.98,-0.322,-0.195
2022,10,Kalutara,LK13,-0.866025403784438,0.5,0,0,1,0,664.63459,1058.64098,140.80253,232.90384,346.923083,68.668326,0,6.5854,80.1794,85.48,4.11,26.33,86.35,4.23,6.868469080095144,16.331436566874665,0.0,0,0.0,0.0,25.73,26.6,-0.691,-0.246
2022,11,Kalutara,LK13,-0.5,0.866025403784438,0,0,1,0,343.211537,1328.99996666666,85.7782236666666,664.63459,232.90384,140.80253,0,6.5854,80.1794,83.21,2.7,26.33,85.48,4.11,6.868469080095144,16.331436566874665,0.0,0,0.0,0.0,25.8,25.88,-0.269,-0.322
2022,12,Kalutara,LK13,-2.4492935982947e-16,1.0,0,0,0,1,287.34616,1250.48716666666,126.194063333333,343.211537,664.63459,85.7782236666666,0,6.5854,80.1794,83.46,3.28,26.23,83.21,2.7,6.868469080095144,16.331436566874665,0.0,0,0.0,0.0,25.75,25.65,-0.091,-0.691
2023,1,Kalutara,LK13,0.499999999999999,0.866025403784438,0,0,0,1,117.653847,1023.69871666666,88.7422466666666,287.34616,343.211537,126.194063333333,0,6.5854,80.1794,80.23,3.1,26.08,83.46,3.28,6.890825415797012,16.482902378388165,0.0,0,0.0,0.0,25.83,25.73,0.11,-0.269
2023,2,Kalutara,LK13,0.866025403784438,0.5,0,0,0,1,181.01923,626.711539999999,145.428871999999,117.653847,287.34616,88.7422466666666,0,6.5854,80.1794,80.04,2.65,25.55,80.23,3.1,6.890825415797012,16.482902378388165,0.0,0,0.0,0.0,26.29,25.8,0.157,-0.091
2023,3,Kalutara,LK13,1.0,6.12323399573676e-17,1,0,0,0,401.1923,629.647453333333,214.470343333333,181.01923,117.653847,145.428871999999,0,6.5854,80.1794,80.09,1.76,26.16,80.04,2.65,6.890825415797012,16.482902378388165,0.0,0,0.0,0.0,27.17,25.75,0.414,0.11
2023,4,Kalutara,LK13,0.866025403784438,-0.499999999999999,1,0,0,0,289.596153,814.314093333333,92.7830196666666,401.1923,181.01923,214.470343333333,0,6.5854,80.1794,80.5,1.8,27.26,80.09,1.76,6.890825415797012,16.482902378388165,0.0,0,0.0,0.0,27.96,25.83,0.56,0.157
2023,5,Kalutara,LK13,0.499999999999999,-0.866025403784438,0,1,0,0,964.96155,1443.12173333333,205.314486666666,289.596153,401.1923,92.7830196666666,0,6.5854,80.1794,85.37,3.75,27.93,80.5,1.8,6.890825415797012,16.482902378388165,0.0,0,0.0,0.0,28.39,26.29,0.443,0.414
2023,6,Kalutara,LK13,1.22464679914735e-16,-1.0,0,1,0,0,581.65385,1842.06406666666,179.723973333333,964.96155,289.596153,205.314486666666,0,6.5854,80.1794,86.42,4.8,27.76,85.37,3.75,6.890825415797012,16.482902378388165,0.0,0,0.0,0.0,28.57,27.17,0.665,0.56
2023,7,Kalutara,LK13,-0.499999999999999,-0.866025403784438,0,1,0,0,201.115382,1804.03203333333,98.9946406666666,581.65385,964.96155,179.723973333333,0,6.5854,80.1794,87.65,4.39,27.51,86.42,4.8,6.890825415797012,16.482902378388165,0.0,0,0.0,0.0,28.32,27.96,0.498,0.443
2023,8,Kalutara,LK13,-0.866025403784438,-0.5,0,1,0,0,197.634612,1117.01276666666,93.4828313333333,201.115382,581.65385,98.9946406666666,0,6.5854,80.1794,85.81,4.14,26.95,87.65,4.39,6.890825415797012,16.482902378388165,0.0,0,0.0,0.0,28.2,28.39,0.826,0.665
2023,9,Kalutara,LK13,-1.0,-1.83697019872102e-16,0,1,0,0,776.269219999999,1112.9487,212.502066666666,197.634612,201.115382,93.4828313333333,0,6.5854,80.1794,85.93,4.3,27.17,85.81,4.14,6.890825415797012,16.482902378388165,0.0,0,0.0,0.0,28.32,28.57,0.946,0.498
2023,10,Kalutara,LK13,-0.866025403784438,0.5,0,0,1,0,770.4231,1573.21793333333,181.758946666666,776.269219999999,197.634612,212.502066666666,0,6.5854,80.1794,86.72,2.67,26.87,85.93,4.3,6.890825415797012,16.482902378388165,0.0,0,0.0,0.0,28.44,28.32,0.804,0.826
2023,11,Kalutara,LK13,-0.5,0.866025403784438,0,0,1,0,567.13461,2059.54486666666,138.378293333333,770.4231,776.269219999999,181.758946666666,0,6.5854,80.1794,85.16,1.88,26.51,86.72,2.67,6.890825415797012,16.482902378388165,0.0,0,0.0,0.0,28.72,28.2,0.92,0.946
2023,12,Kalutara,LK13,-2.4492935982947e-16,1.0,0,0,0,1,399.55769,1842.3909,169.85907,567.13461,770.4231,138.378293333333,0,6.5854,80.1794,86.09,2.52,26.85,85.16,1.88,6.890825415797012,16.482902378388165,0.0,0,0.0,0.0,28.62,28.32,0.852,0.804
2024,1,Kalutara,LK13,0.499999999999999,0.866025403784438,0,0,0,1,240.365383,1393.3206,160.892627666666,399.55769,567.13461,169.85907,1,6.5854,80.1794,81.66,2.08,26.95,86.09,2.52,6.913181751498882,16.634368189901668,0.0,0,0.0,0.0,28.35,28.44,0.765,0.92
2024,2,Kalutara,LK13,0.866025403784438,0.5,0,0,0,1,57.5,856.583333333333,54.301973,240.365383,399.55769,160.892627666666,1,6.5854,80.1794,80.98,2.28,26.56,81.66,2.08,6.913181751498882,16.634368189901668,0.0,0,0.0,0.0,28.27,28.72,0.327,0.852
2024,3,Kalutara,LK13,1.0,6.12323399573676e-17,1,0,0,0,76.134614,436.94873,45.7807206666666,57.5,240.365383,54.301973,1,6.5854,80.1794,77.16,1.52,27.29,80.98,2.28,6.913181751498882,16.634368189901668,0.0,0,0.0,0.0,28.41,28.62,0.421,0.765
2024,4,Kalutara,LK13,0.866025403784438,-0.499999999999999,1,0,0,0,314.34616,360.038473333333,101.219293666666,76.134614,57.5,45.7807206666666,0,6.5854,80.1794,82.27,1.96,27.94,77.16,1.52,6.913181751498882,16.634368189901668,0.0,0,0.0,0.0,28.59,28.35,0.44,0.327
2024,5,Kalutara,LK13,0.499999999999999,-0.866025403784438,0,1,0,0,470.13462,716.96156,101.092175,314.34616,76.134614,101.219293666666,0,6.5854,80.1794,85.71,4.19,28.64,82.27,1.96,6.913181751498882,16.634368189901668,0.0,0,0.0,0.0,28.16,28.27,0.298,0.421
2024,6,Kalutara,LK13,1.22464679914735e-16,-1.0,0,1,0,0,206.61538,960.564083333333,68.5190466666666,470.13462,314.34616,101.092175,0,6.5854,80.1794,86.96,4.49,28.3,85.71,4.19,6.913181751498882,16.634368189901668,0.0,0,0.0,0.0,27.9,28.41,0.197,0.44
2024,7,Kalutara,LK13,-0.499999999999999,-0.866025403784438,0,1,0,0,170.826924,907.769243333333,84.0633113333333,206.61538,470.13462,68.5190466666666,0,6.5854,80.1794,86.59,4.11,27.54,86.96,4.49,6.913181751498882,16.634368189901668,0.0,0,0.0,0.0,27.34,28.59,0.033,0.298
2024,8,Kalutara,LK13,-0.866025403784438,-0.5,0,1,0,0,320.499997,732.641066666666,159.935025333333,170.826924,206.61538,84.0633113333333,0,6.5854,80.1794,86.1,4.11,27.36,86.59,4.11,6.913181751498882,16.634368189901668,0.0,0,0.0,0.0,26.73,28.16,0.267,0.197
2024,9,Kalutara,LK13,-1.0,-1.83697019872102e-16,0,1,0,0,335.230767,800.839719999999,93.306978,320.499997,170.826924,159.935025333333,0,6.5854,80.1794,86.18,4.41,27.03,86.1,4.11,6.913181751498882,16.634368189901668,0.0,0,0.0,0.0,26.45,27.9,0.115,0.033
2024,10,Kalutara,LK13,-0.866025403784438,0.5,0,0,1,0,457.28846,1027.37182333333,108.529407999999,335.230767,320.499997,93.306978,1,6.5854,80.1794,86.45,3.47,27.31,86.18,4.41,6.913181751498882,16.634368189901668,0.0,0,0.0,0.0,26.44,27.34,-0.196,0.267
2024,11,Kalutara,LK13,-0.5,0.866025403784438,0,0,1,0,515.09614,1252.62183333333,126.048268333333,457.28846,335.230767,108.529407999999,1,6.5854,80.1794,85.75,3.34,26.98,86.45,3.47,6.913181751498882,16.634368189901668,0.0,0,0.0,0.0,26.45,26.73,-0.382,0.115
2024,12,Kalutara,LK13,-2.4492935982947e-16,1.0,0,0,0,1,196.134619999999,1185.40393333333,91.8079366666666,515.09614,457.28846,126.048268333333,1,6.5854,80.1794,83.63,2.7,26.83,85.75,3.34,6.913181751498882,16.634368189901668,0.0,0,0.0,0.0,26.0,26.45,-0.331,-0.196
2017,1,Kandy,LK21,0.499999999999999,0.866025403784438,0,0,0,1,200.1833335,521.444446666666,118.011697333333,256.349998999999,362.780952285714,96.9876209047619,0,7.2906,80.6337,77.95,2.45,23.752857142857145,90.36428571428571,2.174285714285714,1.7105511703587113,14.41717663289338,0.0,0,0.0,0.0,26.12,25.98,-0.086,-0.382
2017,2,Kandy,LK21,0.866025403784438,0.5,0,0,0,1,87.0666664,404.05555,93.3419563333333,200.1833335,256.349998999999,118.011697333333,0,7.2906,80.6337,71.52,2.3,23.61,77.95,2.45,1.7105511703587113,14.41717663289338,0.4,2,0.4,0.0,26.67,25.94,0.101,-0.31
2017,3,Kandy,LK21,1.0,6.12323399573676e-17,1,0,0,0,284.833335,543.216643333333,217.908779999999,87.0666664,200.1833335,93.3419563333333,1,7.2906,80.6337,80.06,1.29,24.76,71.52,2.3,1.7105511703587113,14.41717663289338,0.0,0,0.0,0.4,27.32,26.1,0.357,-0.086
2017,4,Kandy,LK21,0.866025403784438,-0.499999999999999,1,0,0,0,79.150001,559.5611,40.761643,284.833335,87.0666664,217.908779999999,0,7.2906,80.6337,76.11,1.67,25.54,80.06,1.29,1.7105511703587113,14.41717663289338,0.0,0,0.0,0.0,28.03,26.12,0.498,0.101
2017,5,Kandy,LK21,0.499999999999999,-0.866025403784438,0,1,0,0,286.650004,573.844466666666,158.593848333333,79.150001,284.833335,40.761643,0,7.2906,80.6337,77.47,2.77,27.37,76.11,1.67,1.7105511703587113,14.41717663289338,0.0,0,0.0,0.0,28.3,26.67,0.536,0.357
2017,6,Kandy,LK21,1.22464679914735e-16,-1.0,0,1,0,0,250.666666,582.194466666666,140.275361666666,286.650004,79.150001,158.593848333333,0,7.2906,80.6337,80.6,4.29,27.28,77.47,2.77,1.7105511703587113,14.41717663289338,0.0,0,0.0,0.0,28.06,27.32,0.424,0.498
2017,7,Kandy,LK21,-0.499999999999999,-0.866025403784438,0,1,0,0,124.266667,630.977766666666,90.6313003333333,250.666666,286.650004,140.275361666666,0,7.2906,80.6337,78.33,4.05,26.14,80.6,4.29,1.7105511703587113,14.41717663289338,0.0,0,0.0,0.0,27.54,28.03,0.52,0.536
2017,8,Kandy,LK21,-0.866025403784438,-0.5,0,1,0,0,192.966663999999,642.40002,152.614003333333,124.266667,250.666666,90.6313003333333,0,7.2906,80.6337,79.95,4.08,26.33,78.33,4.05,1.7105511703587113,14.41717663289338,0.0,0,0.0,0.0,26.7,28.3,0.349,0.424
2017,9,Kandy,LK21,-1.0,-1.83697019872102e-16,0,1,0,0,214.28333,580.138886666666,111.963006666666,192.966663999999,124.266667,152.614003333333,0,7.2906,80.6337,80.85,3.39,26.0,79.95,4.08,1.7105511703587113,14.41717663289338,0.0,0,0.0,0.0,26.29,28.06,0.035,0.52
2017,10,Kandy,LK21,-0.866025403784438,0.5,0,0,1,0,309.21667,633.277786666666,91.2668433333333,214.28333,192.966663999999,111.963006666666,0,7.2906,80.6337,83.06,2.82,25.83,80.85,3.39,1.7105511703587113,14.41717663289338,0.2,1,0.2,0.0,26.15,27.54,0.015,0.349
2017,11,Kandy,LK21,-0.5,0.866025403784438,0,0,1,0,412.183337,832.59997,116.35358,309.21667,214.28333,91.2668433333333,0,7.2906,80.6337,88.53,2.12,25.75,83.06,2.82,1.7105511703587113,14.41717663289338,0.0,0,0.0,0.2,25.74,26.7,0.289,0.035
2017,12,Kandy,LK21,-2.4492935982947e-16,1.0,0,0,0,1,181.533335,888.04443,69.528752,412.183337,309.21667,116.35358,0,7.2906,80.6337,88.01,1.97,24.4,88.53,2.12,1.7105511703587113,14.41717663289338,0.2,1,0.2,0.0,25.62,26.29,0.11,0.015
2018,1,Kandy,LK21,0.499999999999999,0.866025403784438,0,0,0,1,68.383335,754.644413333333,44.9264733333333,181.533335,412.183337,69.528752,0,7.2906,80.6337,85.06,1.99,23.58,88.01,1.97,1.634509648647344,14.130998563774622,0.2,1,0.2,0.2,25.57,26.15,-0.2,0.289
2018,2,Kandy,LK21,0.866025403784438,0.5,0,0,0,1,97.883333,457.944433333333,97.4935466666666,68.383335,181.533335,44.9264733333333,1,7.2906,80.6337,80.74,2.42,22.72,85.06,1.99,1.634509648647344,14.130998563774622,0.6,3,0.6,0.2,25.97,25.74,0.216,0.11
2018,3,Kandy,LK21,1.0,6.12323399573676e-17,1,0,0,0,159.900002,331.099996666666,121.029934999999,97.883333,68.383335,97.4935466666666,1,7.2906,80.6337,77.65,1.79,24.27,80.74,2.42,1.634509648647344,14.130998563774622,0.2,1,0.2,0.6,26.48,25.62,-0.12,-0.2
2018,4,Kandy,LK21,0.866025403784438,-0.499999999999999,1,0,0,0,223.983334,446.794433333333,104.009999999999,159.900002,97.883333,121.029934999999,0,7.2906,80.6337,76.63,1.13,25.87,77.65,1.79,1.634509648647344,14.130998563774622,0.2,1,0.2,0.2,27.31,25.57,-0.083,0.216
2018,5,Kandy,LK21,0.499999999999999,-0.866025403784438,0,1,0,0,359.866664,664.283373333333,196.326463333333,223.983334,159.900002,104.009999999999,0,7.2906,80.6337,86.89,2.13,27.13,76.63,1.13,1.634509648647344,14.130998563774622,0.2,1,0.2,0.2,27.73,25.97,0.122,-0.12
2018,6,Kandy,LK21,1.22464679914735e-16,-1.0,0,1,0,0,191.849998,780.09445,107.441325,359.866664,223.983334,196.326463333333,0,7.2906,80.6337,87.56,4.38,25.87,86.89,2.13,1.634509648647344,14.130998563774622,0.0,0,0.0,0.2,27.77,26.48,0.155,-0.083
2018,7,Kandy,LK21,-0.499999999999999,-0.866025403784438,0,1,0,0,124.199999999999,711.4389,89.59442,191.849998,359.866664,107.441325,0,7.2906,80.6337,83.36,4.45,25.29,87.56,4.38,1.634509648647344,14.130998563774622,0.2,1,0.2,0.0,27.42,27.31,0.053,0.122
2018,8,Kandy,LK21,-0.866025403784438,-0.5,0,1,0,0,184.666663,541.083336666666,128.313846666666,124.199999999999,191.849998,89.59442,1,7.2906,80.6337,81.69,4.61,25.21,83.36,4.45,1.634509648647344,14.130998563774622,0.2,1,0.2,0.2,26.94,27.73,0.121,0.155
2018,9,Kandy,LK21,-1.0,-1.83697019872102e-16,0,1,0,0,165.600005,442.488876666666,81.7333296666666,184.666663,124.199999999999,128.313846666666,1,7.2906,80.6337,76.61,2.95,25.17,81.69,4.61,1.634509648647344,14.130998563774622,0.2,1,0.2,0.2,27.19,27.77,0.604,0.053
2018,10,Kandy,LK21,-0.866025403784438,0.5,0,0,1,0,479.700006,720.855566666666,152.447263333333,165.600005,184.666663,81.7333296666666,1,7.2906,80.6337,85.48,1.49,26.07,76.61,2.95,1.634509648647344,14.130998563774622,0.4,2,0.4,0.2,27.62,27.42,0.684,0.121
2018,11,Kandy,LK21,-0.5,0.866025403784438,0,0,1,0,298.133332,938.144483333333,86.5603673333333,479.700006,165.600005,152.447263333333,0,7.2906,80.6337,88.95,1.73,24.98,85.48,1.49,1.634509648647344,14.130998563774622,0.0,0,0.0,0.4,27.61,26.94,0.5,0.604
2018,12,Kandy,LK21,-2.4492935982947e-16,1.0,0,0,0,1,155.683332,961.8945,61.2186233333333,298.133332,479.700006,86.5603673333333,0,7.2906,80.6337,89.74,1.93,24.23,88.95,1.73,1.634509648647344,14.130998563774622,0.2,1,0.2,0.0,27.49,27.19,0.309,0.684
2019,1,Kandy,LK21,0.499999999999999,0.866025403784438,0,0,0,1,45.433334,630.7111,31.286056,155.683332,298.133332,61.2186233333333,1,7.2906,80.6337,86.74,2.42,23.33,89.74,1.93,1.5584681269359768,13.844820494655863,0.2,1,0.2,0.2,27.19,27.62,0.387,0.5
2019,2,Kandy,LK21,0.866025403784438,0.5,0,0,0,1,183.049996,441.922223333333,150.27724,45.433334,155.683332,31.286056,0,7.2906,80.6337,83.58,2.19,22.72,86.74,2.42,1.5584681269359768,13.844820494655863,0.4,2,0.4,0.2,27.46,27.61,0.416,0.309
2019,3,Kandy,LK21,1.0,6.12323399573676e-17,1,0,0,0,29.216667,300.272213333333,30.3863456666666,183.049996,45.433334,150.27724,0,7.2906,80.6337,68.16,1.75,24.79,83.58,2.19,1.5584681269359768,13.844820494655863,0.0,0,0.0,0.4,28.09,27.49,0.225,0.387
2019,4,Kandy,LK21,0.866025403784438,-0.499999999999999,1,0,0,0,197.9,336.777773333333,90.2849286666666,29.216667,183.049996,30.3863456666666,0,7.2906,80.6337,64.44,1.14,26.87,68.16,1.75,1.5584681269359768,13.844820494655863,0.0,0,0.0,0.0,28.44,27.19,0.258,0.416
2019,5,Kandy,LK21,0.499999999999999,-0.866025403784438,0,1,0,0,92.150002,307.561116666666,56.5022113333333,197.9,29.216667,90.2849286666666,0,7.2906,80.6337,72.45,3.24,28.96,64.44,1.14,1.5584681269359768,13.844820494655863,0.0,0,0.0,0.0,28.48,27.46,0.54,0.225
2019,6,Kandy,LK21,1.22464679914735e-16,-1.0,0,1,0,0,238.933334,472.800019999999,132.307713,92.150002,197.9,56.5022113333333,0,7.2906,80.6337,75.27,4.52,28.34,72.45,3.24,1.5584681269359768,13.844820494655863,0.0,0,0.0,0.0,28.18,28.09,0.605,0.258
2019,7,Kandy,LK21,-0.499999999999999,-0.866025403784438,0,1,0,0,178.683333,545.044443333333,123.20692,238.933334,92.150002,132.307713,0,7.2906,80.6337,75.43,4.12,27.49,75.27,4.52,1.5584681269359768,13.844820494655863,0.0,0,0.0,0.0,27.64,28.44,0.597,0.54
2019,8,Kandy,LK21,-0.866025403784438,-0.5,0,1,0,0,254.099993999999,640.038866666666,196.904423333333,178.683333,238.933334,123.20692,0,7.2906,80.6337,78.67,4.5,26.77,75.43,4.12,1.5584681269359768,13.844820494655863,0.0,0,0.0,0.0,26.9,28.48,0.436,0.605
2019,9,Kandy,LK21,-1.0,-1.83697019872102e-16,0,1,0,0,302.25001,669.394416666666,148.81426,254.099993999999,178.683333,196.904423333333,0,7.2906,80.6337,81.83,3.06,25.89,78.67,4.5,1.5584681269359768,13.844820494655863,0.0,0,0.0,0.0,26.75,28.18,0.892,0.597
2019,10,Kandy,LK21,-0.866025403784438,0.5,0,0,1,0,437.533335999999,879.144416666666,130.03194,302.25001,254.099993999999,148.81426,0,7.2906,80.6337,88.14,1.28,25.59,81.83,3.06,1.5584681269359768,13.844820494655863,0.0,0,0.0,0.0,27.2,27.64,0.964,0.436
2019,11,Kandy,LK21,-0.5,0.866025403784438,0,0,1,0,319.750002,982.677753333333,91.9950119999999,437.533335999999,302.25001,130.03194,1,7.2906,80.6337,88.87,1.69,24.74,88.14,1.28,1.5584681269359768,13.844820494655863,0.2,1,0.2,0.0,27.22,26.9,0.835,0.892
2019,12,Kandy,LK21,-2.4492935982947e-16,1.0,0,0,0,1,322.466666,1135.6778,119.716115666666,319.750002,437.533335999999,91.9950119999999,0,7.2906,80.6337,91.9,2.31,24.75,88.87,1.69,1.5584681269359768,13.844820494655863,0.2,1,0.2,0.2,27.12,26.75,0.243,0.964
2020,1,Kandy,LK21,0.499999999999999,0.866025403784438,0,0,0,1,42.216668,835.48328,29.9565576666666,322.466666,319.750002,119.716115666666,0,7.2906,80.6337,88.25,2.35,23.89,91.9,2.31,1.4824266052246091,13.558642425537109,0.6,3,0.6,0.2,27.15,27.2,0.173,0.835
2020,2,Kandy,LK21,0.866025403784438,0.5,0,0,0,1,17.1833338,526.000023333333,26.2242303333333,42.216668,322.466666,29.9565576666666,0,7.2906,80.6337,85.19,2.61,23.26,88.25,2.35,1.4824266052246091,13.558642425537109,0.8,4,0.8,0.6,27.12,27.22,0.054,0.243
2020,3,Kandy,LK21,1.0,6.12323399573676e-17,1,0,0,0,52.916668,172.82778,47.4517073333333,17.1833338,42.216668,26.2242303333333,0,7.2906,80.6337,71.19,1.67,23.7,85.19,2.61,1.4824266052246091,13.558642425537109,0.4,2,0.4,0.8,27.76,27.12,0.019,0.173
2020,4,Kandy,LK21,0.866025403784438,-0.499999999999999,1,0,0,0,131.916666,163.944445333333,62.6542663333333,52.916668,17.1833338,47.4517073333333,0,7.2906,80.6337,71.34,1.35,26.57,71.19,1.67,1.4824266052246091,13.558642425537109,0.0,0,0.0,0.4,28.18,27.15,-0.011,0.054
2020,5,Kandy,LK21,0.499999999999999,-0.866025403784438,0,1,0,0,377.25,455.749986666666,204.486273333333,131.916666,52.916668,62.6542663333333,0,7.2906,80.6337,83.42,2.6,28.18,71.34,1.35,1.4824266052246091,13.558642425537109,0.0,0,0.0,0.0,27.66,27.12,0.298,0.019
2020,6,Kandy,LK21,1.22464679914735e-16,-1.0,0,1,0,0,176.950002,624.4167,102.282415333333,377.25,131.916666,204.486273333333,0,7.2906,80.6337,83.19,3.89,26.82,83.42,2.6,1.4824266052246091,13.558642425537109,0.0,0,0.0,0.0,27.39,27.76,0.455,-0.011
2020,7,Kandy,LK21,-0.499999999999999,-0.866025403784438,0,1,0,0,230.349996,756.1222,157.901006666666,176.950002,377.25,102.282415333333,0,7.2906,80.6337,84.58,3.12,25.92,83.19,3.89,1.4824266052246091,13.558642425537109,0.0,0,0.0,0.0,26.99,28.18,0.319,0.298
2020,8,Kandy,LK21,-0.866025403784438,-0.5,0,1,0,0,120.983333,591.138866666666,95.5810216666666,230.349996,176.950002,157.901006666666,0,7.2906,80.6337,82.44,3.82,25.22,84.58,3.12,1.4824266052246091,13.558642425537109,0.0,0,0.0,0.0,26.26,27.66,-0.183,0.455
2020,9,Kandy,LK21,-1.0,-1.83697019872102e-16,0,1,0,0,288.73333,620.427786666666,142.982066666666,120.983333,230.349996,95.5810216666666,0,7.2906,80.6337,84.37,3.83,25.66,82.44,3.82,1.4824266052246091,13.558642425537109,0.2,1,0.2,0.0,25.89,27.39,-0.189,0.319
2020,10,Kandy,LK21,-0.866025403784438,0.5,0,0,1,0,179.833331,603.122196666666,56.1813786666666,288.73333,120.983333,142.982066666666,1,7.2906,80.6337,81.91,3.48,25.09,84.37,3.83,1.4824266052246091,13.558642425537109,0.0,0,0.0,0.2,25.46,26.99,0.074,-0.183
2020,11,Kandy,LK21,-0.5,0.866025403784438,0,0,1,0,289.299998,730.322183333333,86.5129966666666,179.833331,288.73333,56.1813786666666,1,7.2906,80.6337,88.04,1.7,25.64,81.91,3.48,1.4824266052246091,13.558642425537109,0.2,1,0.2,0.0,25.28,26.26,0.02,-0.189
2020,12,Kandy,LK21,-2.4492935982947e-16,1.0,0,0,0,1,282.88333,769.749983333333,106.652386666666,289.299998,179.833331,86.5129966666666,0,7.2906,80.6337,90.23,2.29,24.91,88.04,1.7,1.4824266052246091,13.558642425537109,0.2,1,0.2,0.2,25.44,25.89,0.031,0.074
2021,1,Kandy,LK21,0.499999999999999,0.866025403784438,0,0,0,1,289.68334,878.905566666666,151.62629,282.88333,289.299998,106.652386666666,0,7.2906,80.6337,91.37,1.96,23.86,90.23,2.29,1.406385083513242,13.272464356418352,0.2,1,0.2,0.2,25.55,25.46,0.051,0.02
2021,2,Kandy,LK21,0.866025403784438,0.5,0,0,0,1,63.3,689.833366666666,65.0835643333333,289.68334,282.88333,151.62629,0,7.2906,80.6337,87.65,2.3,23.37,91.37,1.96,1.406385083513242,13.272464356418352,0.2,1,0.2,0.2,25.75,25.28,0.243,0.031
2021,3,Kandy,LK21,1.0,6.12323399573676e-17,1,0,0,0,146.43333,519.955576666666,108.486457666666,63.3,289.68334,65.0835643333333,1,7.2906,80.6337,83.54,1.82,23.42,87.65,2.3,1.406385083513242,13.272464356418352,0.4,2,0.4,0.2,26.48,25.44,0.267,0.051
2021,4,Kandy,LK21,0.866025403784438,-0.499999999999999,1,0,0,0,149.133334,350.522223333333,69.1622633333333,146.43333,63.3,108.486457666666,1,7.2906,80.6337,83.28,1.38,24.54,83.54,1.82,1.406385083513242,13.272464356418352,0.6,3,0.6,0.4,27.1,25.55,0.25,0.243
2021,5,Kandy,LK21,0.499999999999999,-0.866025403784438,0,1,0,0,307.733336,516.494456666666,168.129536666666,149.133334,146.43333,69.1622633333333,1,7.2906,80.6337,87.41,2.71,26.14,83.28,1.38,1.406385083513242,13.272464356418352,0.2,1,0.2,0.6,27.47,25.75,0.009,0.267
2021,6,Kandy,LK21,1.22464679914735e-16,-1.0,0,1,0,0,210.099995,682.472286666666,116.018373333333,307.733336,149.133334,168.129536666666,0,7.2906,80.6337,88.23,3.5,25.93,87.41,2.71,1.406385083513242,13.272464356418352,0.0,0,0.0,0.2,27.45,26.48,-0.002,0.25
2021,7,Kandy,LK21,-0.499999999999999,-0.866025403784438,0,1,0,0,234.300001,773.811096666666,163.490326666666,210.099995,307.733336,116.018373333333,0,7.2906,80.6337,87.87,4.02,25.3,88.23,3.5,1.406385083513242,13.272464356418352,0.0,0,0.0,0.0,26.9,27.1,-0.229,0.009
2021,8,Kandy,LK21,-0.866025403784438,-0.5,0,1,0,0,200.383334,682.105513333333,149.777276666666,234.300001,210.099995,163.490326666666,0,7.2906,80.6337,86.49,3.86,25.14,87.87,4.02,1.406385083513242,13.272464356418352,0.0,0,0.0,0.0,26.32,27.47,-0.099,-0.002
2021,9,Kandy,LK21,-1.0,-1.83697019872102e-16,0,1,0,0,251.1,638.2389,125.02168,200.383334,234.300001,149.777276666666,0,7.2906,80.6337,85.62,3.62,24.94,86.49,3.86,1.406385083513242,13.272464356418352,0.0,0,0.0,0.0,26.17,27.45,-0.058,-0.229
2021,10,Kandy,LK21,-0.866025403784438,0.5,0,0,1,0,425.816677,756.116666666666,130.379587999999,251.1,200.383334,125.02168,0,7.2906,80.6337,87.43,2.65,25.43,85.62,3.62,1.406385083513242,13.272464356418352,0.0,0,0.0,0.0,25.77,26.9,-0.091,-0.099
2021,11,Kandy,LK21,-0.5,0.866025403784438,0,0,1,0,473.850004,1073.05,135.252235,425.816677,251.1,130.379587999999,0,7.2906,80.6337,91.18,2.24,25.01,87.43,2.65,1.406385083513242,13.272464356418352,0.0,0,0.0,0.0,25.76,26.32,0.069,-0.058
2021,12,Kandy,LK21,-2.4492935982947e-16,1.0,0,0,0,1,135.45,1097.75563333333,53.558214,473.850004,425.816677,135.252235,1,7.2906,80.6337,89.82,2.05,24.21,91.18,2.24,1.406385083513242,13.272464356418352,0.0,0,0.0,0.0,25.54,26.17,-0.12,-0.091
2022,1,Kandy,LK21,0.499999999999999,0.866025403784438,0,0,0,1,63.183333,816.98885,39.794331,135.45,473.850004,53.558214,1,7.2906,80.6337,87.69,2.12,23.6,89.82,2.05,1.3303435618018749,12.986286287299595,0.2,1,0.2,0.0,25.6,25.77,-0.056,0.069
2022,2,Kandy,LK21,0.866025403784438,0.5,0,0,0,1,151.333331,456.227783333333,137.830484666666,63.183333,135.45,39.794331,1,7.2906,80.6337,87.22,2.11,23.51,87.69,2.12,1.3303435618018749,12.986286287299595,0.2,1,0.2,0.2,25.86,25.76,-0.082,-0.12
2022,3,Kandy,LK21,1.0,6.12323399573676e-17,1,0,0,0,112.650002,327.26111,91.1219166666666,151.333331,63.183333,137.830484666666,0,7.2906,80.6337,85.48,1.67,23.3,87.22,2.11,1.3303435618018749,12.986286287299595,0.8,4,0.8,0.2,26.31,25.54,-0.093,-0.056
2022,4,Kandy,LK21,0.866025403784438,-0.499999999999999,1,0,0,0,255.749995,467.811116666666,119.828373333333,112.650002,151.333331,91.1219166666666,0,7.2906,80.6337,85.83,1.29,25.12,85.48,1.67,1.3303435618018749,12.986286287299595,0.0,0,0.0,0.8,26.7,25.6,-0.068,-0.082
2022,5,Kandy,LK21,0.499999999999999,-0.866025403784438,0,1,0,0,165.699999,504.388893333333,95.241758,255.749995,112.650002,119.828373333333,0,7.2906,80.6337,88.01,4.01,25.89,85.83,1.29,1.3303435618018749,12.986286287299595,0.0,0,0.0,0.0,26.82,25.86,-0.122,-0.093
2022,6,Kandy,LK21,1.22464679914735e-16,-1.0,0,1,0,0,168.083332999999,562.061166666666,96.2612736666666,165.699999,255.749995,95.241758,1,7.2906,80.6337,87.21,3.62,25.81,88.01,4.01,1.3303435618018749,12.986286287299595,0.4,2,0.4,0.0,26.98,26.31,-0.335,-0.068
2022,7,Kandy,LK21,-0.499999999999999,-0.866025403784438,0,1,0,0,227.249992,506.527786666666,156.14854,168.083332999999,165.699999,96.2612736666666,0,7.2906,80.6337,83.98,3.59,25.26,87.21,3.62,1.3303435618018749,12.986286287299595,0.2,1,0.2,0.4,26.6,26.7,-0.195,-0.122
2022,8,Kandy,LK21,-0.866025403784438,-0.5,0,1,0,0,332.200008,661.9111,242.943541999999,227.249992,168.083332999999,156.14854,0,7.2906,80.6337,85.12,4.06,25.26,83.98,3.59,1.3303435618018749,12.986286287299595,0.0,0,0.0,0.2,25.88,26.82,-0.246,-0.335
2022,9,Kandy,LK21,-1.0,-1.83697019872102e-16,0,1,0,0,159.533329999999,743.233366666666,83.1524283333333,332.200008,227.249992,242.943541999999,0,7.2906,80.6337,84.18,3.65,24.94,85.12,4.06,1.3303435618018749,12.986286287299595,0.0,0,0.0,0.0,25.65,26.98,-0.322,-0.195
2022,10,Kandy,LK21,-0.866025403784438,0.5,0,0,1,0,379.949989999999,840.466696666666,110.083782,159.533329999999,332.200008,83.1524283333333,0,7.2906,80.6337,85.35,2.69,25.13,84.18,3.65,1.3303435618018749,12.986286287299595,0.0,0,0.0,0.0,25.73,26.6,-0.691,-0.246
2022,11,Kandy,LK21,-0.5,0.866025403784438,0,0,1,0,255.416663,888.427766666666,76.93378,379.949989999999,159.533329999999,110.083782,0,7.2906,80.6337,89.17,1.59,24.81,85.35,2.69,1.3303435618018749,12.986286287299595,0.0,0,0.0,0.0,25.8,25.88,-0.269,-0.322
2022,12,Kandy,LK21,-2.4492935982947e-16,1.0,0,0,0,1,347.883326,882.92775,131.19956,255.416663,379.949989999999,76.93378,0,7.2906,80.6337,90.32,2.27,23.69,89.17,1.59,1.3303435618018749,12.986286287299595,0.0,0,0.0,0.0,25.75,25.65,-0.091,-0.691
2023,1,Kandy,LK21,0.499999999999999,0.866025403784438,0,0,0,1,113.833332,824.755533333333,67.4668083333333,347.883326,255.416663,131.19956,1,7.2906,80.6337,89.95,2.49,23.36,90.32,2.27,1.2543020400905074,12.700108218180835,0.2,1,0.2,0.0,25.83,25.73,0.11,-0.269
2023,2,Kandy,LK21,0.866025403784438,0.5,0,0,0,1,107.666668,584.200003333333,98.4753853333333,113.833332,347.883326,67.4668083333333,0,7.2906,80.6337,88.75,2.49,22.17,89.95,2.49,1.2543020400905074,12.700108218180835,0.0,0,0.0,0.2,26.29,25.8,0.157,-0.091
2023,3,Kandy,LK21,1.0,6.12323399573676e-17,1,0,0,0,175.366668,471.561123333333,132.579063333333,107.666668,113.833332,98.4753853333333,0,7.2906,80.6337,84.72,1.69,22.83,88.75,2.49,1.2543020400905074,12.700108218180835,0.0,0,0.0,0.0,27.17,25.75,0.414,0.11
2023,4,Kandy,LK21,0.866025403784438,-0.499999999999999,1,0,0,0,205.25,450.633329999999,95.9577933333333,175.366668,107.666668,132.579063333333,0,7.2906,80.6337,81.63,1.2,25.06,84.72,1.69,1.2543020400905074,12.700108218180835,0.0,0,0.0,0.0,27.96,25.83,0.56,0.157
2023,5,Kandy,LK21,0.499999999999999,-0.866025403784438,0,1,0,0,292.783326,638.93887,152.888793333333,205.25,175.366668,95.9577933333333,0,7.2906,80.6337,87.03,2.55,26.35,81.63,1.2,1.2543020400905074,12.700108218180835,0.0,0,0.0,0.0,28.39,26.29,0.443,0.414
2023,6,Kandy,LK21,1.22464679914735e-16,-1.0,0,1,0,0,374.583322999999,775.416646666666,207.0675,292.783326,205.25,152.888793333333,0,7.2906,80.6337,84.6,4.0,25.96,87.03,2.55,1.2543020400905074,12.700108218180835,0.0,0,0.0,0.0,28.57,27.17,0.665,0.56
2023,7,Kandy,LK21,-0.499999999999999,-0.866025403784438,0,1,0,0,148.616667,874.48888,107.708905666666,374.583322999999,292.783326,207.0675,0,7.2906,80.6337,80.99,4.34,26.14,84.6,4.0,1.2543020400905074,12.700108218180835,0.0,0,0.0,0.0,28.32,27.96,0.498,0.443
2023,8,Kandy,LK21,-0.866025403784438,-0.5,0,1,0,0,174.333333,684.761133333333,128.718956666666,148.616667,374.583322999999,107.708905666666,0,7.2906,80.6337,75.26,3.87,26.08,80.99,4.34,1.2543020400905074,12.700108218180835,0.0,0,0.0,0.0,28.2,28.39,0.826,0.665
2023,9,Kandy,LK21,-1.0,-1.83697019872102e-16,0,1,0,0,216.98333,610.366646666666,108.26497,174.333333,148.616667,128.718956666666,0,7.2906,80.6337,81.56,3.85,27.09,75.26,3.87,1.2543020400905074,12.700108218180835,0.0,0,0.0,0.0,28.32,28.57,0.946,0.498
2023,10,Kandy,LK21,-0.866025403784438,0.5,0,0,1,0,509.5,770.099966666666,158.965106666666,216.98333,174.333333,108.26497,0,7.2906,80.6337,87.82,1.74,25.89,81.56,3.85,1.2543020400905074,12.700108218180835,0.0,0,0.0,0.0,28.44,28.32,0.804,0.826
2023,11,Kandy,LK21,-0.5,0.866025403784438,0,0,1,0,490.83333,1160.26673333333,142.70941,509.5,216.98333,158.965106666666,0,7.2906,80.6337,89.89,1.26,25.1,87.82,1.74,1.2543020400905074,12.700108218180835,0.0,0,0.0,0.0,28.72,28.2,0.92,0.946
2023,12,Kandy,LK21,-2.4492935982947e-16,1.0,0,0,0,1,368.550004,1360.03896666666,137.039694666666,490.83333,509.5,142.70941,0,7.2906,80.6337,92.53,2.4,24.96,89.89,1.26,1.2543020400905074,12.700108218180835,0.0,0,0.0,0.0,28.62,28.32,0.852,0.804
2024,1,Kandy,LK21,0.499999999999999,0.866025403784438,0,0,0,1,307.649992,1286.7722,158.011851333333,368.550004,490.83333,137.039694666666,1,7.2906,80.6337,90.94,2.25,24.65,92.53,2.4,1.17826051837914,12.41393014906208,0.0,0,0.0,0.0,28.35,28.44,0.765,0.92
2024,2,Kandy,LK21,0.866025403784438,0.5,0,0,0,1,23.1166673,823.8166,32.4169209999999,307.649992,368.550004,158.011851333333,1,7.2906,80.6337,88.39,2.68,23.55,90.94,2.25,1.17826051837914,12.41393014906208,0.4,2,0.4,0.0,28.27,28.72,0.327,0.852
2024,3,Kandy,LK21,1.0,6.12323399573676e-17,1,0,0,0,36.6166654,441.39442,33.698066,23.1166673,307.649992,32.4169209999999,1,7.2906,80.6337,80.47,1.81,24.43,88.39,2.68,1.17826051837914,12.41393014906208,0.4,2,0.4,0.4,28.41,28.62,0.421,0.765
2024,4,Kandy,LK21,0.866025403784438,-0.499999999999999,1,0,0,0,138.166668,182.994443333333,65.7295806666666,36.6166654,23.1166673,33.698066,0,7.2906,80.6337,73.76,1.19,25.31,80.47,1.81,1.17826051837914,12.41393014906208,0.4,2,0.4,0.4,28.59,28.35,0.44,0.327
2024,5,Kandy,LK21,0.499999999999999,-0.866025403784438,0,1,0,0,222.266665,328.416666666666,126.40846,138.166668,36.6166654,65.7295806666666,0,7.2906,80.6337,81.26,2.89,28.58,73.76,1.19,1.17826051837914,12.41393014906208,0.0,0,0.0,0.4,28.16,28.27,0.298,0.421
2024,6,Kandy,LK21,1.22464679914735e-16,-1.0,0,1,0,0,93.766666,446.922226666666,56.7141736666666,222.266665,138.166668,126.40846,0,7.2906,80.6337,82.81,3.98,27.58,81.26,2.89,1.17826051837914,12.41393014906208,0.0,0,0.0,0.0,27.9,28.41,0.197,0.44
2024,7,Kandy,LK21,-0.499999999999999,-0.866025403784438,0,1,0,0,72.283334,425.399993333333,56.7379956666666,93.766666,222.266665,56.7141736666666,0,7.2906,80.6337,80.47,4.27,26.52,82.81,3.98,1.17826051837914,12.41393014906208,0.0,0,0.0,0.0,27.34,28.59,0.033,0.298
2024,8,Kandy,LK21,-0.866025403784438,-0.5,0,1,0,0,147.583332999999,343.261119999999,110.321652666666,72.283334,93.766666,56.7379956666666,0,7.2906,80.6337,82.05,3.39,26.39,80.47,4.27,1.17826051837914,12.41393014906208,0.0,0,0.0,0.0,26.73,28.16,0.267,0.197
2024,9,Kandy,LK21,-1.0,-1.83697019872102e-16,0,1,0,0,92.233334,307.016666666666,50.0842396666666,147.583332999999,72.283334,110.321652666666,0,7.2906,80.6337,80.41,4.07,26.08,82.05,3.39,1.17826051837914,12.41393014906208,0.0,0,0.0,0.0,26.45,27.9,0.115,0.033
2024,10,Kandy,LK21,-0.866025403784438,0.5,0,0,1,0,398.449994,513.805553333333,123.560886666666,92.233334,147.583332999999,50.0842396666666,1,7.2906,80.6337,83.48,2.32,26.62,80.41,4.07,1.17826051837914,12.41393014906208,0.0,0,0.0,0.0,26.44,27.34,-0.196,0.267
2024,11,Kandy,LK21,-0.5,0.866025403784438,0,0,1,0,455.84999,805.78892,129.190313333333,398.449994,92.233334,123.560886666666,1,7.2906,80.6337,89.22,2.06,25.89,83.48,2.32,1.17826051837914,12.41393014906208,0.4,2,0.4,0.0,26.45,26.73,-0.382,0.115
2024,12,Kandy,LK21,-2.4492935982947e-16,1.0,0,0,0,1,212.783326999999,1014.81114666666,79.9776536666666,455.84999,398.449994,129.190313333333,1,7.2906,80.6337,89.64,1.8,24.94,89.22,2.06,1.17826051837914,12.41393014906208,0.4,2,0.4,0.4,26.0,26.45,-0.331,-0.196
2017,1,Matale,LK22,0.499999999999999,0.866025403784438,0,0,0,1,224.2985027,495.686586666666,132.884167666666,312.142858428571,348.076757857142,96.023536047619,0,7.4675,80.6234,77.95,2.45,23.752857142857145,90.36428571428571,2.174285714285714,1.930656959750776,12.451935919442256,0.0,0,0.0,0.0,26.12,25.98,-0.086,-0.382
2017,2,Matale,LK22,0.866025403784438,0.5,0,0,0,1,85.9403006,432.074626666666,101.081198,224.2985027,312.142858428571,132.884167666666,0,7.4675,80.6234,71.52,2.3,23.61,77.95,2.45,1.930656959750776,12.451935919442256,0.3333,2,0.3333,0.0,26.67,25.94,0.101,-0.31
2017,3,Matale,LK22,1.0,6.12323399573676e-17,1,0,0,0,250.985076,549.56223,221.176436666666,85.9403006,224.2985027,101.081198,0,7.4675,80.6234,80.06,1.29,24.76,71.52,2.3,1.930656959750776,12.451935919442256,0.1667,1,0.1667,0.3333,27.32,26.1,0.357,-0.086
2017,4,Matale,LK22,0.866025403784438,-0.499999999999999,1,0,0,0,58.3134339,525.29355,38.9569086666666,250.985076,85.9403006,221.176436666666,0,7.4675,80.6234,76.11,1.67,25.54,80.06,1.29,1.930656959750776,12.451935919442256,0.1667,1,0.1667,0.1667,28.03,26.12,0.498,0.101
2017,5,Matale,LK22,0.499999999999999,-0.866025403784438,0,1,0,0,261.776122,508.63683,170.276494666666,58.3134339,250.985076,38.9569086666666,0,7.4675,80.6234,77.47,2.77,27.37,76.11,1.67,1.930656959750776,12.451935919442256,0.1667,1,0.1667,0.1667,28.3,26.67,0.536,0.357
2017,6,Matale,LK22,1.22464679914735e-16,-1.0,0,1,0,0,105.805968,434.308466666666,151.662976666666,261.776122,58.3134339,170.276494666666,0,7.4675,80.6234,80.6,4.29,27.28,77.47,2.77,1.930656959750776,12.451935919442256,0.1667,1,0.1667,0.1667,28.06,27.32,0.424,0.498
2017,7,Matale,LK22,-0.499999999999999,-0.866025403784438,0,1,0,0,75.014925,424.731346666666,101.795653333333,105.805968,261.776122,151.662976666666,0,7.4675,80.6234,78.33,4.05,26.14,80.6,4.29,1.930656959750776,12.451935919442256,0.0,0,0.0,0.1667,27.54,28.03,0.52,0.536
2017,8,Matale,LK22,-0.866025403784438,-0.5,0,1,0,0,147.49254,396.54229,184.444748,75.014925,105.805968,101.795653333333,0,7.4675,80.6234,79.95,4.08,26.33,78.33,4.05,1.930656959750776,12.451935919442256,0.0,0,0.0,0.0,26.7,28.3,0.349,0.424
2017,9,Matale,LK22,-1.0,-1.83697019872102e-16,0,1,0,0,171.791041,401.43284,126.105387666666,147.49254,75.014925,184.444748,0,7.4675,80.6234,80.85,3.39,26.0,79.95,4.08,1.930656959750776,12.451935919442256,0.0,0,0.0,0.0,26.29,28.06,0.035,0.52
2017,10,Matale,LK22,-0.866025403784438,0.5,0,0,1,0,249.850744,485.378113333333,81.5868266666666,171.791041,147.49254,126.105387666666,0,7.4675,80.6234,83.06,2.82,25.83,80.85,3.39,1.930656959750776,12.451935919442256,0.3333,2,0.3333,0.0,26.15,27.54,0.015,0.349
2017,11,Matale,LK22,-0.5,0.866025403784438,0,0,1,0,379.402983,709.29848,106.378850333333,249.850744,171.791041,81.5868266666666,0,7.4675,80.6234,88.53,2.12,25.75,83.06,2.82,1.930656959750776,12.451935919442256,0.0,0,0.0,0.3333,25.74,26.7,0.289,0.035
2017,12,Matale,LK22,-2.4492935982947e-16,1.0,0,0,0,1,169.268654,775.751246666666,53.3678043333333,379.402983,249.850744,106.378850333333,0,7.4675,80.6234,88.01,1.97,24.4,88.53,2.12,1.930656959750776,12.451935919442256,0.1667,1,0.1667,0.0,25.62,26.29,0.11,0.015
2018,1,Matale,LK22,0.499999999999999,0.866025403784438,0,0,0,1,56.820898,688.93538,38.6976606666666,169.268654,379.402983,53.3678043333333,1,7.4675,80.6234,85.06,1.99,23.58,88.01,1.97,1.9015720395415896,12.31548034693668,0.3333,2,0.3333,0.1667,25.57,26.15,-0.2,0.289
2018,2,Matale,LK22,0.866025403784438,0.5,0,0,0,1,90.014923,405.029846666666,101.503753333333,56.820898,169.268654,38.6976606666666,0,7.4675,80.6234,80.74,2.42,22.72,85.06,1.99,1.9015720395415896,12.31548034693668,0.6667,4,0.6667,0.3333,25.97,25.74,0.216,0.11
2018,3,Matale,LK22,1.0,6.12323399573676e-17,1,0,0,0,120.895520999999,279.606966666666,110.54329,90.014923,56.820898,101.503753333333,1,7.4675,80.6234,77.65,1.79,24.27,80.74,2.42,1.9015720395415896,12.31548034693668,0.6667,4,0.6667,0.6667,26.48,25.62,-0.12,-0.2
2018,4,Matale,LK22,0.866025403784438,-0.499999999999999,1,0,0,0,158.164181999999,354.159203333333,93.0945916666666,120.895520999999,90.014923,110.54329,0,7.4675,80.6234,76.63,1.13,25.87,77.65,1.79,1.9015720395415896,12.31548034693668,0.5,3,0.5,0.6667,27.31,25.57,-0.083,0.216
2018,5,Matale,LK22,0.499999999999999,-0.866025403784438,0,1,0,0,393.582079999999,588.094556666666,235.81384,158.164181999999,120.895520999999,93.0945916666666,0,7.4675,80.6234,86.89,2.13,27.13,76.63,1.13,1.9015720395415896,12.31548034693668,0.5,3,0.5,0.5,27.73,25.97,0.122,-0.12
2018,6,Matale,LK22,1.22464679914735e-16,-1.0,0,1,0,0,74.149254,647.651769999999,108.24936,393.582079999999,158.164181999999,235.81384,0,7.4675,80.6234,87.56,4.38,25.87,86.89,2.13,1.9015720395415896,12.31548034693668,0.1667,1,0.1667,0.5,27.77,26.48,0.155,-0.083
2018,7,Matale,LK22,-0.499999999999999,-0.866025403784438,0,1,0,0,52.880598,551.721396666666,77.0334353333333,74.149254,393.582079999999,108.24936,0,7.4675,80.6234,83.36,4.45,25.29,87.56,4.38,1.9015720395415896,12.31548034693668,0.3333,2,0.3333,0.1667,27.42,27.31,0.053,0.122
2018,8,Matale,LK22,-0.866025403784438,-0.5,0,1,0,0,117.343283,317.16915,128.325120666666,52.880598,74.149254,77.0334353333333,0,7.4675,80.6234,81.69,4.61,25.21,83.36,4.45,1.9015720395415896,12.31548034693668,0.1667,1,0.1667,0.3333,26.94,27.73,0.121,0.155
2018,9,Matale,LK22,-1.0,-1.83697019872102e-16,0,1,0,0,130.447765,251.920396666666,85.6239996666666,117.343283,52.880598,128.325120666666,0,7.4675,80.6234,76.61,2.95,25.17,81.69,4.61,1.9015720395415896,12.31548034693668,0.3333,2,0.3333,0.1667,27.19,27.77,0.604,0.053
2018,10,Matale,LK22,-0.866025403784438,0.5,0,0,1,0,370.626865,534.024873333333,141.641223333333,130.447765,117.343283,85.6239996666666,0,7.4675,80.6234,85.48,1.49,26.07,76.61,2.95,1.9015720395415896,12.31548034693668,0.1667,1,0.1667,0.3333,27.62,27.42,0.684,0.121
2018,11,Matale,LK22,-0.5,0.866025403784438,0,0,1,0,273.537302,771.42788,80.1002733333333,370.626865,130.447765,141.641223333333,0,7.4675,80.6234,88.95,1.73,24.98,85.48,1.49,1.9015720395415896,12.31548034693668,0.5,3,0.5,0.1667,27.61,26.94,0.5,0.604
2018,12,Matale,LK22,-2.4492935982947e-16,1.0,0,0,0,1,177.761195,827.651733333333,56.8519,273.537302,370.626865,80.1002733333333,1,7.4675,80.6234,89.74,1.93,24.23,88.95,1.73,1.9015720395415896,12.31548034693668,0.3333,2,0.3333,0.5,27.49,27.19,0.309,0.684
2019,1,Matale,LK22,0.499999999999999,0.866025403784438,0,0,0,1,32.955224,571.850726666666,24.994731,177.761195,273.537302,56.8519,0,7.4675,80.6234,86.74,2.42,23.33,89.74,1.93,1.8724871193324035,12.179024774431102,0.3333,2,0.3333,0.3333,27.19,27.62,0.387,0.5
2019,2,Matale,LK22,0.866025403784438,0.5,0,0,0,1,133.447762,392.880593333333,112.085053333333,32.955224,177.761195,24.994731,0,7.4675,80.6234,83.58,2.19,22.72,86.74,2.42,1.8724871193324035,12.179024774431102,0.6667,4,0.6667,0.3333,27.46,27.61,0.416,0.309
2019,3,Matale,LK22,1.0,6.12323399573676e-17,1,0,0,0,13.7761192,236.582096666666,22.7948013333333,133.447762,32.955224,112.085053333333,0,7.4675,80.6234,68.16,1.75,24.79,83.58,2.19,1.8724871193324035,12.179024774431102,0.0,0,0.0,0.6667,28.09,27.49,0.225,0.387
2019,4,Matale,LK22,0.866025403784438,-0.499999999999999,1,0,0,0,166.164175,249.4826,93.695224,13.7761192,133.447762,22.7948013333333,0,7.4675,80.6234,64.44,1.14,26.87,68.16,1.75,1.8724871193324035,12.179024774431102,0.0,0,0.0,0.0,28.44,27.19,0.258,0.416
2019,5,Matale,LK22,0.499999999999999,-0.866025403784438,0,1,0,0,81.104476,233.900506666666,60.1678643333333,166.164175,13.7761192,93.695224,0,7.4675,80.6234,72.45,3.24,28.96,64.44,1.14,1.8724871193324035,12.179024774431102,0.1667,1,0.1667,0.0,28.48,27.46,0.54,0.225
2019,6,Matale,LK22,1.22464679914735e-16,-1.0,0,1,0,0,103.014927,333.47265,141.100404666666,81.104476,166.164175,60.1678643333333,0,7.4675,80.6234,75.27,4.52,28.34,72.45,3.24,1.8724871193324035,12.179024774431102,0.1667,1,0.1667,0.1667,28.18,28.09,0.605,0.258
2019,7,Matale,LK22,-0.499999999999999,-0.866025403784438,0,1,0,0,59.880597,298.736326666666,83.7685866666666,103.014927,81.104476,141.100404666666,0,7.4675,80.6234,75.43,4.12,27.49,75.27,4.52,1.8724871193324035,12.179024774431102,0.0,0,0.0,0.1667,27.64,28.44,0.597,0.54
2019,8,Matale,LK22,-0.866025403784438,-0.5,0,1,0,0,180.880598,329.865666666666,218.924361333333,59.880597,103.014927,83.7685866666666,0,7.4675,80.6234,78.67,4.5,26.77,75.43,4.12,1.8724871193324035,12.179024774431102,0.0,0,0.0,0.0,26.9,28.48,0.436,0.605
2019,9,Matale,LK22,-1.0,-1.83697019872102e-16,0,1,0,0,213.656715,381.945259999999,144.090873333333,180.880598,59.880597,218.924361333333,0,7.4675,80.6234,81.83,3.06,25.89,78.67,4.5,1.8724871193324035,12.179024774431102,0.0,0,0.0,0.0,26.75,28.18,0.892,0.597
2019,10,Matale,LK22,-0.866025403784438,0.5,0,0,1,0,391.20895,657.0995,132.24494,213.656715,180.880598,144.090873333333,0,7.4675,80.6234,88.14,1.28,25.59,81.83,3.06,1.8724871193324035,12.179024774431102,0.1667,1,0.1667,0.0,27.2,27.64,0.964,0.436
2019,11,Matale,LK22,-0.5,0.866025403784438,0,0,1,0,354.65672,826.86566,97.5871846666666,391.20895,213.656715,132.24494,0,7.4675,80.6234,88.87,1.69,24.74,88.14,1.28,1.8724871193324035,12.179024774431102,0.1667,1,0.1667,0.1667,27.22,26.9,0.835,0.892
2019,12,Matale,LK22,-2.4492935982947e-16,1.0,0,0,0,1,432.746265,1179.3632,131.022095333333,354.65672,391.20895,97.5871846666666,1,7.4675,80.6234,91.9,2.31,24.75,88.87,1.69,1.8724871193324035,12.179024774431102,0.5,3,0.5,0.1667,27.12,26.75,0.243,0.964
2020,1,Matale,LK22,0.499999999999999,0.866025403784438,0,0,0,1,33.7611937,954.82589,25.6524646666666,432.746265,354.65672,131.022095333333,1,7.4675,80.6234,88.25,2.35,23.89,91.9,2.31,1.8434021991232168,12.042569201925527,0.6667,4,0.6667,0.5,27.15,27.2,0.173,0.835
2020,2,Matale,LK22,0.866025403784438,0.5,0,0,0,1,17.2089557,664.462656666666,28.048781,33.7611937,432.746265,25.6524646666666,0,7.4675,80.6234,85.19,2.61,23.26,88.25,2.35,1.8434021991232168,12.042569201925527,0.8333,5,0.8333,0.6667,27.12,27.22,0.054,0.243
2020,3,Matale,LK22,1.0,6.12323399573676e-17,1,0,0,0,36.6716431,170.084566666666,42.2155283333333,17.2089557,33.7611937,28.048781,0,7.4675,80.6234,71.19,1.67,23.7,85.19,2.61,1.8434021991232168,12.042569201925527,0.3333,2,0.3333,0.8333,27.76,27.12,0.019,0.173
2020,4,Matale,LK22,0.866025403784438,-0.499999999999999,1,0,0,0,112.925373,134.129353333333,67.01801,36.6716431,17.2089557,42.2155283333333,0,7.4675,80.6234,71.34,1.35,26.57,71.19,1.67,1.8434021991232168,12.042569201925527,0.0,0,0.0,0.3333,28.18,27.15,-0.011,0.054
2020,5,Matale,LK22,0.499999999999999,-0.866025403784438,0,1,0,0,340.44776,408.63682,196.393826666666,112.925373,36.6716431,67.01801,0,7.4675,80.6234,83.42,2.6,28.18,71.34,1.35,1.8434021991232168,12.042569201925527,0.0,0,0.0,0.0,27.66,27.12,0.298,0.019
2020,6,Matale,LK22,1.22464679914735e-16,-1.0,0,1,0,0,112.298509,527.905466666666,162.161426333333,340.44776,112.925373,196.393826666666,0,7.4675,80.6234,83.19,3.89,26.82,83.42,2.6,1.8434021991232168,12.042569201925527,0.0,0,0.0,0.0,27.39,27.76,0.455,-0.011
2020,7,Matale,LK22,-0.499999999999999,-0.866025403784438,0,1,0,0,165.373136,599.154223333333,202.784733333333,112.298509,340.44776,162.161426333333,0,7.4675,80.6234,84.58,3.12,25.92,83.19,3.89,1.8434021991232168,12.042569201925527,0.1667,1,0.1667,0.0,26.99,28.18,0.319,0.298
2020,8,Matale,LK22,-0.866025403784438,-0.5,0,1,0,0,70.7761199999999,404.169153333333,92.275288,165.373136,112.298509,202.784733333333,0,7.4675,80.6234,82.44,3.82,25.22,84.58,3.12,1.8434021991232168,12.042569201925527,0.1667,1,0.1667,0.1667,26.26,27.66,-0.183,0.455
2020,9,Matale,LK22,-1.0,-1.83697019872102e-16,0,1,0,0,265.253734,475.666663333333,177.83519,70.7761199999999,165.373136,92.275288,0,7.4675,80.6234,84.37,3.83,25.66,82.44,3.82,1.8434021991232168,12.042569201925527,0.1667,1,0.1667,0.1667,25.89,27.39,-0.189,0.319
2020,10,Matale,LK22,-0.866025403784438,0.5,0,0,1,0,127.507460999999,468.079586666666,43.2259259999999,265.253734,70.7761199999999,177.83519,0,7.4675,80.6234,81.91,3.48,25.09,84.37,3.83,1.8434021991232168,12.042569201925527,0.0,0,0.0,0.1667,25.46,26.99,0.074,-0.183
2020,11,Matale,LK22,-0.5,0.866025403784438,0,0,1,0,270.9403,626.507476666666,79.9007283333333,127.507460999999,265.253734,43.2259259999999,0,7.4675,80.6234,88.04,1.7,25.64,81.91,3.48,1.8434021991232168,12.042569201925527,0.3333,2,0.3333,0.0,25.28,26.26,0.02,-0.189
2020,12,Matale,LK22,-2.4492935982947e-16,1.0,0,0,0,1,383.835824,744.35323,118.142736666666,270.9403,127.507460999999,79.9007283333333,0,7.4675,80.6234,90.23,2.29,24.91,88.04,1.7,1.8434021991232168,12.042569201925527,0.3333,2,0.3333,0.3333,25.44,25.89,0.031,0.074
2021,1,Matale,LK22,0.499999999999999,0.866025403784438,0,0,0,1,350.179093,1004.21392,175.712136666666,383.835824,270.9403,118.142736666666,0,7.4675,80.6234,91.37,1.96,23.86,90.23,2.29,1.8143172789140305,11.906113629419952,0.1667,1,0.1667,0.3333,25.55,25.46,0.051,0.02
2021,2,Matale,LK22,0.866025403784438,0.5,0,0,0,1,35.8656717,826.830826666666,44.1593823333333,350.179093,383.835824,175.712136666666,0,7.4675,80.6234,87.65,2.3,23.37,91.37,1.96,1.8143172789140305,11.906113629419952,0.5,3,0.5,0.1667,25.75,25.28,0.243,0.031
2021,3,Matale,LK22,1.0,6.12323399573676e-17,1,0,0,0,98.835822,566.452726666666,89.582879,35.8656717,350.179093,44.1593823333333,0,7.4675,80.6234,83.54,1.82,23.42,87.65,2.3,1.8143172789140305,11.906113629419952,0.6667,4,0.6667,0.5,26.48,25.44,0.267,0.051
2021,4,Matale,LK22,0.866025403784438,-0.499999999999999,1,0,0,0,121.567166,274.800996666666,70.2458646666666,98.835822,35.8656717,89.582879,0,7.4675,80.6234,83.28,1.38,24.54,83.54,1.82,1.8143172789140305,11.906113629419952,0.6667,4,0.6667,0.6667,27.1,25.55,0.25,0.243
2021,5,Matale,LK22,0.499999999999999,-0.866025403784438,0,1,0,0,259.64179,408.587086666666,158.658576666666,121.567166,98.835822,70.2458646666666,0,7.4675,80.6234,87.41,2.71,26.14,83.28,1.38,1.8143172789140305,11.906113629419952,0.1667,1,0.1667,0.6667,27.47,25.75,0.009,0.267
2021,6,Matale,LK22,1.22464679914735e-16,-1.0,0,1,0,0,88.492538,483.646786666666,122.66855,259.64179,121.567166,158.658576666666,0,7.4675,80.6234,88.23,3.5,25.93,87.41,2.71,1.8143172789140305,11.906113629419952,0.3333,2,0.3333,0.1667,27.45,26.48,-0.002,0.25
2021,7,Matale,LK22,-0.499999999999999,-0.866025403784438,0,1,0,0,122.04478,497.417913333333,159.178927666666,88.492538,259.64179,122.66855,0,7.4675,80.6234,87.87,4.02,25.3,88.23,3.5,1.8143172789140305,11.906113629419952,0.0,0,0.0,0.3333,26.9,27.1,-0.229,0.009
2021,8,Matale,LK22,-0.866025403784438,-0.5,0,1,0,0,101.597015,356.532356666666,124.303346666666,122.04478,88.492538,159.178927666666,0,7.4675,80.6234,86.49,3.86,25.14,87.87,4.02,1.8143172789140305,11.906113629419952,0.0,0,0.0,0.0,26.32,27.47,-0.099,-0.002
2021,9,Matale,LK22,-1.0,-1.83697019872102e-16,0,1,0,0,185.358201,356.08953,123.978796666666,101.597015,122.04478,124.303346666666,0,7.4675,80.6234,85.62,3.62,24.94,86.49,3.86,1.8143172789140305,11.906113629419952,0.0,0,0.0,0.0,26.17,27.45,-0.058,-0.229
2021,10,Matale,LK22,-0.866025403784438,0.5,0,0,1,0,351.283575,509.502469999999,119.396333333333,185.358201,101.597015,123.978796666666,0,7.4675,80.6234,87.43,2.65,25.43,85.62,3.62,1.8143172789140305,11.906113629419952,0.0,0,0.0,0.0,25.77,26.9,-0.091,-0.099
2021,11,Matale,LK22,-0.5,0.866025403784438,0,0,1,0,460.074635,889.726343333333,129.828323333333,351.283575,185.358201,119.396333333333,0,7.4675,80.6234,91.18,2.24,25.01,87.43,2.65,1.8143172789140305,11.906113629419952,0.0,0,0.0,0.0,25.76,26.32,0.069,-0.058
2021,12,Matale,LK22,-2.4492935982947e-16,1.0,0,0,0,1,134.134326999999,982.626836666666,43.637426,460.074635,351.283575,129.828323333333,0,7.4675,80.6234,89.82,2.05,24.21,91.18,2.24,1.8143172789140305,11.906113629419952,0.0,0,0.0,0.0,25.54,26.17,-0.12,-0.091
2022,1,Matale,LK22,0.499999999999999,0.866025403784438,0,0,0,1,53.5970159999999,780.064686666666,33.958844,134.134326999999,460.074635,43.637426,0,7.4675,80.6234,87.69,2.12,23.6,89.82,2.05,1.7852323587048438,11.769658056914375,0.6667,4,0.6667,0.0,25.6,25.77,-0.056,0.069
2022,2,Matale,LK22,0.866025403784438,0.5,0,0,0,1,176.656718999999,459.253713333333,169.749317,53.5970159999999,134.134326999999,33.958844,1,7.4675,80.6234,87.22,2.11,23.51,87.69,2.12,1.7852323587048438,11.769658056914375,0.6667,4,0.6667,0.6667,25.86,25.76,-0.082,-0.12
2022,3,Matale,LK22,1.0,6.12323399573676e-17,1,0,0,0,109.895524,348.358216666666,102.976825,176.656718999999,53.5970159999999,169.749317,0,7.4675,80.6234,85.48,1.67,23.3,87.22,2.11,1.7852323587048438,11.769658056914375,0.5,3,0.5,0.6667,26.31,25.54,-0.093,-0.056
2022,4,Matale,LK22,0.866025403784438,-0.499999999999999,1,0,0,0,198.07462,445.3035,115.885946666666,109.895524,176.656718999999,102.976825,0,7.4675,80.6234,85.83,1.29,25.12,85.48,1.67,1.7852323587048438,11.769658056914375,0.1667,1,0.1667,0.5,26.7,25.6,-0.068,-0.082
2022,5,Matale,LK22,0.499999999999999,-0.866025403784438,0,1,0,0,104.880595,420.11442,72.9240826666666,198.07462,109.895524,115.885946666666,0,7.4675,80.6234,88.01,4.01,25.89,85.83,1.29,1.7852323587048438,11.769658056914375,0.1667,1,0.1667,0.1667,26.82,25.86,-0.122,-0.093
2022,6,Matale,LK22,1.22464679914735e-16,-1.0,0,1,0,0,75.68657,380.781093333333,115.029003333333,104.880595,198.07462,72.9240826666666,0,7.4675,80.6234,87.21,3.62,25.81,88.01,4.01,1.7852323587048438,11.769658056914375,0.3333,2,0.3333,0.1667,26.98,26.31,-0.335,-0.068
2022,7,Matale,LK22,-0.499999999999999,-0.866025403784438,0,1,0,0,138.970146,290.950266666666,170.70255,75.68657,104.880595,115.029003333333,0,7.4675,80.6234,83.98,3.59,25.26,87.21,3.62,1.7852323587048438,11.769658056914375,0.3333,2,0.3333,0.3333,26.6,26.7,-0.195,-0.122
2022,8,Matale,LK22,-0.866025403784438,-0.5,0,1,0,0,206.671644,366.18409,232.173003333333,138.970146,75.68657,170.70255,0,7.4675,80.6234,85.12,4.06,25.26,83.98,3.59,1.7852323587048438,11.769658056914375,0.0,0,0.0,0.3333,25.88,26.82,-0.246,-0.335
2022,9,Matale,LK22,-1.0,-1.83697019872102e-16,0,1,0,0,114.7014893,463.646803333333,83.245522,206.671644,138.970146,232.173003333333,0,7.4675,80.6234,84.18,3.65,24.94,85.12,4.06,1.7852323587048438,11.769658056914375,0.1667,1,0.1667,0.0,25.65,26.98,-0.322,-0.195
2022,10,Matale,LK22,-0.866025403784438,0.5,0,0,1,0,259.13433,563.02486,87.416972,114.7014893,206.671644,83.245522,0,7.4675,80.6234,85.35,2.69,25.13,84.18,3.65,1.7852323587048438,11.769658056914375,0.0,0,0.0,0.1667,25.73,26.6,-0.691,-0.246
2022,11,Matale,LK22,-0.5,0.866025403784438,0,0,1,0,244.820895,691.398033333333,73.7533529999999,259.13433,114.7014893,87.416972,0,7.4675,80.6234,89.17,1.59,24.81,85.35,2.69,1.7852323587048438,11.769658056914375,0.0,0,0.0,0.0,25.8,25.88,-0.269,-0.322
2022,12,Matale,LK22,-2.4492935982947e-16,1.0,0,0,0,1,455.880599999999,802.791093333333,138.553473333333,244.820895,259.13433,73.7533529999999,0,7.4675,80.6234,90.32,2.27,23.69,89.17,1.59,1.7852323587048438,11.769658056914375,0.0,0,0.0,0.0,25.75,25.65,-0.091,-0.691
2023,1,Matale,LK22,0.499999999999999,0.866025403784438,0,0,0,1,150.238805,878.786036666666,87.329302,455.880599999999,244.820895,138.553473333333,0,7.4675,80.6234,89.95,2.49,23.36,90.32,2.27,1.7561474384956577,11.6332024844088,0.3333,2,0.3333,0.0,25.83,25.73,0.11,-0.269
2023,2,Matale,LK22,0.866025403784438,0.5,0,0,0,1,121.3134346,731.49252,108.381055,150.238805,455.880599999999,87.329302,0,7.4675,80.6234,88.75,2.49,22.17,89.95,2.49,1.7561474384956577,11.6332024844088,0.5,3,0.5,0.3333,26.29,25.8,0.157,-0.091
2023,3,Matale,LK22,1.0,6.12323399573676e-17,1,0,0,0,124.552240999999,528.398,112.96162,121.3134346,150.238805,108.381055,0,7.4675,80.6234,84.72,1.69,22.83,88.75,2.49,1.7561474384956577,11.6332024844088,0.1667,1,0.1667,0.5,27.17,25.75,0.414,0.11
2023,4,Matale,LK22,0.866025403784438,-0.499999999999999,1,0,0,0,150.253733,397.24378,88.0345686666666,124.552240999999,121.3134346,112.96162,0,7.4675,80.6234,81.63,1.2,25.06,84.72,1.69,1.7561474384956577,11.6332024844088,0.1667,1,0.1667,0.1667,27.96,25.83,0.56,0.157
2023,5,Matale,LK22,0.499999999999999,-0.866025403784438,0,1,0,0,375.492537999999,596.2388,213.555994666666,150.253733,124.552240999999,88.0345686666666,0,7.4675,80.6234,87.03,2.55,26.35,81.63,1.2,1.7561474384956577,11.6332024844088,0.0,0,0.0,0.1667,28.39,26.29,0.443,0.414
2023,6,Matale,LK22,1.22464679914735e-16,-1.0,0,1,0,0,133.388063,646.328346666666,192.898998333333,375.492537999999,150.253733,213.555994666666,0,7.4675,80.6234,84.6,4.0,25.96,87.03,2.55,1.7561474384956577,11.6332024844088,0.0,0,0.0,0.0,28.57,27.17,0.665,0.56
2023,7,Matale,LK22,-0.499999999999999,-0.866025403784438,0,1,0,0,68.134327,635.124383333333,96.4154603333333,133.388063,375.492537999999,192.898998333333,0,7.4675,80.6234,80.99,4.34,26.14,84.6,4.0,1.7561474384956577,11.6332024844088,0.3333,2,0.3333,0.0,28.32,27.96,0.498,0.443
2023,8,Matale,LK22,-0.866025403784438,-0.5,0,1,0,0,60.179106,306.616926666666,76.5260716666666,68.134327,133.388063,96.4154603333333,0,7.4675,80.6234,75.26,3.87,26.08,80.99,4.34,1.7561474384956577,11.6332024844088,0.0,0,0.0,0.3333,28.2,28.39,0.826,0.665
2023,9,Matale,LK22,-1.0,-1.83697019872102e-16,0,1,0,0,162.074623,276.104476666666,106.032031666666,60.179106,68.134327,76.5260716666666,0,7.4675,80.6234,81.56,3.85,27.09,75.26,3.87,1.7561474384956577,11.6332024844088,0.0,0,0.0,0.0,28.32,28.57,0.946,0.498
2023,10,Matale,LK22,-0.866025403784438,0.5,0,0,1,0,413.343276,513.830826666666,145.545905,162.074623,60.179106,106.032031666666,0,7.4675,80.6234,87.82,1.74,25.89,81.56,3.85,1.7561474384956577,11.6332024844088,0.0,0,0.0,0.0,28.44,28.32,0.804,0.826
2023,11,Matale,LK22,-0.5,0.866025403784438,0,0,1,0,453.10447,950.905516666666,130.447176666666,413.343276,162.074623,145.545905,0,7.4675,80.6234,89.89,1.26,25.1,87.82,1.74,1.7561474384956577,11.6332024844088,0.0,0,0.0,0.0,28.72,28.2,0.92,0.946
2023,12,Matale,LK22,-2.4492935982947e-16,1.0,0,0,0,1,431.373144,1262.0896,130.589316666666,453.10447,413.343276,130.447176666666,0,7.4675,80.6234,92.53,2.4,24.96,89.89,1.26,1.7561474384956577,11.6332024844088,0.0,0,0.0,0.0,28.62,28.32,0.852,0.804
2024,1,Matale,LK22,0.499999999999999,0.866025403784438,0,0,0,1,302.343272999999,1299.9403,143.292032666666,431.373144,453.10447,130.589316666666,0,7.4675,80.6234,90.94,2.25,24.65,92.53,2.4,1.727062518286471,11.496746911903225,0.0,0,0.0,0.0,28.35,28.44,0.765,0.92
2024,2,Matale,LK22,0.866025403784438,0.5,0,0,0,1,19.8656717,853.68153,31.5594133333333,302.343272999999,431.373144,143.292032666666,0,7.4675,80.6234,88.39,2.68,23.55,90.94,2.25,1.727062518286471,11.496746911903225,1.0,6,1.0,0.0,28.27,28.72,0.327,0.852
2024,3,Matale,LK22,1.0,6.12323399573676e-17,1,0,0,0,23.6268654,441.248723333333,29.559475,19.8656717,302.343272999999,31.5594133333333,0,7.4675,80.6234,80.47,1.81,24.43,88.39,2.68,1.727062518286471,11.496746911903225,1.0,6,1.0,1.0,28.41,28.62,0.421,0.765
2024,4,Matale,LK22,0.866025403784438,-0.499999999999999,1,0,0,0,89.507464,120.761196666666,54.9277789999999,23.6268654,19.8656717,29.559475,0,7.4675,80.6234,73.76,1.19,25.31,80.47,1.81,1.727062518286471,11.496746911903225,1.0,6,1.0,1.0,28.59,28.35,0.44,0.327
2024,5,Matale,LK22,0.499999999999999,-0.866025403784438,0,1,0,0,254.776122,287.21891,155.568211666666,89.507464,23.6268654,54.9277789999999,0,7.4675,80.6234,81.26,2.89,28.58,73.76,1.19,1.727062518286471,11.496746911903225,0.0,0,0.0,1.0,28.16,28.27,0.298,0.421
2024,6,Matale,LK22,1.22464679914735e-16,-1.0,0,1,0,0,49.0,396.154226666666,76.2058853333333,254.776122,89.507464,155.568211666666,0,7.4675,80.6234,82.81,3.98,27.58,81.26,2.89,1.727062518286471,11.496746911903225,0.0,0,0.0,0.0,27.9,28.41,0.197,0.44
2024,7,Matale,LK22,-0.499999999999999,-0.866025403784438,0,1,0,0,29.940298,358.432836666666,50.9533769999999,49.0,254.776122,76.2058853333333,0,7.4675,80.6234,80.47,4.27,26.52,82.81,3.98,1.727062518286471,11.496746911903225,0.0,0,0.0,0.0,27.34,28.59,0.033,0.298
2024,8,Matale,LK22,-0.866025403784438,-0.5,0,1,0,0,101.865669,237.199006666666,125.186861,29.940298,49.0,50.9533769999999,0,7.4675,80.6234,82.05,3.39,26.39,80.47,4.27,1.727062518286471,11.496746911903225,0.0,0,0.0,0.0,26.73,28.16,0.267,0.197
2024,9,Matale,LK22,-1.0,-1.83697019872102e-16,0,1,0,0,51.58209,169.368153333333,39.2613246666666,101.865669,29.940298,125.186861,0,7.4675,80.6234,80.41,4.07,26.08,82.05,3.39,1.727062518286471,11.496746911903225,0.0,0,0.0,0.0,26.45,27.9,0.115,0.033
2024,10,Matale,LK22,-0.866025403784438,0.5,0,0,1,0,328.86567,376.80099,117.559732,51.58209,101.865669,39.2613246666666,0,7.4675,80.6234,83.48,2.32,26.62,80.41,4.07,1.727062518286471,11.496746911903225,0.0,0,0.0,0.0,26.44,27.34,-0.196,0.267
2024,11,Matale,LK22,-0.5,0.866025403784438,0,0,1,0,460.28359,676.51245,127.379318,328.86567,51.58209,117.559732,0,7.4675,80.6234,89.22,2.06,25.89,83.48,2.32,1.727062518286471,11.496746911903225,1.0,6,1.0,0.0,26.45,26.73,-0.382,0.115
2024,12,Matale,LK22,-2.4492935982947e-16,1.0,0,0,0,1,270.477613,967.4528,82.3369489999999,460.28359,328.86567,127.379318,0,7.4675,80.6234,89.64,1.8,24.94,89.22,2.06,1.727062518286471,11.496746911903225,1.0,6,1.0,1.0,26.0,26.45,-0.331,-0.196
2017,1,Nuwara Eliya,LK23,0.499999999999999,0.866025403784438,0,0,0,1,152.7758616,473.218366666666,114.850450333333,240.780789714285,341.903937714285,100.000625619047,0,6.9497,80.7891,81.22,2.03,21.89857142857144,90.28857142857144,1.9085714285714288,1.2430875016606486,20.145663855280908,0.0,0,0.0,0.0,26.12,25.98,-0.086,-0.382
2017,2,Nuwara Eliya,LK23,0.866025403784438,0.5,0,0,0,1,87.8448263,360.488506666666,90.5470116666666,152.7758616,240.780789714285,114.850450333333,0,6.9497,80.7891,76.59,1.8,21.26,81.22,2.03,1.2430875016606486,20.145663855280908,0.25,1,0.25,0.0,26.67,25.94,0.101,-0.31
2017,3,Nuwara Eliya,LK23,1.0,6.12323399573676e-17,1,0,0,0,267.258621,477.494253333333,192.273538333333,87.8448263,152.7758616,90.5470116666666,0,6.9497,80.7891,83.48,1.11,22.43,76.59,1.8,1.2430875016606486,20.145663855280908,0.0,0,0.0,0.25,27.32,26.1,0.357,-0.086
2017,4,Nuwara Eliya,LK23,0.866025403784438,-0.499999999999999,1,0,0,0,97.844832,527.224116666666,46.9366599999999,267.258621,87.8448263,192.273538333333,0,6.9497,80.7891,82.4,1.42,23.23,83.48,1.11,1.2430875016606486,20.145663855280908,0.25,1,0.25,0.0,28.03,26.12,0.498,0.101
2017,5,Nuwara Eliya,LK23,0.499999999999999,-0.866025403784438,0,1,0,0,339.24139,600.752883333333,148.297163333333,97.844832,267.258621,46.9366599999999,0,6.9497,80.7891,84.67,2.42,24.37,82.4,1.42,1.2430875016606486,20.145663855280908,0.0,0,0.0,0.25,28.3,26.67,0.536,0.357
2017,6,Nuwara Eliya,LK23,1.22464679914735e-16,-1.0,0,1,0,0,232.637929,653.948283333333,103.293926666666,339.24139,97.844832,148.297163333333,0,6.9497,80.7891,88.33,3.66,24.21,84.67,2.42,1.2430875016606486,20.145663855280908,0.0,0,0.0,0.0,28.06,27.32,0.424,0.498
2017,7,Nuwara Eliya,LK23,-0.499999999999999,-0.866025403784438,0,1,0,0,129.137928,668.666653333333,76.2108486666666,232.637929,339.24139,103.293926666666,0,6.9497,80.7891,86.7,3.49,23.12,88.33,3.66,1.2430875016606486,20.145663855280908,0.0,0,0.0,0.0,27.54,28.03,0.52,0.536
2017,8,Nuwara Eliya,LK23,-0.866025403784438,-0.5,0,1,0,0,234.72414,681.798846666666,144.972918,129.137928,232.637929,76.2108486666666,0,6.9497,80.7891,87.09,3.59,23.18,86.7,3.49,1.2430875016606486,20.145663855280908,0.0,0,0.0,0.0,26.7,28.3,0.349,0.424
2017,9,Nuwara Eliya,LK23,-1.0,-1.83697019872102e-16,0,1,0,0,233.517236,627.5747,101.800045333333,234.72414,129.137928,144.972918,0,6.9497,80.7891,86.93,3.09,23.03,87.09,3.59,1.2430875016606486,20.145663855280908,0.0,0,0.0,0.0,26.29,28.06,0.035,0.52
2017,10,Nuwara Eliya,LK23,-0.866025403784438,0.5,0,0,1,0,298.258626,691.48852,91.9391749999999,233.517236,234.72414,101.800045333333,0,6.9497,80.7891,87.84,2.54,23.03,86.93,3.09,1.2430875016606486,20.145663855280908,0.25,1,0.25,0.0,26.15,27.54,0.015,0.349
2017,11,Nuwara Eliya,LK23,-0.5,0.866025403784438,0,0,1,0,402.62068,846.660916666666,123.2626,298.258626,233.517236,91.9391749999999,0,6.9497,80.7891,89.23,1.91,23.13,87.84,2.54,1.2430875016606486,20.145663855280908,0.0,0,0.0,0.25,25.74,26.7,0.289,0.035
2017,12,Nuwara Eliya,LK23,-2.4492935982947e-16,1.0,0,0,0,1,185.724133,869.32184,78.411705,402.62068,298.258626,123.2626,0,6.9497,80.7891,88.61,1.77,22.36,89.23,1.91,1.2430875016606486,20.145663855280908,0.25,1,0.25,0.0,25.62,26.29,0.11,0.015
2018,1,Nuwara Eliya,LK23,0.499999999999999,0.866025403784438,0,0,0,1,51.3103439,740.373563333333,44.8499133333333,185.724133,402.62068,78.411705,0,6.9497,80.7891,86.04,1.7,21.78,88.61,1.77,1.237276474573276,20.18149282295032,0.25,1,0.25,0.25,25.57,26.15,-0.2,0.289
2018,2,Nuwara Eliya,LK23,0.866025403784438,0.5,0,0,0,1,80.551724,437.252873333333,80.3836899999999,51.3103439,185.724133,44.8499133333333,0,6.9497,80.7891,84.97,1.78,20.77,86.04,1.7,1.237276474573276,20.18149282295032,0.25,1,0.25,0.25,25.97,25.74,0.216,0.11
2018,3,Nuwara Eliya,LK23,1.0,6.12323399573676e-17,1,0,0,0,180.0,317.419536666666,127.153716666666,80.551724,51.3103439,80.3836899999999,0,6.9497,80.7891,83.23,1.36,22.03,84.97,1.78,1.237276474573276,20.18149282295032,0.5,2,0.5,0.25,26.48,25.62,-0.12,-0.2
2018,4,Nuwara Eliya,LK23,0.866025403784438,-0.499999999999999,1,0,0,0,233.465514999999,446.218383333333,103.156235,180.0,80.551724,127.153716666666,0,6.9497,80.7891,83.44,1.01,23.14,83.23,1.36,1.237276474573276,20.18149282295032,0.25,1,0.25,0.5,27.31,25.57,-0.083,0.216
2018,5,Nuwara Eliya,LK23,0.499999999999999,-0.866025403784438,0,1,0,0,426.51725,722.29885,184.82003,233.465514999999,180.0,103.156235,0,6.9497,80.7891,90.34,2.11,24.06,83.44,1.01,1.237276474573276,20.18149282295032,0.0,0,0.0,0.25,27.73,25.97,0.122,-0.12
2018,6,Nuwara Eliya,LK23,1.22464679914735e-16,-1.0,0,1,0,0,223.189653,884.32182,98.12741,426.51725,233.465514999999,184.82003,0,6.9497,80.7891,91.58,3.93,23.42,90.34,2.11,1.237276474573276,20.18149282295032,0.0,0,0.0,0.0,27.77,26.48,0.155,-0.083
2018,7,Nuwara Eliya,LK23,-0.499999999999999,-0.866025403784438,0,1,0,0,162.672418,836.011486666666,94.2914883333333,223.189653,426.51725,98.12741,0,6.9497,80.7891,89.62,3.91,22.78,91.58,3.93,1.237276474573276,20.18149282295032,0.0,0,0.0,0.0,27.42,27.31,0.053,0.122
2018,8,Nuwara Eliya,LK23,-0.866025403784438,-0.5,0,1,0,0,246.482753,682.908033333333,138.209463333333,162.672418,223.189653,94.2914883333333,0,6.9497,80.7891,89.09,3.95,22.38,89.62,3.91,1.237276474573276,20.18149282295032,0.0,0,0.0,0.0,26.94,27.73,0.121,0.155
2018,9,Nuwara Eliya,LK23,-1.0,-1.83697019872102e-16,0,1,0,0,195.241379,568.465566666666,81.3832173333333,246.482753,162.672418,138.209463333333,1,6.9497,80.7891,86.08,2.44,22.18,89.09,3.95,1.237276474573276,20.18149282295032,0.25,1,0.25,0.0,27.19,27.77,0.604,0.053
2018,10,Nuwara Eliya,LK23,-0.866025403784438,0.5,0,0,1,0,475.879305,811.804596666666,154.103661666666,195.241379,246.482753,81.3832173333333,0,6.9497,80.7891,89.18,1.37,22.83,86.08,2.44,1.237276474573276,20.18149282295032,0.5,2,0.5,0.25,27.62,27.42,0.684,0.121
2018,11,Nuwara Eliya,LK23,-0.5,0.866025403784438,0,0,1,0,290.913783999999,965.3276,90.673582,475.879305,195.241379,154.103661666666,0,6.9497,80.7891,89.52,1.5,22.56,89.18,1.37,1.237276474573276,20.18149282295032,0.25,1,0.25,0.5,27.61,26.94,0.5,0.604
2018,12,Nuwara Eliya,LK23,-2.4492935982947e-16,1.0,0,0,0,1,150.603452,958.453979999999,65.4703443333333,290.913783999999,475.879305,90.673582,0,6.9497,80.7891,88.79,1.75,22.28,89.52,1.5,1.237276474573276,20.18149282295032,0.0,0,0.0,0.25,27.49,27.19,0.309,0.684
2019,1,Nuwara Eliya,LK23,0.499999999999999,0.866025403784438,0,0,0,1,43.8965485999999,628.666633333333,39.0382776666666,150.603452,290.913783999999,65.4703443333333,0,6.9497,80.7891,87.25,2.11,21.47,88.79,1.75,1.2314654474859033,20.21732179061974,0.0,0,0.0,0.0,27.19,27.62,0.387,0.5
2019,2,Nuwara Eliya,LK23,0.866025403784438,0.5,0,0,0,1,172.568974,428.4253,146.747916666666,43.8965485999999,150.603452,39.0382776666666,0,6.9497,80.7891,86.41,1.76,21.22,87.25,2.11,1.2314654474859033,20.21732179061974,0.5,2,0.5,0.0,27.46,27.61,0.416,0.309
2019,3,Nuwara Eliya,LK23,1.0,6.12323399573676e-17,1,0,0,0,39.672412,294.97128,35.17058,172.568974,43.8965485999999,146.747916666666,0,6.9497,80.7891,77.15,1.21,22.63,86.41,1.76,1.2314654474859033,20.21732179061974,0.0,0,0.0,0.5,28.09,27.49,0.225,0.387
2019,4,Nuwara Eliya,LK23,0.866025403784438,-0.499999999999999,1,0,0,0,189.603454,331.603463333333,83.8814893333333,39.672412,172.568974,35.17058,0,6.9497,80.7891,75.84,1.03,23.54,77.15,1.21,1.2314654474859033,20.21732179061974,0.0,0,0.0,0.0,28.44,27.19,0.258,0.416
2019,5,Nuwara Eliya,LK23,0.499999999999999,-0.866025403784438,0,1,0,0,121.586204,338.494253333333,57.0873866666666,189.603454,39.672412,83.8814893333333,0,6.9497,80.7891,83.62,2.67,25.11,75.84,1.03,1.2314654474859033,20.21732179061974,0.0,0,0.0,0.0,28.48,27.46,0.54,0.225
2019,6,Nuwara Eliya,LK23,1.22464679914735e-16,-1.0,0,1,0,0,281.189659,519.022983333333,123.26108,121.586204,189.603454,57.0873866666666,0,6.9497,80.7891,84.88,3.84,24.72,83.62,2.67,1.2314654474859033,20.21732179061974,0.0,0,0.0,0.0,28.18,28.09,0.605,0.258
2019,7,Nuwara Eliya,LK23,-0.499999999999999,-0.866025403784438,0,1,0,0,223.655163,642.2931,126.193301666666,281.189659,121.586204,123.26108,0,6.9497,80.7891,84.5,3.39,24.12,84.88,3.84,1.2314654474859033,20.21732179061974,0.0,0,0.0,0.0,27.64,28.44,0.597,0.54
2019,8,Nuwara Eliya,LK23,-0.866025403784438,-0.5,0,1,0,0,289.34483,758.534479999999,180.805323333333,223.655163,281.189659,126.193301666666,0,6.9497,80.7891,86.67,3.9,23.51,84.5,3.39,1.2314654474859033,20.21732179061974,0.0,0,0.0,0.0,26.9,28.48,0.436,0.605
2019,9,Nuwara Eliya,LK23,-1.0,-1.83697019872102e-16,0,1,0,0,368.913804,809.632166666666,150.932255333333,289.34483,223.655163,180.805323333333,0,6.9497,80.7891,87.93,2.69,22.83,86.67,3.9,1.2314654474859033,20.21732179061974,0.0,0,0.0,0.0,26.75,28.18,0.892,0.597
2019,10,Nuwara Eliya,LK23,-0.866025403784438,0.5,0,0,1,0,442.75862,1005.80463333333,138.368716666666,368.913804,289.34483,150.932255333333,0,6.9497,80.7891,89.75,1.27,22.8,87.93,2.69,1.2314654474859033,20.21732179061974,0.0,0,0.0,0.0,27.2,27.64,0.964,0.436
2019,11,Nuwara Eliya,LK23,-0.5,0.866025403784438,0,0,1,0,302.310345,1065.31036666666,93.6011133333333,442.75862,368.913804,138.368716666666,0,6.9497,80.7891,89.6,1.36,22.61,89.75,1.27,1.2314654474859033,20.21732179061974,0.0,0,0.0,0.0,27.22,26.9,0.835,0.892
2019,12,Nuwara Eliya,LK23,-2.4492935982947e-16,1.0,0,0,0,1,300.27587,1134.58616666666,121.644786666666,302.310345,442.75862,93.6011133333333,0,6.9497,80.7891,91.02,1.82,22.8,89.6,1.36,1.2314654474859033,20.21732179061974,0.25,1,0.25,0.0,27.12,26.75,0.243,0.964
2020,1,Nuwara Eliya,LK23,0.499999999999999,0.866025403784438,0,0,0,1,48.551724,801.896533333333,41.73784,300.27587,302.310345,121.644786666666,1,6.9497,80.7891,87.89,1.98,22.14,91.02,1.82,1.2256544203985305,20.25315075828916,0.25,1,0.25,0.25,27.15,27.2,0.173,0.835
2020,2,Nuwara Eliya,LK23,0.866025403784438,0.5,0,0,0,1,20.7586209999999,493.000013333333,29.5319219999999,48.551724,300.27587,41.73784,1,6.9497,80.7891,86.24,2.09,21.75,87.89,1.98,1.2256544203985305,20.25315075828916,0.25,1,0.25,0.25,27.12,27.22,0.054,0.243
2020,3,Nuwara Eliya,LK23,1.0,6.12323399573676e-17,1,0,0,0,62.741379,184.281603333333,51.4105899999999,20.7586209999999,48.551724,29.5319219999999,0,6.9497,80.7891,78.88,1.13,22.04,86.24,2.09,1.2256544203985305,20.25315075828916,0.0,0,0.0,0.25,27.76,27.12,0.019,0.173
2020,4,Nuwara Eliya,LK23,0.866025403784438,-0.499999999999999,1,0,0,0,144.0000115,178.034483333333,65.2326576666666,62.741379,20.7586209999999,51.4105899999999,0,6.9497,80.7891,79.74,1.03,23.66,78.88,1.13,1.2256544203985305,20.25315075828916,0.0,0,0.0,0.0,28.18,27.15,-0.011,0.054
2020,5,Nuwara Eliya,LK23,0.499999999999999,-0.866025403784438,0,1,0,0,364.60345,469.61497,158.467196666666,144.0000115,62.741379,65.2326576666666,0,6.9497,80.7891,88.3,2.44,24.81,79.74,1.03,1.2256544203985305,20.25315075828916,0.0,0,0.0,0.0,27.66,27.12,0.298,0.019
2020,6,Nuwara Eliya,LK23,1.22464679914735e-16,-1.0,0,1,0,0,220.01724,652.729916666666,100.648466666666,364.60345,144.0000115,158.467196666666,0,6.9497,80.7891,88.61,3.46,24.14,88.3,2.44,1.2256544203985305,20.25315075828916,0.0,0,0.0,0.0,27.39,27.76,0.455,-0.011
2020,7,Nuwara Eliya,LK23,-0.499999999999999,-0.866025403784438,0,1,0,0,223.448269999999,795.2012,126.346711333333,220.01724,364.60345,100.648466666666,0,6.9497,80.7891,90.0,2.83,23.18,88.61,3.46,1.2256544203985305,20.25315075828916,0.0,0,0.0,0.0,26.99,28.18,0.319,0.298
2020,8,Nuwara Eliya,LK23,-0.866025403784438,-0.5,0,1,0,0,143.827594,651.034483333333,94.3398833333333,223.448269999999,220.01724,126.346711333333,0,6.9497,80.7891,88.46,3.21,22.56,90.0,2.83,1.2256544203985305,20.25315075828916,0.0,0,0.0,0.0,26.26,27.66,-0.183,0.455
2020,9,Nuwara Eliya,LK23,-1.0,-1.83697019872102e-16,0,1,0,0,344.94828,686.620716666666,143.268443333333,143.827594,223.448269999999,94.3398833333333,0,6.9497,80.7891,89.46,3.41,22.85,88.46,3.21,1.2256544203985305,20.25315075828916,0.0,0,0.0,0.0,25.89,27.39,-0.189,0.319
2020,10,Nuwara Eliya,LK23,-0.866025403784438,0.5,0,0,1,0,147.62069,662.1954,49.9662723333333,344.94828,143.827594,143.268443333333,0,6.9497,80.7891,88.17,3.1,22.43,89.46,3.41,1.2256544203985305,20.25315075828916,0.0,0,0.0,0.0,25.46,26.99,0.074,-0.183
2020,11,Nuwara Eliya,LK23,-0.5,0.866025403784438,0,0,1,0,263.810349999999,733.591976666666,83.5119476666666,147.62069,344.94828,49.9662723333333,1,6.9497,80.7891,89.31,1.46,22.8,88.17,3.1,1.2256544203985305,20.25315075828916,0.5,2,0.5,0.0,25.28,26.26,0.02,-0.189
2020,12,Nuwara Eliya,LK23,-2.4492935982947e-16,1.0,0,0,0,1,237.465525,696.913816666666,99.2508753333333,263.810349999999,147.62069,83.5119476666666,1,6.9497,80.7891,90.01,1.88,22.7,89.31,1.46,1.2256544203985305,20.25315075828916,0.25,1,0.25,0.5,25.44,25.89,0.031,0.074
2021,1,Nuwara Eliya,LK23,0.499999999999999,0.866025403784438,0,0,0,1,209.931042,723.839076666666,144.810344333333,237.465525,263.810349999999,99.2508753333333,0,6.9497,80.7891,90.49,1.63,22.07,90.01,1.88,1.2198433933111577,20.288979725958573,0.0,0,0.0,0.25,25.55,25.46,0.051,0.02
2021,2,Nuwara Eliya,LK23,0.866025403784438,0.5,0,0,0,1,81.017243,566.3046,80.3066,209.931042,237.465525,144.810344333333,0,6.9497,80.7891,87.06,2.01,21.61,90.49,1.63,1.2198433933111577,20.288979725958573,0.25,1,0.25,0.0,25.75,25.28,0.243,0.031
2021,3,Nuwara Eliya,LK23,1.0,6.12323399573676e-17,1,0,0,0,176.637933,468.46554,121.629043333333,81.017243,209.931042,80.3066,1,6.9497,80.7891,84.81,1.42,21.97,87.06,2.01,1.2198433933111577,20.288979725958573,0.25,1,0.25,0.25,26.48,25.44,0.267,0.051
2021,4,Nuwara Eliya,LK23,0.866025403784438,-0.499999999999999,1,0,0,0,155.31034,386.603426666666,69.8890823333333,176.637933,81.017243,121.629043333333,1,6.9497,80.7891,86.92,1.2,22.33,84.81,1.42,1.2198433933111577,20.288979725958573,0.5,2,0.5,0.25,27.1,25.55,0.25,0.243
2021,5,Nuwara Eliya,LK23,0.499999999999999,-0.866025403784438,0,1,0,0,381.155179,603.948313333333,165.21328,155.31034,176.637933,69.8890823333333,0,6.9497,80.7891,90.5,2.53,23.66,86.92,1.2,1.2198433933111577,20.288979725958573,0.25,1,0.25,0.5,27.47,25.75,0.009,0.267
2021,6,Nuwara Eliya,LK23,1.22464679914735e-16,-1.0,0,1,0,0,255.586204,809.36208,110.075759999999,381.155179,155.31034,165.21328,0,6.9497,80.7891,91.54,3.16,23.59,90.5,2.53,1.2198433933111577,20.288979725958573,0.25,1,0.25,0.25,27.45,26.48,-0.002,0.25
2021,7,Nuwara Eliya,LK23,-0.499999999999999,-0.866025403784438,0,1,0,0,277.913795,916.28733,157.673186666666,255.586204,381.155179,110.075759999999,0,6.9497,80.7891,91.56,3.63,22.89,91.54,3.16,1.2198433933111577,20.288979725958573,0.0,0,0.0,0.25,26.9,27.1,-0.229,0.009
2021,8,Nuwara Eliya,LK23,-0.866025403784438,-0.5,0,1,0,0,260.344833,828.505679999999,150.575383333333,277.913795,255.586204,157.673186666666,0,6.9497,80.7891,90.95,3.45,22.72,91.56,3.63,1.2198433933111577,20.288979725958573,0.0,0,0.0,0.0,26.32,27.47,-0.099,-0.002
2021,9,Nuwara Eliya,LK23,-1.0,-1.83697019872102e-16,0,1,0,0,316.93104,789.609219999999,131.400783333333,260.344833,277.913795,150.575383333333,0,6.9497,80.7891,90.72,3.24,22.38,90.95,3.45,1.2198433933111577,20.288979725958573,0.0,0,0.0,0.0,26.17,27.45,-0.058,-0.229
2021,10,Nuwara Eliya,LK23,-0.866025403784438,0.5,0,0,1,0,369.620687,864.2644,117.512543333333,316.93104,260.344833,131.400783333333,0,6.9497,80.7891,91.16,2.42,22.84,90.72,3.24,1.2198433933111577,20.288979725958573,0.0,0,0.0,0.0,25.77,26.9,-0.091,-0.099
2021,11,Nuwara Eliya,LK23,-0.5,0.866025403784438,0,0,1,0,420.293104999999,1080.37926666666,129.266376666666,369.620687,316.93104,117.512543333333,0,6.9497,80.7891,92.64,2.18,22.65,91.16,2.42,1.2198433933111577,20.288979725958573,0.0,0,0.0,0.0,25.76,26.32,0.069,-0.058
2021,12,Nuwara Eliya,LK23,-2.4492935982947e-16,1.0,0,0,0,1,137.275857,1017.75288,58.6115513333333,420.293104999999,369.620687,129.266376666666,0,6.9497,80.7891,89.92,1.76,22.05,92.64,2.18,1.2198433933111577,20.288979725958573,0.0,0,0.0,0.0,25.54,26.17,-0.12,-0.091
2022,1,Nuwara Eliya,LK23,0.499999999999999,0.866025403784438,0,0,0,1,58.310344,751.61495,47.349929,137.275857,420.293104999999,58.6115513333333,0,6.9497,80.7891,87.12,1.81,21.79,89.92,1.76,1.2140323662237849,20.32480869362799,0.25,1,0.25,0.0,25.6,25.77,-0.056,0.069
2022,2,Nuwara Eliya,LK23,0.866025403784438,0.5,0,0,0,1,124.120683,411.37357,114.527111333333,58.310344,137.275857,47.349929,0,6.9497,80.7891,86.65,1.69,21.86,87.12,1.81,1.2140323662237849,20.32480869362799,0.25,1,0.25,0.25,25.86,25.76,-0.082,-0.12
2022,3,Nuwara Eliya,LK23,1.0,6.12323399573676e-17,1,0,0,0,124.913795,299.293096666666,92.3609966666666,124.120683,58.310344,114.527111333333,0,6.9497,80.7891,87.36,1.56,21.62,86.65,1.69,1.2140323662237849,20.32480869362799,0.75,3,0.75,0.25,26.31,25.54,-0.093,-0.056
2022,4,Nuwara Eliya,LK23,0.866025403784438,-0.499999999999999,1,0,0,0,278.551719,450.890783333333,122.31265,124.913795,124.120683,92.3609966666666,0,6.9497,80.7891,88.66,1.17,22.89,87.36,1.56,1.2140323662237849,20.32480869362799,0.0,0,0.0,0.75,26.7,25.6,-0.068,-0.082
2022,5,Nuwara Eliya,LK23,0.499999999999999,-0.866025403784438,0,1,0,0,223.53449,578.408016666666,100.300833333333,278.551719,124.913795,122.31265,0,6.9497,80.7891,91.95,3.64,23.6,88.66,1.17,1.2140323662237849,20.32480869362799,0.0,0,0.0,0.0,26.82,25.86,-0.122,-0.093
2022,6,Nuwara Eliya,LK23,1.22464679914735e-16,-1.0,0,1,0,0,214.120687,674.235686666666,94.7794643333333,223.53449,278.551719,100.300833333333,0,6.9497,80.7891,91.71,3.29,23.39,91.95,3.64,1.2140323662237849,20.32480869362799,0.5,2,0.5,0.0,26.98,26.31,-0.335,-0.068
2022,7,Nuwara Eliya,LK23,-0.499999999999999,-0.866025403784438,0,1,0,0,260.293118,652.149503333333,144.290809333333,214.120687,223.53449,94.7794643333333,0,6.9497,80.7891,89.85,3.2,22.74,91.71,3.29,1.2140323662237849,20.32480869362799,0.5,2,0.5,0.5,26.6,26.7,-0.195,-0.122
2022,8,Nuwara Eliya,LK23,-0.866025403784438,-0.5,0,1,0,0,374.655177,780.2529,219.549218,260.293118,214.120687,144.290809333333,0,6.9497,80.7891,90.58,3.7,22.51,89.85,3.2,1.2140323662237849,20.32480869362799,0.0,0,0.0,0.5,25.88,26.82,-0.246,-0.335
2022,9,Nuwara Eliya,LK23,-1.0,-1.83697019872102e-16,0,1,0,0,189.241382,862.78739,82.1780166666666,374.655177,260.293118,219.549218,0,6.9497,80.7891,89.72,3.22,22.3,90.58,3.7,1.2140323662237849,20.32480869362799,0.0,0,0.0,0.0,25.65,26.98,-0.322,-0.195
2022,10,Nuwara Eliya,LK23,-0.866025403784438,0.5,0,0,1,0,396.2414,924.672426666666,118.769264666666,189.241382,374.655177,82.1780166666666,0,6.9497,80.7891,89.76,2.5,22.52,89.72,3.22,1.2140323662237849,20.32480869362799,0.0,0,0.0,0.0,25.73,26.6,-0.691,-0.246
2022,11,Nuwara Eliya,LK23,-0.5,0.866025403784438,0,0,1,0,263.94828,944.718356666666,83.5824936666666,396.2414,189.241382,118.769264666666,0,6.9497,80.7891,89.83,1.48,22.31,89.76,2.5,1.2140323662237849,20.32480869362799,0.0,0,0.0,0.0,25.8,25.88,-0.269,-0.322
2022,12,Nuwara Eliya,LK23,-2.4492935982947e-16,1.0,0,0,0,1,317.534485,900.643653333333,132.628333333333,263.94828,396.2414,83.5824936666666,0,6.9497,80.7891,91.02,2.28,21.76,89.83,1.48,1.2140323662237849,20.32480869362799,0.0,0,0.0,0.0,25.75,25.65,-0.091,-0.691
2023,1,Nuwara Eliya,LK23,0.499999999999999,0.866025403784438,0,0,0,1,87.931034,798.787333333333,68.722163,317.534485,263.94828,132.628333333333,0,6.9497,80.7891,89.79,2.39,21.3,91.02,2.28,1.2082213391364125,20.360637661297403,0.25,1,0.25,0.0,25.83,25.73,0.11,-0.269
2023,2,Nuwara Eliya,LK23,0.866025403784438,0.5,0,0,0,1,121.103446,553.270066666666,110.33189,87.931034,317.534485,68.722163,0,6.9497,80.7891,88.42,2.24,20.51,89.79,2.39,1.2082213391364125,20.360637661297403,0.25,1,0.25,0.25,26.29,25.8,0.157,-0.091
2023,3,Nuwara Eliya,LK23,1.0,6.12323399573676e-17,1,0,0,0,192.448273,454.42528,134.595853333333,121.103446,87.931034,110.33189,0,6.9497,80.7891,86.03,1.46,21.22,88.42,2.24,1.2082213391364125,20.360637661297403,0.0,0,0.0,0.25,27.17,25.75,0.414,0.11
2023,4,Nuwara Eliya,LK23,0.866025403784438,-0.499999999999999,1,0,0,0,208.77586,476.695403333333,92.702974,192.448273,121.103446,134.595853333333,0,6.9497,80.7891,84.36,1.07,23.03,86.03,1.46,1.2082213391364125,20.360637661297403,0.0,0,0.0,0.0,27.96,25.83,0.56,0.157
2023,5,Nuwara Eliya,LK23,0.499999999999999,-0.866025403784438,0,1,0,0,347.706897,704.23562,145.262146666666,208.77586,192.448273,92.702974,0,6.9497,80.7891,90.18,2.32,23.95,84.36,1.07,1.2082213391364125,20.360637661297403,0.0,0,0.0,0.0,28.39,26.29,0.443,0.414
2023,6,Nuwara Eliya,LK23,1.22464679914735e-16,-1.0,0,1,0,0,442.05173,891.477,192.710293333333,347.706897,208.77586,145.262146666666,0,6.9497,80.7891,90.4,3.57,23.6,90.18,2.32,1.2082213391364125,20.360637661297403,0.0,0,0.0,0.0,28.57,27.17,0.665,0.56
2023,7,Nuwara Eliya,LK23,-0.499999999999999,-0.866025403784438,0,1,0,0,188.103445,1024.04595333333,109.673175,442.05173,347.706897,192.710293333333,0,6.9497,80.7891,89.33,3.67,23.47,90.4,3.57,1.2082213391364125,20.360637661297403,0.0,0,0.0,0.0,28.32,27.96,0.498,0.443
2023,8,Nuwara Eliya,LK23,-0.866025403784438,-0.5,0,1,0,0,181.379308,814.408016666666,108.957486666666,188.103445,442.05173,109.673175,0,6.9497,80.7891,86.98,3.21,23.01,89.33,3.67,1.2082213391364125,20.360637661297403,0.0,0,0.0,0.0,28.2,28.39,0.826,0.665
2023,9,Nuwara Eliya,LK23,-1.0,-1.83697019872102e-16,0,1,0,0,251.86207,710.293116666666,107.014758,181.379308,188.103445,108.957486666666,0,6.9497,80.7891,89.54,3.36,23.51,86.98,3.21,1.2082213391364125,20.360637661297403,0.0,0,0.0,0.0,28.32,28.57,0.946,0.498
2023,10,Nuwara Eliya,LK23,-0.866025403784438,0.5,0,0,1,0,523.75862,837.850566666666,170.454629999999,251.86207,181.379308,107.014758,0,6.9497,80.7891,91.12,1.6,22.91,89.54,3.36,1.2082213391364125,20.360637661297403,0.0,0,0.0,0.0,28.44,28.32,0.804,0.826
2023,11,Nuwara Eliya,LK23,-0.5,0.866025403784438,0,0,1,0,449.43102,1172.6897,138.719333333333,523.75862,251.86207,170.454629999999,0,6.9497,80.7891,90.37,1.07,22.82,91.12,1.6,1.2082213391364125,20.360637661297403,0.0,0,0.0,0.0,28.72,28.2,0.92,0.946
2023,12,Nuwara Eliya,LK23,-2.4492935982947e-16,1.0,0,0,0,1,356.586205999999,1320.41376666666,143.986783333333,449.43102,523.75862,138.719333333333,0,6.9497,80.7891,92.65,2.1,22.99,90.37,1.07,1.2082213391364125,20.360637661297403,0.0,0,0.0,0.0,28.62,28.32,0.852,0.804
2024,1,Nuwara Eliya,LK23,0.499999999999999,0.866025403784438,0,0,0,1,242.87931,1180.16093333333,163.625821,356.586205999999,449.43102,143.986783333333,0,6.9497,80.7891,90.22,1.85,22.74,92.65,2.1,1.2024103120490397,20.39646662896682,0.0,0,0.0,0.0,28.35,28.44,0.765,0.92
2024,2,Nuwara Eliya,LK23,0.866025403784438,0.5,0,0,0,1,30.793103,747.362023333333,38.2905803333333,242.87931,356.586205999999,163.625821,0,6.9497,80.7891,88.06,2.41,21.95,90.22,1.85,1.2024103120490397,20.39646662896682,0.5,2,0.5,0.0,28.27,28.72,0.327,0.852
2024,3,Nuwara Eliya,LK23,1.0,6.12323399573676e-17,1,0,0,0,44.7241363,387.3161,36.6719806666666,30.793103,242.87931,38.2905803333333,0,6.9497,80.7891,82.56,1.29,22.73,88.06,2.41,1.2024103120490397,20.39646662896682,0.5,2,0.5,0.5,28.41,28.62,0.421,0.765
2024,4,Nuwara Eliya,LK23,0.866025403784438,-0.499999999999999,1,0,0,0,166.672413,207.413786666666,75.0743156666666,44.7241363,30.793103,36.6719806666666,0,6.9497,80.7891,82.37,0.96,23.41,82.56,1.29,1.2024103120490397,20.39646662896682,0.5,2,0.5,0.5,28.59,28.35,0.44,0.327
2024,5,Nuwara Eliya,LK23,0.499999999999999,-0.866025403784438,0,1,0,0,239.551721,380.43676,107.603240666666,166.672413,44.7241363,75.0743156666666,0,6.9497,80.7891,87.77,2.76,25.27,82.37,0.96,1.2024103120490397,20.39646662896682,0.0,0,0.0,0.5,28.16,28.27,0.298,0.421
2024,6,Nuwara Eliya,LK23,1.22464679914735e-16,-1.0,0,1,0,0,113.46552,508.120653333333,53.3087866666666,239.551721,166.672413,107.603240666666,0,6.9497,80.7891,89.23,3.56,24.76,87.77,2.76,1.2024103120490397,20.39646662896682,0.0,0,0.0,0.0,27.9,28.41,0.197,0.44
2024,7,Nuwara Eliya,LK23,-0.499999999999999,-0.866025403784438,0,1,0,0,95.120688,483.896546666666,58.8736966666666,113.46552,239.551721,53.3087866666666,0,6.9497,80.7891,87.9,3.64,23.68,89.23,3.56,1.2024103120490397,20.39646662896682,0.0,0,0.0,0.0,27.34,28.59,0.033,0.298
2024,8,Nuwara Eliya,LK23,-0.866025403784438,-0.5,0,1,0,0,209.327587,428.545976666666,121.22881,95.120688,113.46552,58.8736966666666,0,6.9497,80.7891,88.6,2.96,23.36,87.9,3.64,1.2024103120490397,20.39646662896682,0.0,0,0.0,0.0,26.73,28.16,0.267,0.197
2024,9,Nuwara Eliya,LK23,-1.0,-1.83697019872102e-16,0,1,0,0,124.172411,423.890799999999,55.3283209999999,209.327587,95.120688,121.22881,0,6.9497,80.7891,87.56,3.53,23.24,88.6,2.96,1.2024103120490397,20.39646662896682,0.0,0,0.0,0.0,26.45,27.9,0.115,0.033
2024,10,Nuwara Eliya,LK23,-0.866025403784438,0.5,0,0,1,0,372.25863,601.137956666666,120.09255,124.172411,209.327587,55.3283209999999,0,6.9497,80.7891,89.05,2.12,23.57,87.56,3.53,1.2024103120490397,20.39646662896682,0.0,0,0.0,0.0,26.44,27.34,-0.196,0.267
2024,11,Nuwara Eliya,LK23,-0.5,0.866025403784438,0,0,1,0,437.67242,831.90805,133.757891333333,372.25863,124.172411,120.09255,0,6.9497,80.7891,89.84,1.98,23.19,89.05,2.12,1.2024103120490397,20.39646662896682,0.5,2,0.5,0.0,26.45,26.73,-0.382,0.115
2024,12,Nuwara Eliya,LK23,-2.4492935982947e-16,1.0,0,0,0,1,200.75862,970.109253333333,83.6538256666666,437.67242,372.25863,133.757891333333,0,6.9497,80.7891,89.59,1.6,22.95,89.84,1.98,1.2024103120490397,20.39646662896682,0.5,2,0.5,0.5,26.0,26.45,-0.331,-0.196
2017,1,Galle,LK31,0.499999999999999,0.866025403784438,0,0,0,1,158.870359999999,652.018523333333,108.077244666666,214.452380571428,383.857144285714,104.61214547619,0,6.0535,80.221,75.29,2.91,27.251428571428573,80.71285714285715,3.005714285714286,5.229615883682991,12.118830757811253,0.0,0,0.0,0.0,26.12,25.98,-0.086,-0.382
2017,2,Galle,LK31,0.866025403784438,0.5,0,0,0,1,114.740738,453.462943333333,104.622452666666,158.870359999999,214.452380571428,108.077244666666,0,6.0535,80.221,74.33,2.24,26.5,75.29,2.91,5.229615883682991,12.118830757811253,0.0,0,0.0,0.0,26.67,25.94,0.101,-0.31
2017,3,Galle,LK31,1.0,6.12323399573676e-17,1,0,0,0,213.074075,460.228373333333,122.790483333333,114.740738,158.870359999999,104.622452666666,0,6.0535,80.221,79.43,2.43,26.88,74.33,2.24,5.229615883682991,12.118830757811253,0.0,0,0.0,0.0,27.32,26.1,0.357,-0.086
2017,4,Galle,LK31,0.866025403784438,-0.499999999999999,1,0,0,0,169.648148,549.432073333333,68.7814293333333,213.074075,114.740738,122.790483333333,0,6.0535,80.221,81.86,3.91,27.57,79.43,2.43,5.229615883682991,12.118830757811253,0.0,0,0.0,0.0,28.03,26.12,0.498,0.101
2017,5,Galle,LK31,0.499999999999999,-0.866025403784438,0,1,0,0,637.685189999999,778.12965,140.675858666666,169.648148,213.074075,68.7814293333333,0,6.0535,80.221,83.32,4.84,28.42,81.86,3.91,5.229615883682991,12.118830757811253,0.0,0,0.0,0.0,28.3,26.67,0.536,0.357
2017,6,Galle,LK31,1.22464679914735e-16,-1.0,0,1,0,0,158.425926,979.382766666666,63.2491153333333,637.685189999999,169.648148,140.675858666666,0,6.0535,80.221,85.54,5.52,28.25,83.32,4.84,5.229615883682991,12.118830757811253,0.0,0,0.0,0.0,28.06,27.32,0.424,0.498
2017,7,Galle,LK31,-0.499999999999999,-0.866025403784438,0,1,0,0,120.222223,919.6111,68.7619116666666,158.425926,637.685189999999,63.2491153333333,0,6.0535,80.221,84.16,5.66,27.51,85.54,5.52,5.229615883682991,12.118830757811253,0.0,0,0.0,0.0,27.54,28.03,0.52,0.536
2017,8,Galle,LK31,-0.866025403784438,-0.5,0,1,0,0,232.833334,744.104973333333,141.481585666666,120.222223,158.425926,68.7619116666666,0,6.0535,80.221,84.92,5.77,27.69,84.16,5.66,5.229615883682991,12.118830757811253,0.0,0,0.0,0.0,26.7,28.3,0.349,0.424
2017,9,Galle,LK31,-1.0,-1.83697019872102e-16,0,1,0,0,361.38889,703.41361,124.737529666666,232.833334,120.222223,141.481585666666,0,6.0535,80.221,84.21,5.33,27.39,84.92,5.77,5.229615883682991,12.118830757811253,0.0,0,0.0,0.0,26.29,28.06,0.035,0.52
2017,10,Galle,LK31,-0.866025403784438,0.5,0,0,1,0,340.166675,864.000033333333,87.4549566666666,361.38889,232.833334,124.737529666666,0,6.0535,80.221,84.44,4.7,27.29,84.21,5.33,5.229615883682991,12.118830757811253,0.0,0,0.0,0.0,26.15,27.54,0.015,0.349
2017,11,Galle,LK31,-0.5,0.866025403784438,0,0,1,0,445.555562,1025.36419,118.1549,340.166675,361.38889,87.4549566666666,0,6.0535,80.221,82.82,3.3,27.54,84.44,4.7,5.229615883682991,12.118830757811253,0.0,0,0.0,0.0,25.74,26.7,0.289,0.035
2017,12,Galle,LK31,-2.4492935982947e-16,1.0,0,0,0,1,160.444446,962.444379999999,81.0748766666666,445.555562,340.166675,118.1549,0,6.0535,80.221,79.73,2.64,27.17,82.82,3.3,5.229615883682991,12.118830757811253,0.0,0,0.0,0.0,25.62,26.29,0.11,0.015
2018,1,Galle,LK31,0.499999999999999,0.866025403784438,0,0,0,1,59.685185,749.79008,47.016906,160.444446,445.555562,81.0748766666666,0,6.0535,80.221,75.21,2.2,27.04,79.73,2.64,5.193915588191934,12.09231157741112,0.0,0,0.0,0.0,25.57,26.15,-0.2,0.289
2018,2,Galle,LK31,0.866025403784438,0.5,0,0,0,1,107.888891,481.45062,96.3568313333333,59.685185,160.444446,47.016906,0,6.0535,80.221,78.61,2.34,26.73,75.21,2.2,5.193915588191934,12.09231157741112,0.0,0,0.0,0.0,25.97,25.74,0.216,0.11
2018,3,Galle,LK31,1.0,6.12323399573676e-17,1,0,0,0,245.259266,398.956806666666,142.785836666666,107.888891,59.685185,96.3568313333333,0,6.0535,80.221,80.11,2.87,26.95,78.61,2.34,5.193915588191934,12.09231157741112,0.0,0,0.0,0.0,26.48,25.62,-0.12,-0.2
2018,4,Galle,LK31,0.866025403784438,-0.499999999999999,1,0,0,0,307.944456,578.598793333333,116.977623333333,245.259266,107.888891,142.785836666666,0,6.0535,80.221,81.72,2.74,27.74,80.11,2.87,5.193915588191934,12.09231157741112,0.0,0,0.0,0.0,27.31,25.57,-0.083,0.216
2018,5,Galle,LK31,0.499999999999999,-0.866025403784438,0,1,0,0,746.148169999999,1092.85181666666,160.780176666666,307.944456,245.259266,116.977623333333,0,6.0535,80.221,84.45,4.52,28.16,81.72,2.74,5.193915588191934,12.09231157741112,0.0,0,0.0,0.0,27.73,25.97,0.122,-0.12
2018,6,Galle,LK31,1.22464679914735e-16,-1.0,0,1,0,0,332.740735,1347.16676666666,123.993993333333,746.148169999999,307.944456,160.780176666666,0,6.0535,80.221,85.7,5.86,27.97,84.45,4.52,5.193915588191934,12.09231157741112,0.0,0,0.0,0.0,27.77,26.48,0.155,-0.083
2018,7,Galle,LK31,-0.499999999999999,-0.866025403784438,0,1,0,0,140.85185,1285.27783333333,77.6040866666666,332.740735,746.148169999999,123.993993333333,0,6.0535,80.221,86.79,5.63,27.57,85.7,5.86,5.193915588191934,12.09231157741112,0.0,0,0.0,0.0,27.42,27.31,0.053,0.122
2018,8,Galle,LK31,-0.866025403784438,-0.5,0,1,0,0,163.759262999999,821.635816666666,97.2433493333333,140.85185,332.740735,77.6040866666666,0,6.0535,80.221,87.62,5.43,27.01,86.79,5.63,5.193915588191934,12.09231157741112,0.0,0,0.0,0.0,26.94,27.73,0.121,0.155
2018,9,Galle,LK31,-1.0,-1.83697019872102e-16,0,1,0,0,313.240742,544.56789,91.509229,163.759262999999,140.85185,97.2433493333333,0,6.0535,80.221,83.0,4.48,26.52,87.62,5.43,5.193915588191934,12.09231157741112,0.0,0,0.0,0.0,27.19,27.77,0.604,0.053
2018,10,Galle,LK31,-0.866025403784438,0.5,0,0,1,0,551.64815,922.518533333333,147.553768333333,313.240742,163.759262999999,91.509229,0,6.0535,80.221,84.62,3.75,27.03,83.0,4.48,5.193915588191934,12.09231157741112,0.0,0,0.0,0.0,27.62,27.42,0.684,0.121
2018,11,Galle,LK31,-0.5,0.866025403784438,0,0,1,0,355.592595,1185.6728,95.5372633333333,551.64815,313.240742,147.553768333333,0,6.0535,80.221,82.99,3.02,26.93,84.62,3.75,5.193915588191934,12.09231157741112,0.0,0,0.0,0.0,27.61,26.94,0.5,0.604
2018,12,Galle,LK31,-2.4492935982947e-16,1.0,0,0,0,1,97.962963,1152.11733333333,52.56072,355.592595,551.64815,95.5372633333333,0,6.0535,80.221,78.56,2.83,27.18,82.99,3.02,5.193915588191934,12.09231157741112,0.0,0,0.0,0.0,27.49,27.19,0.309,0.684
2019,1,Galle,LK31,0.499999999999999,0.866025403784438,0,0,0,1,47.1481475,635.104946666666,39.6253896666666,97.962963,355.592595,52.56072,0,6.0535,80.221,77.24,2.58,27.1,78.56,2.83,5.158215292700878,12.065792397010991,0.0,0,0.0,0.0,27.19,27.62,0.387,0.5
2019,2,Galle,LK31,0.866025403784438,0.5,0,0,0,1,168.907405,374.746916666666,134.097022333333,47.1481475,97.962963,39.6253896666666,0,6.0535,80.221,79.61,2.49,26.85,77.24,2.58,5.158215292700878,12.065792397010991,0.0,0,0.0,0.0,27.46,27.61,0.416,0.309
2019,3,Galle,LK31,1.0,6.12323399573676e-17,1,0,0,0,73.9814799999999,301.882716666666,49.1732706666666,168.907405,47.1481475,134.097022333333,0,6.0535,80.221,76.48,2.49,27.44,79.61,2.49,5.158215292700878,12.065792397010991,0.0,0,0.0,0.0,28.09,27.49,0.225,0.387
2019,4,Galle,LK31,0.866025403784438,-0.499999999999999,1,0,0,0,235.962963,380.598756666666,88.6690516666666,73.9814799999999,168.907405,49.1732706666666,0,6.0535,80.221,78.27,2.49,28.0,76.48,2.49,5.158215292700878,12.065792397010991,0.0,0,0.0,0.0,28.44,27.19,0.258,0.416
2019,5,Galle,LK31,0.499999999999999,-0.866025403784438,0,1,0,0,251.740736,474.086406666666,57.9653103333333,235.962963,73.9814799999999,88.6690516666666,0,6.0535,80.221,82.96,4.81,28.56,78.27,2.49,5.158215292700878,12.065792397010991,0.0,0,0.0,0.0,28.48,27.46,0.54,0.225
2019,6,Galle,LK31,1.22464679914735e-16,-1.0,0,1,0,0,495.25926,886.753096666666,176.334403333333,251.740736,235.962963,57.9653103333333,0,6.0535,80.221,81.91,5.8,28.65,82.96,4.81,5.158215292700878,12.065792397010991,0.0,0,0.0,0.0,28.18,28.09,0.605,0.258
2019,7,Galle,LK31,-0.499999999999999,-0.866025403784438,0,1,0,0,169.92593,981.7099,91.3205199999999,495.25926,251.740736,176.334403333333,0,6.0535,80.221,83.33,5.1,28.65,81.91,5.8,5.158215292700878,12.065792397010991,0.0,0,0.0,0.0,27.64,28.44,0.597,0.54
2019,8,Galle,LK31,-0.866025403784438,-0.5,0,1,0,0,543.42594,1122.57413333333,312.698463333333,169.92593,495.25926,91.3205199999999,0,6.0535,80.221,82.64,5.74,27.8,83.33,5.1,5.158215292700878,12.065792397010991,0.0,0,0.0,0.0,26.9,28.48,0.436,0.605
2019,9,Galle,LK31,-1.0,-1.83697019872102e-16,0,1,0,0,1145.81483,1505.5802,349.32437,543.42594,169.92593,312.698463333333,0,6.0535,80.221,84.26,4.44,27.57,82.64,5.74,5.158215292700878,12.065792397010991,0.0,0,0.0,0.0,26.75,28.18,0.892,0.597
2019,10,Galle,LK31,-0.866025403784438,0.5,0,0,1,0,629.72224,2118.30873333333,157.29862,1145.81483,543.42594,349.32437,0,6.0535,80.221,84.03,3.15,27.33,84.26,4.44,5.158215292700878,12.065792397010991,0.0,0,0.0,0.0,27.2,27.64,0.964,0.436
2019,11,Galle,LK31,-0.5,0.866025403784438,0,0,1,0,350.87036,2199.33963333333,93.9895966666666,629.72224,1145.81483,157.29862,0,6.0535,80.221,83.17,2.86,26.92,84.03,3.15,5.158215292700878,12.065792397010991,0.0,0,0.0,0.0,27.22,26.9,0.835,0.892
2019,12,Galle,LK31,-2.4492935982947e-16,1.0,0,0,0,1,243.037045,1618.98776666666,118.997846666666,350.87036,629.72224,93.9895966666666,0,6.0535,80.221,82.05,2.99,27.42,83.17,2.86,5.158215292700878,12.065792397010991,0.0,0,0.0,0.0,27.12,26.75,0.243,0.964
2020,1,Galle,LK31,0.499999999999999,0.866025403784438,0,0,0,1,71.962964,895.01857,54.975843,243.037045,350.87036,118.997846666666,0,6.0535,80.221,77.53,2.84,27.32,82.05,2.99,5.122514997209821,12.039273216610862,0.0,0,0.0,0.0,27.15,27.2,0.173,0.835
2020,2,Galle,LK31,0.866025403784438,0.5,0,0,0,1,38.6481477,469.672843333333,41.1042313333333,71.962964,243.037045,54.975843,0,6.0535,80.221,76.88,2.73,27.48,77.53,2.84,5.122514997209821,12.039273216610862,0.3333,1,0.3333,0.0,27.12,27.22,0.054,0.243
2020,3,Galle,LK31,1.0,6.12323399573676e-17,1,0,0,0,66.962962,226.722233333333,44.1098243333333,38.6481477,71.962964,41.1042313333333,0,6.0535,80.221,77.04,2.45,27.59,76.88,2.73,5.122514997209821,12.039273216610862,0.0,0,0.0,0.3333,27.76,27.12,0.019,0.173
2020,4,Galle,LK31,0.866025403784438,-0.499999999999999,1,0,0,0,217.962967,241.679013333333,81.398692,66.962962,38.6481477,44.1098243333333,0,6.0535,80.221,79.9,2.95,28.11,77.04,2.45,5.122514997209821,12.039273216610862,0.0,0,0.0,0.0,28.18,27.15,-0.011,0.054
2020,5,Galle,LK31,0.499999999999999,-0.866025403784438,0,1,0,0,541.53703,661.376563333333,116.691256666666,217.962967,66.962962,81.398692,0,6.0535,80.221,83.08,4.97,28.67,79.9,2.95,5.122514997209821,12.039273216610862,0.0,0,0.0,0.0,27.66,27.12,0.298,0.019
2020,6,Galle,LK31,1.22464679914735e-16,-1.0,0,1,0,0,270.296294,929.160483333333,105.625363333333,541.53703,217.962967,116.691256666666,0,6.0535,80.221,82.69,5.65,28.8,83.08,4.97,5.122514997209821,12.039273216610862,0.0,0,0.0,0.0,27.39,27.76,0.455,-0.011
2020,7,Galle,LK31,-0.499999999999999,-0.866025403784438,0,1,0,0,306.518515,1110.56166666666,160.137066666666,270.296294,541.53703,105.625363333333,0,6.0535,80.221,83.39,5.18,28.25,82.69,5.65,5.122514997209821,12.039273216610862,0.0,0,0.0,0.0,26.99,28.18,0.319,0.298
2020,8,Galle,LK31,-0.866025403784438,-0.5,0,1,0,0,237.481484,967.2963,169.661213333333,306.518515,270.296294,160.137066666666,0,6.0535,80.221,84.44,4.8,27.5,83.39,5.18,5.122514997209821,12.039273216610862,0.0,0,0.0,0.0,26.26,27.66,-0.183,0.455
2020,9,Galle,LK31,-1.0,-1.83697019872102e-16,0,1,0,0,563.9074,1044.3827,180.087503333333,237.481484,306.518515,169.661213333333,0,6.0535,80.221,84.32,5.5,27.41,84.44,4.8,5.122514997209821,12.039273216610862,0.3333,1,0.3333,0.0,25.89,27.39,-0.189,0.319
2020,10,Galle,LK31,-0.866025403784438,0.5,0,0,1,0,124.074073,999.185149999999,34.409074,563.9074,237.481484,180.087503333333,0,6.0535,80.221,84.46,5.24,27.35,84.32,5.5,5.122514997209821,12.039273216610862,0.0,0,0.0,0.3333,25.46,26.99,0.074,-0.183
2020,11,Galle,LK31,-0.5,0.866025403784438,0,0,1,0,299.57407,938.061679999999,81.0891133333333,124.074073,563.9074,34.409074,0,6.0535,80.221,82.25,2.89,27.44,84.46,5.24,5.122514997209821,12.039273216610862,0.0,0,0.0,0.0,25.28,26.26,0.02,-0.189
2020,12,Galle,LK31,-2.4492935982947e-16,1.0,0,0,0,1,172.759254,724.666666666666,88.2676883333333,299.57407,124.074073,81.0891133333333,0,6.0535,80.221,80.66,2.86,27.58,82.25,2.89,5.122514997209821,12.039273216610862,0.0,0,0.0,0.0,25.44,25.89,0.031,0.074
2021,1,Galle,LK31,0.499999999999999,0.866025403784438,0,0,0,1,221.203704,663.166683333333,149.666536666666,172.759254,299.57407,88.2676883333333,0,6.0535,80.221,80.86,2.64,27.25,80.66,2.86,5.086814701718764,12.012754036210731,0.0,0,0.0,0.0,25.55,25.46,0.051,0.02
2021,2,Galle,LK31,0.866025403784438,0.5,0,0,0,1,88.75926,533.55555,80.3479163333333,221.203704,172.759254,149.666536666666,0,6.0535,80.221,78.0,2.44,26.8,80.86,2.64,5.086814701718764,12.012754036210731,0.0,0,0.0,0.0,25.75,25.28,0.243,0.031
2021,3,Galle,LK31,1.0,6.12323399573676e-17,1,0,0,0,235.351854,518.87654,134.462678,88.75926,221.203704,80.3479163333333,0,6.0535,80.221,77.77,2.57,27.36,78.0,2.44,5.086814701718764,12.012754036210731,0.0,0,0.0,0.0,26.48,25.44,0.267,0.051
2021,4,Galle,LK31,0.866025403784438,-0.499999999999999,1,0,0,0,197.74074,494.000019999999,74.920765,235.351854,88.75926,134.462678,0,6.0535,80.221,81.02,3.17,27.52,77.77,2.57,5.086814701718764,12.012754036210731,0.0,0,0.0,0.0,27.1,25.55,0.25,0.243
2021,5,Galle,LK31,0.499999999999999,-0.866025403784438,0,1,0,0,626.07408,874.833366666666,136.662646666666,197.74074,235.351854,74.920765,0,6.0535,80.221,82.21,4.64,28.26,81.02,3.17,5.086814701718764,12.012754036210731,0.0,0,0.0,0.0,27.47,25.75,0.009,0.267
2021,6,Galle,LK31,1.22464679914735e-16,-1.0,0,1,0,0,371.20371,1207.4013,131.025758333333,626.07408,197.74074,136.662646666666,0,6.0535,80.221,83.68,5.71,28.49,82.21,4.64,5.086814701718764,12.012754036210731,0.0,0,0.0,0.0,27.45,26.48,-0.002,0.25
2021,7,Galle,LK31,-0.499999999999999,-0.866025403784438,0,1,0,0,384.03703,1377.70376666666,203.04764,371.20371,626.07408,131.025758333333,0,6.0535,80.221,84.67,6.08,27.9,83.68,5.71,5.086814701718764,12.012754036210731,0.0,0,0.0,0.0,26.9,27.1,-0.229,0.009
2021,8,Galle,LK31,-0.866025403784438,-0.5,0,1,0,0,261.388888,1090.21604666666,137.602357333333,384.03703,371.20371,203.04764,0,6.0535,80.221,85.42,5.41,27.62,84.67,6.08,5.086814701718764,12.012754036210731,0.0,0,0.0,0.0,26.32,27.47,-0.099,-0.002
2021,9,Galle,LK31,-1.0,-1.83697019872102e-16,0,1,0,0,289.48149,906.104899999999,93.7373109999999,261.388888,384.03703,137.602357333333,0,6.0535,80.221,84.47,5.63,27.14,85.42,5.41,5.086814701718764,12.012754036210731,0.0,0,0.0,0.0,26.17,27.45,-0.058,-0.229
2021,10,Galle,LK31,-0.866025403784438,0.5,0,0,1,0,416.46296,923.444413333333,111.244288666666,289.48149,261.388888,93.7373109999999,0,6.0535,80.221,84.72,4.74,27.55,84.47,5.63,5.086814701718764,12.012754036210731,0.0,0,0.0,0.0,25.77,26.9,-0.091,-0.099
2021,11,Galle,LK31,-0.5,0.866025403784438,0,0,1,0,425.81482,1142.9259,113.512241333333,416.46296,289.48149,111.244288666666,0,6.0535,80.221,83.19,4.74,27.43,84.72,4.74,5.086814701718764,12.012754036210731,0.3333,1,0.3333,0.0,25.76,26.32,0.069,-0.058
2021,12,Galle,LK31,-2.4492935982947e-16,1.0,0,0,0,1,177.370372,1086.03086666666,84.56459,425.81482,416.46296,113.512241333333,0,6.0535,80.221,78.94,2.36,27.33,83.19,4.74,5.086814701718764,12.012754036210731,0.0,0,0.0,0.3333,25.54,26.17,-0.12,-0.091
2022,1,Galle,LK31,0.499999999999999,0.866025403784438,0,0,0,1,98.777776,822.314766666666,71.5893323333333,177.370372,425.81482,84.56459,0,6.0535,80.221,78.84,2.33,27.32,78.94,2.36,5.0511144062277085,11.986234855810604,0.0,0,0.0,0.0,25.6,25.77,-0.056,0.069
2022,2,Galle,LK31,0.866025403784438,0.5,0,0,0,1,137.333331,480.407403333333,119.682463333333,98.777776,177.370372,71.5893323333333,0,6.0535,80.221,76.98,2.27,27.22,78.84,2.33,5.0511144062277085,11.986234855810604,0.3333,1,0.3333,0.0,25.86,25.76,-0.082,-0.12
2022,3,Galle,LK31,1.0,6.12323399573676e-17,1,0,0,0,164.907408,385.938293333333,97.3078066666666,137.333331,98.777776,119.682463333333,0,6.0535,80.221,78.72,3.22,27.18,76.98,2.27,5.0511144062277085,11.986234855810604,0.0,0,0.0,0.3333,26.31,25.54,-0.093,-0.056
2022,4,Galle,LK31,0.866025403784438,-0.499999999999999,1,0,0,0,346.499989999999,567.02469,130.879008333333,164.907408,137.333331,97.3078066666666,0,6.0535,80.221,82.12,3.0,27.95,78.72,3.22,5.0511144062277085,11.986234855810604,0.0,0,0.0,0.0,26.7,25.6,-0.068,-0.082
2022,5,Galle,LK31,0.499999999999999,-0.866025403784438,0,1,0,0,660.18518,962.94443,145.088316666666,346.499989999999,164.907408,130.879008333333,1,6.0535,80.221,84.52,6.1,28.16,82.12,3.0,5.0511144062277085,11.986234855810604,0.0,0,0.0,0.0,26.82,25.86,-0.122,-0.093
2022,6,Galle,LK31,1.22464679914735e-16,-1.0,0,1,0,0,211.01851,1206.63583333333,81.256984,660.18518,346.499989999999,145.088316666666,0,6.0535,80.221,84.09,5.88,28.31,84.52,6.1,5.0511144062277085,11.986234855810604,0.0,0,0.0,0.0,26.98,26.31,-0.335,-0.068
2022,7,Galle,LK31,-0.499999999999999,-0.866025403784438,0,1,0,0,251.740753,1094.5247,134.859225,211.01851,660.18518,81.256984,0,6.0535,80.221,85.06,5.83,27.72,84.09,5.88,5.0511144062277085,11.986234855810604,0.0,0,0.0,0.0,26.6,26.7,-0.195,-0.122
2022,8,Galle,LK31,-0.866025403784438,-0.5,0,1,0,0,288.888885999999,889.759243333333,163.925143333333,251.740753,211.01851,134.859225,0,6.0535,80.221,85.98,5.93,27.14,85.06,5.83,5.0511144062277085,11.986234855810604,0.0,0,0.0,0.0,25.88,26.82,-0.246,-0.335
2022,9,Galle,LK31,-1.0,-1.83697019872102e-16,0,1,0,0,132.944444,714.55558,49.2071506666666,288.888885999999,251.740753,163.925143333333,0,6.0535,80.221,84.55,5.31,26.8,85.98,5.93,5.0511144062277085,11.986234855810604,0.0,0,0.0,0.0,25.65,26.98,-0.322,-0.195
2022,10,Galle,LK31,-0.866025403784438,0.5,0,0,1,0,547.2037,847.99385,129.973179333333,132.944444,288.888885999999,49.2071506666666,0,6.0535,80.221,83.02,5.36,27.05,84.55,5.31,5.0511144062277085,11.986234855810604,0.0,0,0.0,0.0,25.73,26.6,-0.691,-0.246
2022,11,Galle,LK31,-0.5,0.866025403784438,0,0,1,0,306.203713,1042.28392,82.8399473333333,547.2037,132.944444,129.973179333333,0,6.0535,80.221,80.92,3.21,27.21,83.02,5.36,5.0511144062277085,11.986234855810604,0.0,0,0.0,0.0,25.8,25.88,-0.269,-0.322
2022,12,Galle,LK31,-2.4492935982947e-16,1.0,0,0,0,1,253.314813999999,1060.40111666666,122.009876666666,306.203713,547.2037,82.8399473333333,0,6.0535,80.221,81.19,3.97,27.13,80.92,3.21,5.0511144062277085,11.986234855810604,0.0,0,0.0,0.0,25.75,25.65,-0.091,-0.691
2023,1,Galle,LK31,0.499999999999999,0.866025403784438,0,0,0,1,143.37037,900.487633333333,99.0855649999999,253.314813999999,306.203713,122.009876666666,0,6.0535,80.221,76.98,3.18,26.98,81.19,3.97,5.015414110736652,11.959715675410472,0.0,0,0.0,0.0,25.83,25.73,0.11,-0.269
2023,2,Galle,LK31,0.866025403784438,0.5,0,0,0,1,242.203694999999,659.006136666666,193.087059999999,143.37037,253.314813999999,99.0855649999999,0,6.0535,80.221,78.72,3.04,26.57,76.98,3.18,5.015414110736652,11.959715675410472,0.0,0,0.0,0.0,26.29,25.8,0.157,-0.091
2023,3,Galle,LK31,1.0,6.12323399573676e-17,1,0,0,0,356.38889,700.117266666666,202.417216666666,242.203694999999,143.37037,193.087059999999,0,6.0535,80.221,79.18,2.69,26.99,78.72,3.04,5.015414110736652,11.959715675410472,0.0,0,0.0,0.0,27.17,25.75,0.414,0.11
2023,4,Galle,LK31,0.866025403784438,-0.499999999999999,1,0,0,0,230.481482,790.50617,86.1634419999999,356.38889,242.203694999999,202.417216666666,0,6.0535,80.221,78.34,2.35,27.88,79.18,2.69,5.015414110736652,11.959715675410472,0.0,0,0.0,0.0,27.96,25.83,0.56,0.157
2023,5,Galle,LK31,0.499999999999999,-0.866025403784438,0,1,0,0,1101.42592,1446.61733333333,236.389003333333,230.481482,356.38889,86.1634419999999,0,6.0535,80.221,83.44,4.84,28.65,78.34,2.35,5.015414110736652,11.959715675410472,0.0,0,0.0,0.0,28.39,26.29,0.443,0.414
2023,6,Galle,LK31,1.22464679914735e-16,-1.0,0,1,0,0,410.16667,1739.2284,148.52706,1101.42592,230.481482,236.389003333333,0,6.0535,80.221,83.86,6.04,28.53,83.44,4.84,5.015414110736652,11.959715675410472,0.0,0,0.0,0.0,28.57,27.17,0.665,0.56
2023,7,Galle,LK31,-0.499999999999999,-0.866025403784438,0,1,0,0,188.629629,1745.13583333333,104.061866666666,410.16667,1101.42592,148.52706,0,6.0535,80.221,85.88,5.47,28.33,83.86,6.04,5.015414110736652,11.959715675410472,0.0,0,0.0,0.0,28.32,27.96,0.498,0.443
2023,8,Galle,LK31,-0.866025403784438,-0.5,0,1,0,0,226.018517,992.771633333333,116.705373333333,188.629629,410.16667,104.061866666666,0,6.0535,80.221,83.74,5.34,27.73,85.88,5.47,5.015414110736652,11.959715675410472,0.0,0,0.0,0.0,28.2,28.39,0.826,0.665
2023,9,Galle,LK31,-1.0,-1.83697019872102e-16,0,1,0,0,715.87036,1051.78394666666,234.11629,226.018517,188.629629,116.705373333333,0,6.0535,80.221,83.48,5.39,27.99,83.74,5.34,5.015414110736652,11.959715675410472,0.0,0,0.0,0.0,28.32,28.57,0.946,0.498
2023,10,Galle,LK31,-0.866025403784438,0.5,0,0,1,0,924.29629,1682.06796666666,245.297496666666,715.87036,226.018517,234.11629,0,6.0535,80.221,83.8,3.29,27.76,83.48,5.39,5.015414110736652,11.959715675410472,0.0,0,0.0,0.0,28.44,28.32,0.804,0.826
2023,11,Galle,LK31,-0.5,0.866025403784438,0,0,1,0,503.38889,2115.21616666666,133.426843333333,924.29629,715.87036,245.297496666666,0,6.0535,80.221,82.54,2.22,27.32,83.8,3.29,5.015414110736652,11.959715675410472,0.0,0,0.0,0.0,28.72,28.2,0.92,0.946
2023,12,Galle,LK31,-2.4492935982947e-16,1.0,0,0,0,1,396.27777,1914.82713333333,184.80942,503.38889,924.29629,133.426843333333,0,6.0535,80.221,83.86,3.39,27.55,82.54,2.22,5.015414110736652,11.959715675410472,0.0,0,0.0,0.0,28.62,28.32,0.852,0.804
2024,1,Galle,LK31,0.499999999999999,0.866025403784438,0,0,0,1,296.351852,1395.9012,190.713403333333,396.27777,503.38889,184.80942,0,6.0535,80.221,79.22,2.34,27.75,83.86,3.39,4.979713815245596,11.933196495010344,0.0,0,0.0,0.0,28.35,28.44,0.765,0.92
2024,2,Galle,LK31,0.866025403784438,0.5,0,0,0,1,58.962961,892.067846666666,56.07981,296.351852,396.27777,190.713403333333,0,6.0535,80.221,80.04,3.21,27.36,79.22,2.34,4.979713815245596,11.933196495010344,0.3333,1,0.3333,0.0,28.27,28.72,0.327,0.852
2024,3,Galle,LK31,1.0,6.12323399573676e-17,1,0,0,0,84.777777,500.308643333333,53.248064,58.962961,296.351852,56.07981,0,6.0535,80.221,76.64,2.11,28.02,80.04,3.21,4.979713815245596,11.933196495010344,0.3333,1,0.3333,0.3333,28.41,28.62,0.421,0.765
2024,4,Galle,LK31,0.866025403784438,-0.499999999999999,1,0,0,0,253.574074,337.160483333333,96.1559416666666,84.777777,58.962961,53.248064,0,6.0535,80.221,80.81,2.58,28.51,76.64,2.11,4.979713815245596,11.933196495010344,0.3333,1,0.3333,0.3333,28.59,28.35,0.44,0.327
2024,5,Galle,LK31,0.499999999999999,-0.866025403784438,0,1,0,0,452.277765,672.648146666666,98.1641016666666,253.574074,84.777777,96.1559416666666,0,6.0535,80.221,83.77,5.27,29.15,80.81,2.58,4.979713815245596,11.933196495010344,0.0,0,0.0,0.3333,28.16,28.27,0.298,0.421
2024,6,Galle,LK31,1.22464679914735e-16,-1.0,0,1,0,0,170.388889,867.654286666666,64.90346,452.277765,253.574074,98.1641016666666,0,6.0535,80.221,84.83,5.64,29.0,83.77,5.27,4.979713815245596,11.933196495010344,0.0,0,0.0,0.0,27.9,28.41,0.197,0.44
2024,7,Galle,LK31,-0.499999999999999,-0.866025403784438,0,1,0,0,173.574078,829.413633333333,95.1329916666666,170.388889,452.277765,64.90346,0,6.0535,80.221,84.23,5.21,28.36,84.83,5.64,4.979713815245596,11.933196495010344,0.0,0,0.0,0.0,27.34,28.59,0.033,0.298
2024,8,Galle,LK31,-0.866025403784438,-0.5,0,1,0,0,339.833333,669.901223333333,179.927283333333,173.574078,170.388889,95.1329916666666,0,6.0535,80.221,83.63,5.21,28.3,84.23,5.21,4.979713815245596,11.933196495010344,0.0,0,0.0,0.0,26.73,28.16,0.267,0.197
2024,9,Galle,LK31,-1.0,-1.83697019872102e-16,0,1,0,0,293.666665999999,748.395046666666,94.4910566666666,339.833333,173.574078,179.927283333333,0,6.0535,80.221,84.4,5.63,27.91,83.63,5.21,4.979713815245596,11.933196495010344,0.0,0,0.0,0.0,26.45,27.9,0.115,0.033
2024,10,Galle,LK31,-0.866025403784438,0.5,0,0,1,0,432.462959999999,983.845633333333,113.922236666666,293.666665999999,339.833333,94.4910566666666,0,6.0535,80.221,83.81,4.62,28.07,84.4,5.63,4.979713815245596,11.933196495010344,0.0,0,0.0,0.0,26.44,27.34,-0.196,0.267
2024,11,Galle,LK31,-0.5,0.866025403784438,0,0,1,0,462.814809999999,1172.88266666666,122.82467,432.462959999999,293.666665999999,113.922236666666,0,6.0535,80.221,83.72,4.13,27.9,83.81,4.62,4.979713815245596,11.933196495010344,0.3333,1,0.3333,0.0,26.45,26.73,-0.382,0.115
2024,12,Galle,LK31,-2.4492935982947e-16,1.0,0,0,0,1,190.722213,1113.7284,99.1419453333333,462.814809999999,432.462959999999,122.82467,0,6.0535,80.221,81.59,3.33,27.67,83.72,4.13,4.979713815245596,11.933196495010344,0.3333,1,0.3333,0.3333,26.0,26.45,-0.331,-0.196
2017,1,Matara,LK32,0.499999999999999,0.866025403784438,0,0,0,1,137.461542,574.3675,96.772197,215.96337,360.300366,104.638715333333,0,5.9549,80.555,75.1,2.57,26.67,82.88142857142859,2.994285714285714,4.829896542903112,11.382449279141277,0.0,0,0.0,0.0,26.12,25.98,-0.086,-0.382
2017,2,Matara,LK32,0.866025403784438,0.5,0,0,0,1,126.435899,414.453006666666,117.087603333333,137.461542,215.96337,96.772197,0,5.9549,80.555,75.08,3.05,26.18,75.1,2.57,4.829896542903112,11.382449279141277,0.3333,1,0.3333,0.0,26.67,25.94,0.101,-0.31
2017,3,Matara,LK32,1.0,6.12323399573676e-17,1,0,0,0,185.025646,431.948723333333,114.803136666666,126.435899,137.461542,117.087603333333,0,5.9549,80.555,79.54,2.38,26.65,75.08,3.05,4.829896542903112,11.382449279141277,0.3333,1,0.3333,0.3333,27.32,26.1,0.357,-0.086
2017,4,Matara,LK32,0.866025403784438,-0.499999999999999,1,0,0,0,129.435898,494.81197,66.9246346666666,185.025646,126.435899,114.803136666666,0,5.9549,80.555,81.39,3.57,27.27,79.54,2.38,4.829896542903112,11.382449279141277,0.0,0,0.0,0.3333,28.03,26.12,0.498,0.101
2017,5,Matara,LK32,0.499999999999999,-0.866025403784438,0,1,0,0,550.20512,667.44441,155.0233,129.435898,185.025646,66.9246346666666,0,5.9549,80.555,83.77,4.34,28.12,81.39,3.57,4.829896542903112,11.382449279141277,0.3333,1,0.3333,0.0,28.3,26.67,0.536,0.357
2017,6,Matara,LK32,1.22464679914735e-16,-1.0,0,1,0,0,140.410255,827.008583333333,62.820739,550.20512,129.435898,155.0233,0,5.9549,80.555,85.96,5.19,27.86,83.77,4.34,4.829896542903112,11.382449279141277,0.0,0,0.0,0.3333,28.06,27.32,0.424,0.498
2017,7,Matara,LK32,-0.499999999999999,-0.866025403784438,0,1,0,0,90.000001,778.692283333333,68.0354,140.410255,550.20512,62.820739,0,5.9549,80.555,84.17,5.24,27.12,85.96,5.19,4.829896542903112,11.382449279141277,0.0,0,0.0,0.0,27.54,28.03,0.52,0.536
2017,8,Matara,LK32,-0.866025403784438,-0.5,0,1,0,0,202.333335,636.119676666666,145.868694333333,90.000001,140.410255,68.0354,0,5.9549,80.555,83.94,5.4,27.33,84.17,5.24,4.829896542903112,11.382449279141277,0.0,0,0.0,0.0,26.7,28.3,0.349,0.424
2017,9,Matara,LK32,-1.0,-1.83697019872102e-16,0,1,0,0,278.0,568.2564,125.288557,202.333335,90.000001,145.868694333333,0,5.9549,80.555,84.07,4.9,27.17,83.94,5.4,4.829896542903112,11.382449279141277,0.0,0,0.0,0.0,26.29,28.06,0.035,0.52
2017,10,Matara,LK32,-0.866025403784438,0.5,0,0,1,0,262.948715,684.282056666666,82.2784853333333,278.0,202.333335,125.288557,0,5.9549,80.555,84.34,4.38,26.97,84.07,4.9,4.829896542903112,11.382449279141277,0.0,0,0.0,0.0,26.15,27.54,0.015,0.349
2017,11,Matara,LK32,-0.5,0.866025403784438,0,0,1,0,421.692303,836.811956666666,114.822115,262.948715,278.0,82.2784853333333,0,5.9549,80.555,83.31,2.87,27.25,84.34,4.38,4.829896542903112,11.382449279141277,0.0,0,0.0,0.0,25.74,26.7,0.289,0.035
2017,12,Matara,LK32,-2.4492935982947e-16,1.0,0,0,0,1,160.435894,842.846153333333,80.62527,421.692303,262.948715,114.822115,0,5.9549,80.555,81.3,2.63,26.82,83.31,2.87,4.829896542903112,11.382449279141277,0.0,0,0.0,0.0,25.62,26.29,0.11,0.015
2018,1,Matara,LK32,0.499999999999999,0.866025403784438,0,0,0,1,52.3846154999999,699.162403333333,42.6402123333333,160.435894,421.692303,80.62527,0,5.9549,80.555,77.35,2.17,26.58,81.3,2.63,4.88168273032036,11.528887607690168,0.0,0,0.0,0.0,25.57,26.15,-0.2,0.289
2018,2,Matara,LK32,0.866025403784438,0.5,0,0,0,1,111.512822,470.991446666666,100.405346666666,52.3846154999999,160.435894,42.6402123333333,0,5.9549,80.555,80.69,3.24,26.08,77.35,2.17,4.88168273032036,11.528887607690168,0.0,0,0.0,0.0,25.97,25.74,0.216,0.11
2018,3,Matara,LK32,1.0,6.12323399573676e-17,1,0,0,0,225.487182,377.82908,137.884806666666,111.512822,52.3846154999999,100.405346666666,0,5.9549,80.555,80.7,3.12,26.46,80.69,3.24,4.88168273032036,11.528887607690168,0.0,0,0.0,0.0,26.48,25.62,-0.12,-0.2
2018,4,Matara,LK32,0.866025403784438,-0.499999999999999,1,0,0,0,248.282044999999,523.05129,118.899363333333,225.487182,111.512822,137.884806666666,0,5.9549,80.555,82.18,2.52,27.36,80.7,3.12,4.88168273032036,11.528887607690168,0.0,0,0.0,0.0,27.31,25.57,-0.083,0.216
2018,5,Matara,LK32,0.499999999999999,-0.866025403784438,0,1,0,0,661.12822,961.111146666666,179.657926666666,248.282044999999,225.487182,118.899363333333,0,5.9549,80.555,85.9,4.02,27.77,82.18,2.52,4.88168273032036,11.528887607690168,0.0,0,0.0,0.0,27.73,25.97,0.122,-0.12
2018,6,Matara,LK32,1.22464679914735e-16,-1.0,0,1,0,0,255.435899,1141.82053333333,109.774121333333,661.12822,248.282044999999,179.657926666666,0,5.9549,80.555,87.78,5.23,27.46,85.9,4.02,4.88168273032036,11.528887607690168,0.0,0,0.0,0.0,27.77,26.48,0.155,-0.083
2018,7,Matara,LK32,-0.499999999999999,-0.866025403784438,0,1,0,0,102.794872,1076.00014333333,75.704198,255.435899,661.12822,109.774121333333,0,5.9549,80.555,87.06,5.3,26.91,87.78,5.23,4.88168273032036,11.528887607690168,0.3333,1,0.3333,0.0,27.42,27.31,0.053,0.122
2018,8,Matara,LK32,-0.866025403784438,-0.5,0,1,0,0,120.871799,648.008593333333,87.760323,102.794872,255.435899,75.704198,0,5.9549,80.555,87.35,5.23,26.6,87.06,5.3,4.88168273032036,11.528887607690168,0.0,0,0.0,0.3333,26.94,27.73,0.121,0.155
2018,9,Matara,LK32,-1.0,-1.83697019872102e-16,0,1,0,0,219.692303999999,401.170896666666,82.9130143333333,120.871799,102.794872,87.760323,0,5.9549,80.555,83.07,4.21,26.19,87.35,5.23,4.88168273032036,11.528887607690168,0.0,0,0.0,0.0,27.19,27.77,0.604,0.053
2018,10,Matara,LK32,-0.866025403784438,0.5,0,0,1,0,448.0,676.64955,143.25058,219.692303999999,120.871799,82.9130143333333,0,5.9549,80.555,84.6,3.21,26.73,83.07,4.21,4.88168273032036,11.528887607690168,0.0,0,0.0,0.0,27.62,27.42,0.684,0.121
2018,11,Matara,LK32,-0.5,0.866025403784438,0,0,1,0,336.48719,965.675256666666,93.435695,448.0,219.692303999999,143.25058,0,5.9549,80.555,83.67,2.59,26.62,84.6,3.21,4.88168273032036,11.528887607690168,0.0,0,0.0,0.0,27.61,26.94,0.5,0.604
2018,12,Matara,LK32,-2.4492935982947e-16,1.0,0,0,0,1,108.871794,990.35045,56.4485766666666,336.48719,448.0,93.435695,0,5.9549,80.555,79.64,2.39,26.75,83.67,2.59,4.88168273032036,11.528887607690168,0.0,0,0.0,0.0,27.49,27.19,0.309,0.684
2019,1,Matara,LK32,0.499999999999999,0.866025403784438,0,0,0,1,52.5384615,622.17948,42.7671279999999,108.871794,336.48719,56.4485766666666,0,5.9549,80.555,77.29,2.67,26.55,79.64,2.39,4.933468917737607,11.675325936239055,0.0,0,0.0,0.0,27.19,27.62,0.387,0.5
2019,2,Matara,LK32,0.866025403784438,0.5,0,0,0,1,181.410259,386.025646666666,144.68059,52.5384615,108.871794,42.7671279999999,0,5.9549,80.555,79.91,3.24,26.53,77.29,2.67,4.933468917737607,11.675325936239055,0.0,0,0.0,0.0,27.46,27.61,0.416,0.309
2019,3,Matara,LK32,1.0,6.12323399573676e-17,1,0,0,0,69.076922,315.940176666666,49.4893746666666,181.410259,52.5384615,144.68059,0,5.9549,80.555,75.29,2.95,27.2,79.91,3.24,4.933468917737607,11.675325936239055,0.0,0,0.0,0.0,28.09,27.49,0.225,0.387
2019,4,Matara,LK32,0.866025403784438,-0.499999999999999,1,0,0,0,196.743593,369.957246666666,93.7633966666666,69.076922,181.410259,49.4893746666666,0,5.9549,80.555,76.58,2.36,27.87,75.29,2.95,4.933468917737607,11.675325936239055,0.0,0,0.0,0.0,28.44,27.19,0.258,0.416
2019,5,Matara,LK32,0.499999999999999,-0.866025403784438,0,1,0,0,212.230762,416.75215,62.9307133333333,196.743593,69.076922,93.7633966666666,0,5.9549,80.555,82.62,4.46,28.56,76.58,2.36,4.933468917737607,11.675325936239055,0.0,0,0.0,0.0,28.48,27.46,0.54,0.225
2019,6,Matara,LK32,1.22464679914735e-16,-1.0,0,1,0,0,401.153855,736.598266666666,160.83037,212.230762,196.743593,62.9307133333333,0,5.9549,80.555,81.56,5.46,28.34,82.62,4.46,4.933468917737607,11.675325936239055,0.0,0,0.0,0.0,28.18,28.09,0.605,0.258
2019,7,Matara,LK32,-0.499999999999999,-0.866025403784438,0,1,0,0,151.4359,818.743583333333,106.89347,401.153855,212.230762,160.83037,0,5.9549,80.555,82.21,4.92,28.31,81.56,5.46,4.933468917737607,11.675325936239055,0.0,0,0.0,0.0,27.64,28.44,0.597,0.54
2019,8,Matara,LK32,-0.866025403784438,-0.5,0,1,0,0,438.999998,930.119683333333,298.394622,151.4359,401.153855,106.89347,0,5.9549,80.555,82.94,5.43,27.59,82.21,4.92,4.933468917737607,11.675325936239055,0.0,0,0.0,0.0,26.9,28.48,0.436,0.605
2019,9,Matara,LK32,-1.0,-1.83697019872102e-16,0,1,0,0,884.974369999999,1219.00013333333,346.54865,438.999998,151.4359,298.394622,0,5.9549,80.555,84.94,4.15,27.2,82.94,5.43,4.933468917737607,11.675325936239055,0.0,0,0.0,0.0,26.75,28.18,0.892,0.597
2019,10,Matara,LK32,-0.866025403784438,0.5,0,0,1,0,551.153849999999,1681.9914,164.69813,884.974369999999,438.999998,346.54865,0,5.9549,80.555,85.04,2.82,26.92,84.94,4.15,4.933468917737607,11.675325936239055,0.0,0,0.0,0.0,27.2,27.64,0.964,0.436
2019,11,Matara,LK32,-0.5,0.866025403784438,0,0,1,0,335.384614,1810.46143333333,92.2486663333333,551.153849999999,884.974369999999,164.69813,0,5.9549,80.555,85.19,3.02,26.51,85.04,2.82,4.933468917737607,11.675325936239055,0.0,0,0.0,0.0,27.22,26.9,0.835,0.892
2019,12,Matara,LK32,-2.4492935982947e-16,1.0,0,0,0,1,250.948716,1417.3504,120.271273333333,335.384614,551.153849999999,92.2486663333333,0,5.9549,80.555,85.34,3.47,26.93,85.19,3.02,4.933468917737607,11.675325936239055,0.0,0,0.0,0.0,27.12,26.75,0.243,0.964
2020,1,Matara,LK32,0.499999999999999,0.866025403784438,0,0,0,1,60.256409,862.187966666666,47.3748423333333,250.948716,335.384614,120.271273333333,0,5.9549,80.555,80.71,3.58,26.68,85.34,3.47,4.985255105154855,11.821764264787946,0.0,0,0.0,0.0,27.15,27.2,0.173,0.835
2020,2,Matara,LK32,0.866025403784438,0.5,0,0,0,1,38.23077,454.461586666666,41.3880626666666,60.256409,250.948716,47.3748423333333,0,5.9549,80.555,79.61,3.84,26.77,80.71,3.58,4.985255105154855,11.821764264787946,0.3333,1,0.3333,0.0,27.12,27.22,0.054,0.243
2020,3,Matara,LK32,1.0,6.12323399573676e-17,1,0,0,0,67.6666669999999,207.589723333333,46.7029126666666,38.23077,60.256409,41.3880626666666,0,5.9549,80.555,77.71,2.85,26.93,79.61,3.84,4.985255105154855,11.821764264787946,0.0,0,0.0,0.3333,27.76,27.12,0.019,0.173
2020,4,Matara,LK32,0.866025403784438,-0.499999999999999,1,0,0,0,184.538459,220.452986666666,87.7931666666666,67.6666669999999,38.23077,46.7029126666666,0,5.9549,80.555,80.09,2.9,27.7,77.71,2.85,4.985255105154855,11.821764264787946,0.0,0,0.0,0.0,28.18,27.15,-0.011,0.054
2020,5,Matara,LK32,0.499999999999999,-0.866025403784438,0,1,0,0,501.79489,601.717963333333,136.222493333333,184.538459,67.6666669999999,87.7931666666666,0,5.9549,80.555,84.28,4.49,28.31,80.09,2.9,4.985255105154855,11.821764264787946,0.0,0,0.0,0.0,27.66,27.12,0.298,0.019
2020,6,Matara,LK32,1.22464679914735e-16,-1.0,0,1,0,0,242.871786999999,830.427343333333,113.134337,501.79489,184.538459,136.222493333333,0,5.9549,80.555,83.63,5.17,28.27,84.28,4.49,4.985255105154855,11.821764264787946,0.0,0,0.0,0.0,27.39,27.76,0.455,-0.011
2020,7,Matara,LK32,-0.499999999999999,-0.866025403784438,0,1,0,0,258.948717,1001.74359666666,176.469341333333,242.871786999999,501.79489,113.134337,0,5.9549,80.555,84.63,4.71,27.72,83.63,5.17,4.985255105154855,11.821764264787946,0.0,0,0.0,0.0,26.99,28.18,0.319,0.298
2020,8,Matara,LK32,-0.866025403784438,-0.5,0,1,0,0,192.871794,836.66664,163.732279666666,258.948717,242.871786999999,176.469341333333,0,5.9549,80.555,84.4,4.6,27.01,84.63,4.71,4.985255105154855,11.821764264787946,0.0,0,0.0,0.0,26.26,27.66,-0.183,0.455
2020,9,Matara,LK32,-1.0,-1.83697019872102e-16,0,1,0,0,434.10255,860.89739,177.38734,192.871794,258.948717,163.732279666666,0,5.9549,80.555,84.98,5.1,27.08,84.4,4.6,4.985255105154855,11.821764264787946,0.0,0,0.0,0.0,25.89,27.39,-0.189,0.319
2020,10,Matara,LK32,-0.866025403784438,0.5,0,0,1,0,112.102566,794.94015,37.9054113333333,434.10255,192.871794,177.38734,0,5.9549,80.555,84.89,4.9,26.89,84.98,5.1,4.985255105154855,11.821764264787946,0.0,0,0.0,0.0,25.46,26.99,0.074,-0.183
2020,11,Matara,LK32,-0.5,0.866025403784438,0,0,1,0,279.230765,775.239299999999,77.669481,112.102566,434.10255,37.9054113333333,0,5.9549,80.555,83.31,2.7,27.05,84.89,4.9,4.985255105154855,11.821764264787946,0.0,0,0.0,0.0,25.28,26.26,0.02,-0.189
2020,12,Matara,LK32,-2.4492935982947e-16,1.0,0,0,0,1,145.743593,637.410266666666,74.6533549999999,279.230765,112.102566,77.669481,0,5.9549,80.555,82.67,2.86,27.14,83.31,2.7,4.985255105154855,11.821764264787946,0.0,0,0.0,0.0,25.44,25.89,0.031,0.074
2021,1,Matara,LK32,0.499999999999999,0.866025403784438,0,0,0,1,227.384614,627.153866666666,152.185846666666,145.743593,279.230765,74.6533549999999,0,5.9549,80.555,82.76,2.67,26.71,82.67,2.86,5.037041292572103,11.968202593336835,0.0,0,0.0,0.0,25.55,25.46,0.051,0.02
2021,2,Matara,LK32,0.866025403784438,0.5,0,0,0,1,90.2307699999999,518.22221,79.8669713333333,227.384614,145.743593,152.185846666666,0,5.9549,80.555,80.05,2.86,26.28,82.76,2.67,5.037041292572103,11.968202593336835,0.0,0,0.0,0.0,25.75,25.28,0.243,0.031
2021,3,Matara,LK32,1.0,6.12323399573676e-17,1,0,0,0,216.179484,502.709383333333,132.954173333333,90.2307699999999,227.384614,79.8669713333333,0,5.9549,80.555,79.68,2.98,26.87,80.05,2.86,5.037041292572103,11.968202593336835,0.0,0,0.0,0.0,26.48,25.44,0.267,0.051
2021,4,Matara,LK32,0.866025403784438,-0.499999999999999,1,0,0,0,162.333338,453.401716666666,78.9034373333333,216.179484,90.2307699999999,132.954173333333,0,5.9549,80.555,81.11,2.9,26.95,79.68,2.98,5.037041292572103,11.968202593336835,0.0,0,0.0,0.0,27.1,25.55,0.25,0.243
2021,5,Matara,LK32,0.499999999999999,-0.866025403784438,0,1,0,0,537.89743,759.307726666666,148.58113,162.333338,216.179484,78.9034373333333,0,5.9549,80.555,83.32,4.18,27.89,81.11,2.9,5.037041292572103,11.968202593336835,0.0,0,0.0,0.0,27.47,25.75,0.009,0.267
2021,6,Matara,LK32,1.22464679914735e-16,-1.0,0,1,0,0,290.333342,1011.7436,116.737103333333,537.89743,162.333338,148.58113,0,5.9549,80.555,84.71,5.24,28.01,83.32,4.18,5.037041292572103,11.968202593336835,0.0,0,0.0,0.0,27.45,26.48,-0.002,0.25
2021,7,Matara,LK32,-0.499999999999999,-0.866025403784438,0,1,0,0,315.769218,1137.3675,214.13547,290.333342,537.89743,116.737103333333,0,5.9549,80.555,85.9,5.56,27.41,84.71,5.24,5.037041292572103,11.968202593336835,0.0,0,0.0,0.0,26.9,27.1,-0.229,0.009
2021,8,Matara,LK32,-0.866025403784438,-0.5,0,1,0,0,194.102564,879.145336666666,119.992502,315.769218,290.333342,214.13547,0,5.9549,80.555,86.66,5.02,27.1,85.9,5.56,5.037041292572103,11.968202593336835,0.0,0,0.0,0.0,26.32,27.47,-0.099,-0.002
2021,9,Matara,LK32,-1.0,-1.83697019872102e-16,0,1,0,0,230.307698,712.683743333333,95.7326946666666,194.102564,315.769218,119.992502,0,5.9549,80.555,85.92,5.1,26.66,86.66,5.02,5.037041292572103,11.968202593336835,0.0,0,0.0,0.0,26.17,27.45,-0.058,-0.229
2021,10,Matara,LK32,-0.866025403784438,0.5,0,0,1,0,361.897428,744.98297,116.769054666666,230.307698,194.102564,95.7326946666666,0,5.9549,80.555,85.75,4.36,27.04,85.92,5.1,5.037041292572103,11.968202593336835,0.0,0,0.0,0.0,25.77,26.9,-0.091,-0.099
2021,11,Matara,LK32,-0.5,0.866025403784438,0,0,1,0,396.153862,959.170946666666,108.788636666666,361.897428,230.307698,116.769054666666,0,5.9549,80.555,84.37,4.11,27.0,85.75,4.36,5.037041292572103,11.968202593336835,0.0,0,0.0,0.0,25.76,26.32,0.069,-0.058
2021,12,Matara,LK32,-2.4492935982947e-16,1.0,0,0,0,1,190.487179,997.179433333333,90.0846803333333,396.153862,361.897428,108.788636666666,0,5.9549,80.555,82.11,2.92,26.81,84.37,4.11,5.037041292572103,11.968202593336835,0.0,0,0.0,0.0,25.54,26.17,-0.12,-0.091
2022,1,Matara,LK32,0.499999999999999,0.866025403784438,0,0,0,1,93.102566,787.162413333333,67.341132,190.487179,396.153862,90.0846803333333,0,5.9549,80.555,80.98,2.66,26.72,82.11,2.92,5.08882747998935,12.114640921885725,0.0,0,0.0,0.0,25.6,25.77,-0.056,0.069
2022,2,Matara,LK32,0.866025403784438,0.5,0,0,0,1,119.307694,485.786366666666,104.916079333333,93.102566,190.487179,67.341132,0,5.9549,80.555,79.21,2.47,26.64,80.98,2.66,5.08882747998935,12.114640921885725,0.0,0,0.0,0.0,25.86,25.76,-0.082,-0.12
2022,3,Matara,LK32,1.0,6.12323399573676e-17,1,0,0,0,164.948716,367.26495,102.133623333333,119.307694,93.102566,104.916079333333,0,5.9549,80.555,80.23,2.81,26.58,79.21,2.47,5.08882747998935,12.114640921885725,0.0,0,0.0,0.0,26.31,25.54,-0.093,-0.056
2022,4,Matara,LK32,0.866025403784438,-0.499999999999999,1,0,0,0,226.410256,453.683739999999,108.408556666666,164.948716,119.307694,102.133623333333,0,5.9549,80.555,82.88,2.73,27.44,80.23,2.81,5.08882747998935,12.114640921885725,0.0,0,0.0,0.0,26.7,25.6,-0.068,-0.082
2022,5,Matara,LK32,0.499999999999999,-0.866025403784438,0,1,0,0,557.56411,777.410246666666,154.705126666666,226.410256,164.948716,108.408556666666,0,5.9549,80.555,86.53,5.44,27.8,82.88,2.73,5.08882747998935,12.114640921885725,0.0,0,0.0,0.0,26.82,25.86,-0.122,-0.093
2022,6,Matara,LK32,1.22464679914735e-16,-1.0,0,1,0,0,195.000003,970.059833333333,83.6886976666666,557.56411,226.410256,154.705126666666,0,5.9549,80.555,85.91,5.29,27.67,86.53,5.44,5.08882747998935,12.114640921885725,0.3333,1,0.3333,0.0,26.98,26.31,-0.335,-0.068
2022,7,Matara,LK32,-0.499999999999999,-0.866025403784438,0,1,0,0,202.487183,921.999976666666,141.586708666666,195.000003,557.56411,83.6886976666666,0,5.9549,80.555,85.93,5.23,27.14,85.91,5.29,5.08882747998935,12.114640921885725,0.0,0,0.0,0.3333,26.6,26.7,-0.195,-0.122
2022,8,Matara,LK32,-0.866025403784438,-0.5,0,1,0,0,263.461532,766.923089999999,176.991256,202.487183,195.000003,141.586708666666,0,5.9549,80.555,87.08,5.34,26.72,85.93,5.23,5.08882747998935,12.114640921885725,0.0,0,0.0,0.0,25.88,26.82,-0.246,-0.335
2022,9,Matara,LK32,-1.0,-1.83697019872102e-16,0,1,0,0,94.4358954,598.25645,46.18638,263.461532,202.487183,176.991256,0,5.9549,80.555,84.71,5.08,26.28,87.08,5.34,5.08882747998935,12.114640921885725,0.0,0,0.0,0.0,25.65,26.98,-0.322,-0.195
2022,10,Matara,LK32,-0.866025403784438,0.5,0,0,1,0,418.02564,689.495699999999,120.908559,94.4358954,263.461532,46.18638,0,5.9549,80.555,83.48,4.75,26.74,84.71,5.08,5.08882747998935,12.114640921885725,0.0,0,0.0,0.0,25.73,26.6,-0.691,-0.246
2022,11,Matara,LK32,-0.5,0.866025403784438,0,0,1,0,296.435898,850.6666,82.50862,418.02564,94.4358954,120.908559,0,5.9549,80.555,81.76,2.69,26.85,83.48,4.75,5.08882747998935,12.114640921885725,0.3333,1,0.3333,0.0,25.8,25.88,-0.269,-0.322
2022,12,Matara,LK32,-2.4492935982947e-16,1.0,0,0,0,1,235.153844,904.034113333333,113.874245333333,296.435898,418.02564,82.50862,0,5.9549,80.555,82.69,3.31,26.67,81.76,2.69,5.08882747998935,12.114640921885725,0.0,0,0.0,0.3333,25.75,25.65,-0.091,-0.691
2023,1,Matara,LK32,0.499999999999999,0.866025403784438,0,0,0,1,138.076923,801.640933333333,96.6852443333333,235.153844,296.435898,113.874245333333,0,5.9549,80.555,79.92,3.31,26.31,82.69,3.31,5.140613667406598,12.261079250434616,0.0,0,0.0,0.0,25.83,25.73,0.11,-0.269
2023,2,Matara,LK32,0.866025403784438,0.5,0,0,0,1,242.794868,637.914526666666,193.841363333333,138.076923,235.153844,96.6852443333333,0,5.9549,80.555,80.97,3.24,25.83,79.92,3.31,5.140613667406598,12.261079250434616,0.0,0,0.0,0.0,26.29,25.8,0.157,-0.091
2023,3,Matara,LK32,1.0,6.12323399573676e-17,1,0,0,0,343.358978,701.5726,205.868103333333,242.794868,138.076923,193.841363333333,0,5.9549,80.555,80.98,2.94,26.36,80.97,3.24,5.140613667406598,12.261079250434616,0.0,0,0.0,0.0,27.17,25.75,0.414,0.11
2023,4,Matara,LK32,0.866025403784438,-0.499999999999999,1,0,0,0,185.666663,747.709366666666,87.7263513333333,343.358978,242.794868,205.868103333333,0,5.9549,80.555,79.26,2.33,27.39,80.98,2.94,5.140613667406598,12.261079250434616,0.0,0,0.0,0.0,27.96,25.83,0.56,0.157
2023,5,Matara,LK32,0.499999999999999,-0.866025403784438,0,1,0,0,932.74359,1284.12816666666,250.716473333333,185.666663,343.358978,87.7263513333333,0,5.9549,80.555,85.0,4.38,28.24,79.26,2.33,5.140613667406598,12.261079250434616,0.0,0,0.0,0.0,28.39,26.29,0.443,0.414
2023,6,Matara,LK32,1.22464679914735e-16,-1.0,0,1,0,0,264.948715,1393.0086,111.638034666666,932.74359,185.666663,250.716473333333,0,5.9549,80.555,85.17,5.51,27.97,85.0,4.38,5.140613667406598,12.261079250434616,0.0,0,0.0,0.0,28.57,27.17,0.665,0.56
2023,7,Matara,LK32,-0.499999999999999,-0.866025403784438,0,1,0,0,150.897439,1400.41023333333,107.442073333333,264.948715,932.74359,111.638034666666,0,5.9549,80.555,86.91,5.12,27.81,85.17,5.51,5.140613667406598,12.261079250434616,0.0,0,0.0,0.0,28.32,27.96,0.498,0.443
2023,8,Matara,LK32,-0.866025403784438,-0.5,0,1,0,0,173.871799,716.444443333333,103.973877666666,150.897439,264.948715,107.442073333333,0,5.9549,80.555,83.36,5.08,27.22,86.91,5.12,5.140613667406598,12.261079250434616,0.0,0,0.0,0.0,28.2,28.39,0.826,0.665
2023,9,Matara,LK32,-1.0,-1.83697019872102e-16,0,1,0,0,646.89745,862.572623333333,268.424653333333,173.871799,150.897439,103.973877666666,0,5.9549,80.555,84.68,5.01,27.69,83.36,5.08,5.140613667406598,12.261079250434616,0.0,0,0.0,0.0,28.32,28.57,0.946,0.498
2023,10,Matara,LK32,-0.866025403784438,0.5,0,0,1,0,814.23075,1450.73506666666,259.387606666666,646.89745,173.871799,268.424653333333,0,5.9549,80.555,85.36,3.07,27.3,84.68,5.01,5.140613667406598,12.261079250434616,0.0,0,0.0,0.0,28.44,28.32,0.804,0.826
2023,11,Matara,LK32,-0.5,0.866025403784438,0,0,1,0,456.71793,1877.7094,124.677113333333,814.23075,646.89745,259.387606666666,0,5.9549,80.555,83.99,2.04,26.89,85.36,3.07,5.140613667406598,12.261079250434616,0.0,0,0.0,0.0,28.72,28.2,0.92,0.946
2023,12,Matara,LK32,-2.4492935982947e-16,1.0,0,0,0,1,420.10257,1767.88886666666,196.513606666666,456.71793,814.23075,124.677113333333,0,5.9549,80.555,86.42,3.38,27.17,83.99,2.04,5.140613667406598,12.261079250434616,0.0,0,0.0,0.0,28.62,28.32,0.852,0.804
2024,1,Matara,LK32,0.499999999999999,0.866025403784438,0,0,0,1,319.923062999999,1381.1539,205.516649333333,420.10257,456.71793,196.513606666666,0,5.9549,80.555,82.73,3.03,27.14,86.42,3.38,5.192399854823845,12.407517578983503,0.0,0,0.0,0.0,28.35,28.44,0.765,0.92
2024,2,Matara,LK32,0.866025403784438,0.5,0,0,0,1,44.051283,908.538456666666,45.8103753333333,319.923062999999,420.10257,205.516649333333,0,5.9549,80.555,82.61,3.94,26.7,82.73,3.03,5.192399854823845,12.407517578983503,0.0,0,0.0,0.0,28.27,28.72,0.327,0.852
2024,3,Matara,LK32,1.0,6.12323399573676e-17,1,0,0,0,83.410258,515.51282,56.3196593333333,44.051283,319.923062999999,45.8103753333333,0,5.9549,80.555,78.38,2.65,27.33,82.61,3.94,5.192399854823845,12.407517578983503,0.0,0,0.0,0.0,28.41,28.62,0.421,0.765
2024,4,Matara,LK32,0.866025403784438,-0.499999999999999,1,0,0,0,183.538463999999,273.128203333333,88.71198,83.410258,44.051283,56.3196593333333,0,5.9549,80.555,81.27,2.45,28.03,78.38,2.65,5.192399854823845,12.407517578983503,0.0,0,0.0,0.0,28.59,28.35,0.44,0.327
2024,5,Matara,LK32,0.499999999999999,-0.866025403784438,0,1,0,0,358.948722,533.222236666666,98.3939176666666,183.538463999999,83.410258,88.71198,0,5.9549,80.555,84.27,4.76,28.89,81.27,2.45,5.192399854823845,12.407517578983503,0.0,0,0.0,0.0,28.16,28.27,0.298,0.421
2024,6,Matara,LK32,1.22464679914735e-16,-1.0,0,1,0,0,168.512817999999,710.264933333333,71.782108,358.948722,183.538463999999,98.3939176666666,0,5.9549,80.555,85.06,5.23,28.63,84.27,4.76,5.192399854823845,12.407517578983503,0.0,0,0.0,0.0,27.9,28.41,0.197,0.44
2024,7,Matara,LK32,-0.499999999999999,-0.866025403784438,0,1,0,0,119.589743,678.521383333333,87.0110266666666,168.512817999999,358.948722,71.782108,0,5.9549,80.555,84.9,4.81,27.97,85.06,5.23,5.192399854823845,12.407517578983503,0.0,0,0.0,0.0,27.34,28.59,0.033,0.298
2024,8,Matara,LK32,-0.866025403784438,-0.5,0,1,0,0,281.153853999999,550.692296666666,172.329468333333,119.589743,168.512817999999,87.0110266666666,0,5.9549,80.555,84.17,4.72,27.78,84.9,4.81,5.192399854823845,12.407517578983503,0.0,0,0.0,0.0,26.73,28.16,0.267,0.197
2024,9,Matara,LK32,-1.0,-1.83697019872102e-16,0,1,0,0,219.025637,568.093999999999,89.0742543333333,281.153853999999,119.589743,172.329468333333,0,5.9549,80.555,83.88,5.34,27.48,84.17,4.72,5.192399854823845,12.407517578983503,0.0,0,0.0,0.0,26.45,27.9,0.115,0.033
2024,10,Matara,LK32,-0.866025403784438,0.5,0,0,1,0,340.487176,756.940133333333,107.392242,219.025637,281.153853999999,89.0742543333333,0,5.9549,80.555,84.52,4.25,27.81,83.88,5.34,5.192399854823845,12.407517578983503,0.0,0,0.0,0.0,26.44,27.34,-0.196,0.267
2024,11,Matara,LK32,-0.5,0.866025403784438,0,0,1,0,446.282054,972.829033333333,121.56783,340.487176,219.025637,107.392242,0,5.9549,80.555,83.93,3.4,27.48,84.52,4.25,5.192399854823845,12.407517578983503,0.0,0,0.0,0.0,26.45,26.73,-0.382,0.115
2024,12,Matara,LK32,-2.4492935982947e-16,1.0,0,0,0,1,178.307689999999,981.581223333333,92.6092043333333,446.282054,340.487176,121.56783,0,5.9549,80.555,82.78,2.67,27.33,83.93,3.4,5.192399854823845,12.407517578983503,0.0,0,0.0,0.0,26.0,26.45,-0.331,-0.196
2017,1,Hambantota,LK33,0.499999999999999,0.866025403784438,0,0,0,1,120.470585599999,412.03139,95.5741126666666,182.489073428571,265.889071285714,101.619077380952,1,6.1429,81.1212,78.3,4.0,26.872857142857143,83.88,3.914285714285714,12.34889385447884,22.78442152177193,0.0,0,0.0,0.0,26.12,25.98,-0.086,-0.382
2017,2,Hambantota,LK33,0.866025403784438,0.5,0,0,0,1,86.1411768,304.99215,125.464458333333,120.470585599999,182.489073428571,95.5741126666666,1,6.1429,81.1212,76.75,4.25,26.27,78.3,4.0,12.34889385447884,22.78442152177193,0.25,1,0.25,0.0,26.67,25.94,0.101,-0.31
2017,3,Hambantota,LK33,1.0,6.12323399573676e-17,1,0,0,0,89.611764,293.964696666666,108.51166,86.1411768,120.470585599999,125.464458333333,0,6.1429,81.1212,79.05,2.65,26.79,76.75,4.25,12.34889385447884,22.78442152177193,0.0,0,0.0,0.25,27.32,26.1,0.357,-0.086
2017,4,Hambantota,LK33,0.866025403784438,-0.499999999999999,1,0,0,0,71.529409,302.913706666666,61.532421,89.611764,86.1411768,108.51166,1,6.1429,81.1212,80.26,4.11,27.45,79.05,2.65,12.34889385447884,22.78442152177193,0.0,0,0.0,0.0,28.03,26.12,0.498,0.101
2017,5,Hambantota,LK33,0.499999999999999,-0.866025403784438,0,1,0,0,221.388234999999,320.196073333333,169.55703,71.529409,89.611764,61.532421,0,6.1429,81.1212,82.86,5.1,28.58,80.26,4.11,12.34889385447884,22.78442152177193,0.0,0,0.0,0.0,28.3,26.67,0.536,0.357
2017,6,Hambantota,LK33,1.22464679914735e-16,-1.0,0,1,0,0,40.22353,342.5608,68.223714,221.388234999999,71.529409,169.55703,0,6.1429,81.1212,85.29,6.17,28.27,82.86,5.1,12.34889385447884,22.78442152177193,0.0,0,0.0,0.0,28.06,27.32,0.424,0.498
2017,7,Hambantota,LK33,-0.499999999999999,-0.866025403784438,0,1,0,0,28.9882357,295.956876666666,73.138075,40.22353,221.388234999999,68.223714,0,6.1429,81.1212,84.07,6.08,27.54,85.29,6.17,12.34889385447884,22.78442152177193,0.0,0,0.0,0.0,27.54,28.03,0.52,0.536
2017,8,Hambantota,LK33,-0.866025403784438,-0.5,0,1,0,0,91.388238,240.1647,145.748739,28.9882357,40.22353,73.138075,0,6.1429,81.1212,83.46,6.15,27.68,84.07,6.08,12.34889385447884,22.78442152177193,0.0,0,0.0,0.0,26.7,28.3,0.349,0.424
2017,9,Hambantota,LK33,-1.0,-1.83697019872102e-16,0,1,0,0,71.67059,190.352946666666,116.472956666666,91.388238,28.9882357,145.748739,0,6.1429,81.1212,83.81,5.77,27.54,83.46,6.15,12.34889385447884,22.78442152177193,0.0,0,0.0,0.0,26.29,28.06,0.035,0.52
2017,10,Hambantota,LK33,-0.866025403784438,0.5,0,0,1,0,133.364705,259.16863,83.498112,71.67059,91.388238,116.472956666666,0,6.1429,81.1212,83.88,5.06,27.33,83.81,5.77,12.34889385447884,22.78442152177193,0.25,1,0.25,0.0,26.15,27.54,0.015,0.349
2017,11,Hambantota,LK33,-0.5,0.866025403784438,0,0,1,0,343.447057999999,434.329416666666,122.32952,133.364705,71.67059,83.498112,0,6.1429,81.1212,83.35,3.41,27.64,83.88,5.06,12.34889385447884,22.78442152177193,0.0,0,0.0,0.25,25.74,26.7,0.289,0.035
2017,12,Hambantota,LK33,-2.4492935982947e-16,1.0,0,0,0,1,130.176468,585.380413333333,74.1758913333333,343.447057999999,133.364705,122.32952,0,6.1429,81.1212,81.96,3.52,27.12,83.35,3.41,12.34889385447884,22.78442152177193,0.0,0,0.0,0.0,25.62,26.29,0.11,0.015
2018,1,Hambantota,LK33,0.499999999999999,0.866025403784438,0,0,0,1,54.658825,545.992166666666,48.930299,130.176468,343.447057999999,74.1758913333333,0,6.1429,81.1212,80.25,3.58,26.79,81.96,3.52,12.662468415803277,23.17811653239792,0.25,1,0.25,0.0,25.57,26.15,-0.2,0.289
2018,2,Hambantota,LK33,0.866025403784438,0.5,0,0,0,1,71.682353,371.772563333333,99.2794516666666,54.658825,130.176468,48.930299,0,6.1429,81.1212,83.06,4.55,26.15,80.25,3.58,12.662468415803277,23.17811653239792,0.25,1,0.25,0.25,25.97,25.74,0.216,0.11
2018,3,Hambantota,LK33,1.0,6.12323399573676e-17,1,0,0,0,107.141174,237.890196666666,124.101028,71.682353,54.658825,99.2794516666666,0,6.1429,81.1212,81.14,3.61,26.48,83.06,4.55,12.662468415803277,23.17811653239792,0.5,2,0.5,0.25,26.48,25.62,-0.12,-0.2
2018,4,Hambantota,LK33,0.866025403784438,-0.499999999999999,1,0,0,0,159.705885,318.792166666666,123.840915333333,107.141174,71.682353,124.101028,0,6.1429,81.1212,81.15,2.69,27.54,81.14,3.61,12.662468415803277,23.17811653239792,0.0,0,0.0,0.5,27.31,25.57,-0.083,0.216
2018,5,Hambantota,LK33,0.499999999999999,-0.866025403784438,0,1,0,0,283.4,482.7412,199.38537,159.705885,107.141174,123.840915333333,0,6.1429,81.1212,85.73,4.65,28.12,81.15,2.69,12.662468415803277,23.17811653239792,0.5,2,0.5,0.0,27.73,25.97,0.122,-0.12
2018,6,Hambantota,LK33,1.22464679914735e-16,-1.0,0,1,0,0,53.470588,509.799983333333,85.8897683333333,283.4,159.705885,199.38537,1,6.1429,81.1212,88.33,5.96,27.83,85.73,4.65,12.662468415803277,23.17811653239792,0.5,2,0.5,0.5,27.77,26.48,0.155,-0.083
2018,7,Hambantota,LK33,-0.499999999999999,-0.866025403784438,0,1,0,0,29.4470581,407.839196666666,74.050362,53.470588,283.4,85.8897683333333,0,6.1429,81.1212,86.32,6.14,27.12,88.33,5.96,12.662468415803277,23.17811653239792,0.25,1,0.25,0.5,27.42,27.31,0.053,0.122
2018,8,Hambantota,LK33,-0.866025403784438,-0.5,0,1,0,0,48.611765,208.952953333333,86.501392,29.4470581,53.470588,74.050362,0,6.1429,81.1212,87.18,5.95,26.98,86.32,6.14,12.662468415803277,23.17811653239792,0.0,0,0.0,0.25,26.94,27.73,0.121,0.155
2018,9,Hambantota,LK33,-1.0,-1.83697019872102e-16,0,1,0,0,69.3294146,123.862748666666,92.2803513333333,48.611765,29.4470581,86.501392,0,6.1429,81.1212,82.25,5.12,26.5,87.18,5.95,12.662468415803277,23.17811653239792,0.0,0,0.0,0.0,27.19,27.77,0.604,0.053
2018,10,Hambantota,LK33,-0.866025403784438,0.5,0,0,1,0,246.54118,278.043143333333,147.314893333333,69.3294146,48.611765,92.2803513333333,0,6.1429,81.1212,83.08,3.39,27.18,82.25,5.12,12.662468415803277,23.17811653239792,0.0,0,0.0,0.0,27.62,27.42,0.684,0.121
2018,11,Hambantota,LK33,-0.5,0.866025403784438,0,0,1,0,222.105878,516.56866,81.5879226666666,246.54118,69.3294146,147.314893333333,0,6.1429,81.1212,82.74,2.82,27.04,83.08,3.39,12.662468415803277,23.17811653239792,0.0,0,0.0,0.0,27.61,26.94,0.5,0.604
2018,12,Hambantota,LK33,-2.4492935982947e-16,1.0,0,0,0,1,111.164705,600.062756666666,63.866939,222.105878,246.54118,81.5879226666666,0,6.1429,81.1212,81.58,3.23,27.07,82.74,2.82,12.662468415803277,23.17811653239792,0.0,0,0.0,0.0,27.49,27.19,0.309,0.684
2019,1,Hambantota,LK33,0.499999999999999,0.866025403784438,0,0,0,1,39.0000001,451.52544,37.8504716666666,111.164705,222.105878,63.866939,0,6.1429,81.1212,81.26,4.73,26.72,81.58,3.23,12.976042977127712,23.571811543023912,0.0,0,0.0,0.0,27.19,27.62,0.387,0.5
2019,2,Hambantota,LK33,0.866025403784438,0.5,0,0,0,1,140.294122,298.196073333333,165.189586666666,39.0000001,111.164705,37.8504716666666,0,6.1429,81.1212,81.15,4.17,26.35,81.26,4.73,12.976042977127712,23.571811543023912,0.25,1,0.25,0.0,27.46,27.61,0.416,0.309
2019,3,Hambantota,LK33,1.0,6.12323399573676e-17,1,0,0,0,39.858824,229.058823333333,56.47163,140.294122,39.0000001,165.189586666666,0,6.1429,81.1212,75.87,3.71,27.33,81.15,4.17,12.976042977127712,23.571811543023912,0.0,0,0.0,0.25,28.09,27.49,0.225,0.387
2019,4,Hambantota,LK33,0.866025403784438,-0.499999999999999,1,0,0,0,117.141179,256.20785,93.7683636666666,39.858824,140.294122,56.47163,0,6.1429,81.1212,74.9,2.55,28.14,75.87,3.71,12.976042977127712,23.571811543023912,0.0,0,0.0,0.0,28.44,27.19,0.258,0.416
2019,5,Hambantota,LK33,0.499999999999999,-0.866025403784438,0,1,0,0,90.211766,233.666666666666,75.578101,117.141179,39.858824,93.7683636666666,0,6.1429,81.1212,81.63,5.48,28.96,74.9,2.55,12.976042977127712,23.571811543023912,0.0,0,0.0,0.0,28.48,27.46,0.54,0.225
2019,6,Hambantota,LK33,1.22464679914735e-16,-1.0,0,1,0,0,101.670587,300.364686666666,137.194063333333,90.211766,117.141179,75.578101,0,6.1429,81.1212,80.34,6.49,28.79,81.63,5.48,12.976042977127712,23.571811543023912,0.0,0,0.0,0.0,28.18,28.09,0.605,0.258
2019,7,Hambantota,LK33,-0.499999999999999,-0.866025403784438,0,1,0,0,53.364706,286.01959,113.952246666666,101.670587,90.211766,137.194063333333,0,6.1429,81.1212,81.0,5.97,28.79,80.34,6.49,12.976042977127712,23.571811543023912,0.0,0,0.0,0.0,27.64,28.44,0.597,0.54
2019,8,Hambantota,LK33,-0.866025403784438,-0.5,0,1,0,0,176.22352,315.86274,266.34655,53.364706,101.670587,113.952246666666,0,6.1429,81.1212,81.65,6.5,28.13,81.0,5.97,12.976042977127712,23.571811543023912,0.0,0,0.0,0.0,26.9,28.48,0.436,0.605
2019,9,Hambantota,LK33,-1.0,-1.83697019872102e-16,0,1,0,0,236.62353,392.945096666666,314.460396666666,176.22352,53.364706,266.34655,0,6.1429,81.1212,84.2,5.0,27.7,81.65,6.5,12.976042977127712,23.571811543023912,0.0,0,0.0,0.0,26.75,28.18,0.892,0.597
2019,10,Hambantota,LK33,-0.866025403784438,0.5,0,0,1,0,329.48235,608.862713333333,181.966816666666,236.62353,176.22352,314.460396666666,0,6.1429,81.1212,84.53,3.18,27.34,84.2,5.0,12.976042977127712,23.571811543023912,0.25,1,0.25,0.0,27.2,27.64,0.964,0.436
2019,11,Hambantota,LK33,-0.5,0.866025403784438,0,0,1,0,249.188238,765.219563333333,89.9880373333333,329.48235,236.62353,181.966816666666,0,6.1429,81.1212,84.73,3.47,26.87,84.53,3.18,12.976042977127712,23.571811543023912,0.0,0,0.0,0.25,27.22,26.9,0.835,0.892
2019,12,Hambantota,LK33,-2.4492935982947e-16,1.0,0,0,0,1,226.717643,849.47062,121.680748999999,249.188238,329.48235,89.9880373333333,0,6.1429,81.1212,85.73,4.36,27.26,84.73,3.47,12.976042977127712,23.571811543023912,0.0,0,0.0,0.0,27.12,26.75,0.243,0.964
2020,1,Hambantota,LK33,0.499999999999999,0.866025403784438,0,0,0,1,46.3882347,650.168666666666,42.5531843333333,226.717643,249.188238,121.680748999999,1,6.1429,81.1212,81.84,4.84,26.93,85.73,4.36,13.289617538452148,23.965506553649902,0.25,1,0.25,0.0,27.15,27.2,0.173,0.835
2020,2,Hambantota,LK33,0.866025403784438,0.5,0,0,0,1,30.4823536,400.57647,52.6614243333333,46.3882347,226.717643,42.5531843333333,0,6.1429,81.1212,80.37,5.15,26.93,81.84,4.84,13.289617538452148,23.965506553649902,0.5,2,0.5,0.25,27.12,27.22,0.054,0.243
2020,3,Hambantota,LK33,1.0,6.12323399573676e-17,1,0,0,0,37.1882356,148.76862,51.9386023333333,30.4823536,46.3882347,52.6614243333333,0,6.1429,81.1212,76.37,3.55,27.06,80.37,5.15,13.289617538452148,23.965506553649902,0.25,1,0.25,0.5,27.76,27.12,0.019,0.173
2020,4,Hambantota,LK33,0.866025403784438,-0.499999999999999,1,0,0,0,97.094119,138.239214666666,79.4830213333333,37.1882356,30.4823536,51.9386023333333,0,6.1429,81.1212,78.64,3.19,28.05,76.37,3.55,13.289617538452148,23.965506553649902,0.0,0,0.0,0.25,28.18,27.15,-0.011,0.054
2020,5,Hambantota,LK33,0.499999999999999,-0.866025403784438,0,1,0,0,251.376472999999,309.607826666666,178.024836666666,97.094119,37.1882356,79.4830213333333,0,6.1429,81.1212,83.93,5.19,28.73,78.64,3.19,13.289617538452148,23.965506553649902,0.0,0,0.0,0.0,27.66,27.12,0.298,0.019
2020,6,Hambantota,LK33,1.22464679914735e-16,-1.0,0,1,0,0,69.670586,396.309793333333,115.438317666666,251.376472999999,97.094119,178.024836666666,0,6.1429,81.1212,83.39,5.92,28.63,83.93,5.19,13.289617538452148,23.965506553649902,0.0,0,0.0,0.0,27.39,27.76,0.455,-0.011
2020,7,Hambantota,LK33,-0.499999999999999,-0.866025403784438,0,1,0,0,89.02353,426.486286666666,172.22058,69.670586,251.376472999999,115.438317666666,0,6.1429,81.1212,83.9,5.55,28.06,83.39,5.92,13.289617538452148,23.965506553649902,0.25,1,0.25,0.0,26.99,28.18,0.319,0.298
2020,8,Hambantota,LK33,-0.866025403784438,-0.5,0,1,0,0,83.5294123,316.63921,148.001418333333,89.02353,69.670586,172.22058,0,6.1429,81.1212,83.33,5.58,27.53,83.9,5.55,13.289617538452148,23.965506553649902,0.0,0,0.0,0.25,26.26,27.66,-0.183,0.455
2020,9,Hambantota,LK33,-1.0,-1.83697019872102e-16,0,1,0,0,130.188236,296.854893333333,185.282653333333,83.5294123,89.02353,148.001418333333,0,6.1429,81.1212,84.25,6.0,27.56,83.33,5.58,13.289617538452148,23.965506553649902,0.0,0,0.0,0.0,25.89,27.39,-0.189,0.319
2020,10,Hambantota,LK33,-0.866025403784438,0.5,0,0,1,0,68.482353,285.4941,45.642794,130.188236,83.5294123,185.282653333333,0,6.1429,81.1212,84.34,5.59,27.33,84.25,6.0,13.289617538452148,23.965506553649902,0.0,0,0.0,0.0,25.46,26.99,0.074,-0.183
2020,11,Hambantota,LK33,-0.5,0.866025403784438,0,0,1,0,219.529409999999,375.160773333333,80.271532,68.482353,130.188236,45.642794,0,6.1429,81.1212,83.18,3.1,27.45,84.34,5.59,13.289617538452148,23.965506553649902,0.25,1,0.25,0.0,25.28,26.26,0.02,-0.189
2020,12,Hambantota,LK33,-2.4492935982947e-16,1.0,0,0,0,1,109.117645,403.99606,64.931006,219.529409999999,68.482353,80.271532,0,6.1429,81.1212,84.12,3.89,27.43,83.18,3.1,13.289617538452148,23.965506553649902,0.25,1,0.25,0.25,25.44,25.89,0.031,0.074
2021,1,Hambantota,LK33,0.499999999999999,0.866025403784438,0,0,0,1,195.070584,508.03135,142.134440666666,109.117645,219.529409999999,64.931006,0,6.1429,81.1212,84.44,3.66,26.82,84.12,3.89,13.603192099776583,24.35920156427589,0.0,0,0.0,0.25,25.55,25.46,0.051,0.02
2021,2,Hambantota,LK33,0.866025403784438,0.5,0,0,0,1,74.882351,426.200016666666,90.7840423333333,195.070584,109.117645,142.134440666666,0,6.1429,81.1212,82.63,4.49,26.43,84.44,3.66,13.603192099776583,24.35920156427589,0.25,1,0.25,0.0,25.75,25.28,0.243,0.031
2021,3,Hambantota,LK33,1.0,6.12323399573676e-17,1,0,0,0,159.588232,398.545096666666,176.419602,74.882351,195.070584,90.7840423333333,0,6.1429,81.1212,80.38,3.63,26.87,82.63,4.49,13.603192099776583,24.35920156427589,0.25,1,0.25,0.25,26.48,25.44,0.267,0.051
2021,4,Hambantota,LK33,0.866025403784438,-0.499999999999999,1,0,0,0,87.6117666,326.368616666666,73.0671526666666,159.588232,74.882351,176.419602,0,6.1429,81.1212,80.49,3.34,27.21,80.38,3.63,13.603192099776583,24.35920156427589,0.0,0,0.0,0.25,27.1,25.55,0.25,0.243
2021,5,Hambantota,LK33,0.499999999999999,-0.866025403784438,0,1,0,0,229.435303999999,408.39216,165.190243333333,87.6117666,159.588232,73.0671526666666,0,6.1429,81.1212,82.41,4.62,28.26,80.49,3.34,13.603192099776583,24.35920156427589,0.0,0,0.0,0.0,27.47,25.75,0.009,0.267
2021,6,Hambantota,LK33,1.22464679914735e-16,-1.0,0,1,0,0,63.4,434.17645,92.411718,229.435303999999,87.6117666,165.190243333333,0,6.1429,81.1212,84.1,6.05,28.38,82.41,4.62,13.603192099776583,24.35920156427589,0.0,0,0.0,0.0,27.45,26.48,-0.002,0.25
2021,7,Hambantota,LK33,-0.499999999999999,-0.866025403784438,0,1,0,0,93.047059,403.415683333333,182.580978,63.4,229.435303999999,92.411718,0,6.1429,81.1212,85.54,6.35,27.84,84.1,6.05,13.603192099776583,24.35920156427589,0.0,0,0.0,0.0,26.9,27.1,-0.229,0.009
2021,8,Hambantota,LK33,-0.866025403784438,-0.5,0,1,0,0,94.941176,283.890186666666,142.544056666666,93.047059,63.4,182.580978,0,6.1429,81.1212,86.24,5.9,27.51,85.54,6.35,13.603192099776583,24.35920156427589,0.0,0,0.0,0.0,26.32,27.47,-0.099,-0.002
2021,9,Hambantota,LK33,-1.0,-1.83697019872102e-16,0,1,0,0,69.400001,241.721583333333,102.013282,94.941176,93.047059,142.544056666666,0,6.1429,81.1212,85.48,5.94,27.02,86.24,5.9,13.603192099776583,24.35920156427589,0.0,0,0.0,0.0,26.17,27.45,-0.058,-0.229
2021,10,Hambantota,LK33,-0.866025403784438,0.5,0,0,1,0,186.317654,300.843159999999,113.579175,69.400001,94.941176,102.013282,0,6.1429,81.1212,84.88,4.89,27.42,85.48,5.94,13.603192099776583,24.35920156427589,0.0,0,0.0,0.0,25.77,26.9,-0.091,-0.099
2021,11,Hambantota,LK33,-0.5,0.866025403784438,0,0,1,0,301.62351,500.901976666666,108.30752,186.317654,69.400001,113.579175,0,6.1429,81.1212,83.69,4.57,27.44,84.88,4.89,13.603192099776583,24.35920156427589,0.0,0,0.0,0.0,25.76,26.32,0.069,-0.058
2021,12,Hambantota,LK33,-2.4492935982947e-16,1.0,0,0,0,1,141.10588,628.411776666666,77.4811083333333,301.62351,186.317654,108.30752,0,6.1429,81.1212,83.52,4.24,27.26,83.69,4.57,13.603192099776583,24.35920156427589,0.0,0,0.0,0.0,25.54,26.17,-0.12,-0.091
2022,1,Hambantota,LK33,0.499999999999999,0.866025403784438,0,0,0,1,63.7294105,568.9529,51.9399933333333,141.10588,301.62351,77.4811083333333,0,6.1429,81.1212,82.65,3.77,26.91,83.52,4.24,13.91676666110102,24.75289657490188,0.25,1,0.25,0.0,25.6,25.77,-0.056,0.069
2022,2,Hambantota,LK33,0.866025403784438,0.5,0,0,0,1,80.082351,361.752916666666,107.020771666666,63.7294105,141.10588,51.9399933333333,0,6.1429,81.1212,81.47,3.84,26.68,82.65,3.77,13.91676666110102,24.75289657490188,0.0,0,0.0,0.25,25.86,25.76,-0.082,-0.12
2022,3,Hambantota,LK33,1.0,6.12323399573676e-17,1,0,0,0,106.494121,248.799986666666,122.103003333333,80.082351,63.7294105,107.020771666666,0,6.1429,81.1212,81.11,3.59,26.68,81.47,3.84,13.91676666110102,24.75289657490188,0.0,0,0.0,0.0,26.31,25.54,-0.093,-0.056
2022,4,Hambantota,LK33,0.866025403784438,-0.499999999999999,1,0,0,0,133.223529999999,284.701966666666,105.01533,106.494121,80.082351,122.103003333333,0,6.1429,81.1212,81.98,3.06,27.69,81.11,3.59,13.91676666110102,24.75289657490188,0.25,1,0.25,0.0,26.7,25.6,-0.068,-0.082
2022,5,Hambantota,LK33,0.499999999999999,-0.866025403784438,0,1,0,0,186.741167,378.894113333333,138.014063333333,133.223529999999,106.494121,105.01533,0,6.1429,81.1212,86.13,6.36,28.16,81.98,3.06,13.91676666110102,24.75289657490188,0.0,0,0.0,0.25,26.82,25.86,-0.122,-0.093
2022,6,Hambantota,LK33,1.22464679914735e-16,-1.0,0,1,0,0,54.458825,387.431376666666,86.512529,186.741167,133.223529999999,138.014063333333,0,6.1429,81.1212,85.68,6.07,28.0,86.13,6.36,13.91676666110102,24.75289657490188,0.0,0,0.0,0.0,26.98,26.31,-0.335,-0.068
2022,7,Hambantota,LK33,-0.499999999999999,-0.866025403784438,0,1,0,0,73.317647,319.713746666666,143.978428666666,54.458825,186.741167,86.512529,0,6.1429,81.1212,85.38,5.77,27.49,85.68,6.07,13.91676666110102,24.75289657490188,0.0,0,0.0,0.0,26.6,26.7,-0.195,-0.122
2022,8,Hambantota,LK33,-0.866025403784438,-0.5,0,1,0,0,130.9647063,280.694126666666,200.305711,73.317647,54.458825,143.978428666666,0,6.1429,81.1212,87.53,6.01,27.17,85.38,5.77,13.91676666110102,24.75289657490188,0.0,0,0.0,0.0,25.88,26.82,-0.246,-0.335
2022,9,Hambantota,LK33,-1.0,-1.83697019872102e-16,0,1,0,0,32.1411774,246.513736666666,61.5662343333333,130.9647063,73.317647,200.305711,0,6.1429,81.1212,84.02,6.02,26.54,87.53,6.01,13.91676666110102,24.75289657490188,0.25,1,0.25,0.0,25.65,26.98,-0.322,-0.195
2022,10,Hambantota,LK33,-0.866025403784438,0.5,0,0,1,0,217.176467,320.874513333333,121.056585333333,32.1411774,130.9647063,61.5662343333333,1,6.1429,81.1212,82.63,5.2,27.13,84.02,6.02,13.91676666110102,24.75289657490188,0.0,0,0.0,0.25,25.73,26.6,-0.691,-0.246
2022,11,Hambantota,LK33,-0.5,0.866025403784438,0,0,1,0,216.38824,476.431376666666,79.4202863333333,217.176467,32.1411774,121.056585333333,0,6.1429,81.1212,80.64,2.82,27.33,82.63,5.2,13.91676666110102,24.75289657490188,0.0,0,0.0,0.0,25.8,25.88,-0.269,-0.322
2022,12,Hambantota,LK33,-2.4492935982947e-16,1.0,0,0,0,1,184.317643,571.815666666666,104.006851333333,216.38824,217.176467,79.4202863333333,0,6.1429,81.1212,83.63,4.04,27.07,80.64,2.82,13.91676666110102,24.75289657490188,0.0,0,0.0,0.0,25.75,25.65,-0.091,-0.691
2023,1,Hambantota,LK33,0.499999999999999,0.866025403784438,0,0,0,1,109.882353,557.376476666666,87.687679,184.317643,216.38824,104.006851333333,0,6.1429,81.1212,83.42,4.97,26.52,83.63,4.04,14.230341222425457,25.146591585527872,0.5,2,0.5,0.0,25.83,25.73,0.11,-0.269
2023,2,Hambantota,LK33,0.866025403784438,0.5,0,0,0,1,139.635298,452.3608,157.725211666666,109.882353,184.317643,87.687679,0,6.1429,81.1212,83.3,4.99,25.88,83.42,4.97,14.230341222425457,25.146591585527872,0.5,2,0.5,0.5,26.29,25.8,0.157,-0.091
2023,3,Hambantota,LK33,1.0,6.12323399573676e-17,1,0,0,0,195.282356,454.36472,216.463318999999,139.635298,109.882353,157.725211666666,0,6.1429,81.1212,80.06,3.42,26.45,83.3,4.99,14.230341222425457,25.146591585527872,0.25,1,0.25,0.5,27.17,25.75,0.414,0.11
2023,4,Hambantota,LK33,0.866025403784438,-0.499999999999999,1,0,0,0,109.988236,441.19219,88.2985823333333,195.282356,139.635298,216.463318999999,0,6.1429,81.1212,78.66,2.64,27.7,80.06,3.42,14.230341222425457,25.146591585527872,0.25,1,0.25,0.25,27.96,25.83,0.56,0.157
2023,5,Hambantota,LK33,0.499999999999999,-0.866025403784438,0,1,0,0,391.717656,640.874533333333,259.498453333333,109.988236,195.282356,88.2985823333333,0,6.1429,81.1212,84.38,5.2,28.61,78.66,2.64,14.230341222425457,25.146591585527872,0.0,0,0.0,0.25,28.39,26.29,0.443,0.414
2023,6,Hambantota,LK33,1.22464679914735e-16,-1.0,0,1,0,0,49.3176459999999,577.866706666666,80.8842716666666,391.717656,109.988236,259.498453333333,0,6.1429,81.1212,84.74,6.37,28.4,84.38,5.2,14.230341222425457,25.146591585527872,0.0,0,0.0,0.0,28.57,27.17,0.665,0.56
2023,7,Hambantota,LK33,-0.499999999999999,-0.866025403784438,0,1,0,0,46.6235293,534.7137,104.69588,49.3176459999999,391.717656,80.8842716666666,0,6.1429,81.1212,87.2,5.93,28.16,84.74,6.37,14.230341222425457,25.146591585527872,0.0,0,0.0,0.0,28.32,27.96,0.498,0.443
2023,8,Hambantota,LK33,-0.866025403784438,-0.5,0,1,0,0,54.2352927,196.858829999999,87.7442323333333,46.6235293,49.3176459999999,104.69588,0,6.1429,81.1212,82.74,6.07,27.47,87.2,5.93,14.230341222425457,25.146591585527872,0.0,0,0.0,0.0,28.2,28.39,0.826,0.665
2023,9,Hambantota,LK33,-1.0,-1.83697019872102e-16,0,1,0,0,190.94118,245.71373,259.154183333333,54.2352927,46.6235293,87.7442323333333,0,6.1429,81.1212,84.1,5.98,28.07,82.74,6.07,14.230341222425457,25.146591585527872,0.0,0,0.0,0.0,28.32,28.57,0.946,0.498
2023,10,Hambantota,LK33,-0.866025403784438,0.5,0,0,1,0,385.89411,531.035273333333,239.893141666666,190.94118,54.2352927,259.154183333333,0,6.1429,81.1212,84.94,3.58,27.74,84.1,5.98,14.230341222425457,25.146591585527872,0.0,0,0.0,0.0,28.44,28.32,0.804,0.826
2023,11,Hambantota,LK33,-0.5,0.866025403784438,0,0,1,0,308.941165,816.17252,110.693143333333,385.89411,190.94118,239.893141666666,0,6.1429,81.1212,82.96,2.48,27.24,84.94,3.58,14.230341222425457,25.146591585527872,0.0,0,0.0,0.0,28.72,28.2,0.92,0.946
2023,12,Hambantota,LK33,-2.4492935982947e-16,1.0,0,0,0,1,374.82353,1013.96863333333,205.190996666666,308.941165,385.89411,110.693143333333,0,6.1429,81.1212,86.62,4.12,27.53,82.96,2.48,14.230341222425457,25.146591585527872,0.0,0,0.0,0.0,28.62,28.32,0.852,0.804
2024,1,Hambantota,LK33,0.499999999999999,0.866025403784438,0,0,0,1,265.329417,1031.86273333333,179.460223,374.82353,308.941165,205.190996666666,0,6.1429,81.1212,84.32,4.29,27.42,86.62,4.12,14.543915783749892,25.540286596153862,0.0,0,0.0,0.0,28.35,28.44,0.765,0.92
2024,2,Hambantota,LK33,0.866025403784438,0.5,0,0,0,1,21.0705885,754.46272,40.295944,265.329417,374.82353,179.460223,0,6.1429,81.1212,83.24,4.96,26.86,84.32,4.29,14.543915783749892,25.540286596153862,0.5,2,0.5,0.0,28.27,28.72,0.327,0.852
2024,3,Hambantota,LK33,1.0,6.12323399573676e-17,1,0,0,0,51.952941,431.431403333333,67.6635033333333,21.0705885,265.329417,40.295944,0,6.1429,81.1212,78.69,3.51,27.53,83.24,4.96,14.543915783749892,25.540286596153862,0.5,2,0.5,0.5,28.41,28.62,0.421,0.765
2024,4,Hambantota,LK33,0.866025403784438,-0.499999999999999,1,0,0,0,119.72941,169.988236666666,95.7290366666666,51.952941,21.0705885,67.6635033333333,0,6.1429,81.1212,79.63,2.69,28.24,78.69,3.51,14.543915783749892,25.540286596153862,0.5,2,0.5,0.5,28.59,28.35,0.44,0.327
2024,5,Hambantota,LK33,0.499999999999999,-0.866025403784438,0,1,0,0,147.11765,280.968623333333,106.29761,119.72941,51.952941,95.7290366666666,0,6.1429,81.1212,83.27,5.36,29.34,79.63,2.69,14.543915783749892,25.540286596153862,0.0,0,0.0,0.5,28.16,28.27,0.298,0.421
2024,6,Hambantota,LK33,1.22464679914735e-16,-1.0,0,1,0,0,47.6705879999999,329.725493333333,74.6372266666666,147.11765,119.72941,106.29761,0,6.1429,81.1212,84.25,6.09,29.1,83.27,5.36,14.543915783749892,25.540286596153862,0.0,0,0.0,0.0,27.9,28.41,0.197,0.44
2024,7,Hambantota,LK33,-0.499999999999999,-0.866025403784438,0,1,0,0,29.941176,263.66274,74.8002933333333,47.6705879999999,147.11765,74.6372266666666,0,6.1429,81.1212,84.67,5.37,28.36,84.25,6.09,14.543915783749892,25.540286596153862,0.0,0,0.0,0.0,27.34,28.59,0.033,0.298
2024,8,Hambantota,LK33,-0.866025403784438,-0.5,0,1,0,0,125.894123,190.964703333333,179.960043333333,29.941176,47.6705879999999,74.8002933333333,0,6.1429,81.1212,83.29,5.65,28.09,84.67,5.37,14.543915783749892,25.540286596153862,0.0,0,0.0,0.0,26.73,28.16,0.267,0.197
2024,9,Hambantota,LK33,-1.0,-1.83697019872102e-16,0,1,0,0,51.5529425999999,193.772543333333,77.771792,125.894123,29.941176,179.960043333333,0,6.1429,81.1212,82.61,6.19,27.97,83.29,5.65,14.543915783749892,25.540286596153862,0.0,0,0.0,0.0,26.45,27.9,0.115,0.033
2024,10,Hambantota,LK33,-0.866025403784438,0.5,0,0,1,0,197.823531,313.658846666666,121.429741999999,51.5529425999999,125.894123,77.771792,0,6.1429,81.1212,84.08,4.99,28.29,82.61,6.19,14.543915783749892,25.540286596153862,0.0,0,0.0,0.0,26.44,27.34,-0.196,0.267
2024,11,Hambantota,LK33,-0.5,0.866025403784438,0,0,1,0,352.199996,531.231386666666,125.434714666666,197.823531,51.5529425999999,121.429741999999,0,6.1429,81.1212,82.74,3.48,27.9,84.08,4.99,14.543915783749892,25.540286596153862,0.5,2,0.5,0.0,26.45,26.73,-0.382,0.115
2024,12,Hambantota,LK33,-2.4492935982947e-16,1.0,0,0,0,1,144.658822999999,653.843113333333,86.3940073333333,352.199996,197.823531,125.434714666666,0,6.1429,81.1212,82.9,3.15,27.73,82.74,3.48,14.543915783749892,25.540286596153862,0.5,2,0.5,0.5,26.0,26.45,-0.331,-0.196
2017,1,Jaffna,LK41,0.499999999999999,0.866025403784438,0,0,0,1,127.548384,481.9677,176.720213333333,219.626722857142,472.004614571428,95.5825148095238,0,9.6615,80.0255,75.68,5.47,26.787142857142857,81.69714285714285,5.094285714285713,1.2733918970940366,47.13615580654182,0.0,0,0.0,0.0,26.12,25.98,-0.086,-0.382
2017,2,Jaffna,LK41,0.866025403784438,0.5,0,0,0,1,18.8709687,326.279556666666,83.1165926666666,127.548384,219.626722857142,176.720213333333,0,9.6615,80.0255,71.05,4.61,25.82,75.68,5.47,1.2733918970940366,47.13615580654182,0.0,0,0.0,0.0,26.67,25.94,0.101,-0.31
2017,3,Jaffna,LK41,1.0,6.12323399573676e-17,1,0,0,0,49.7096767,229.75269,165.750856666666,18.8709687,127.548384,83.1165926666666,0,9.6615,80.0255,75.09,3.35,26.22,71.05,4.61,1.2733918970940366,47.13615580654182,0.0,0,0.0,0.0,27.32,26.1,0.357,-0.086
2017,4,Jaffna,LK41,0.866025403784438,-0.499999999999999,1,0,0,0,13.4838702,158.258068,38.8165103333333,49.7096767,18.8709687,165.750856666666,0,9.6615,80.0255,73.3,4.04,28.15,75.09,3.35,1.2733918970940366,47.13615580654182,0.0,0,0.0,0.0,28.03,26.12,0.498,0.101
2017,5,Jaffna,LK41,0.499999999999999,-0.866025403784438,0,1,0,0,38.4193549999999,98.591402,104.920874666666,13.4838702,49.7096767,38.8165103333333,0,9.6615,80.0255,76.06,5.34,30.11,73.3,4.04,1.2733918970940366,47.13615580654182,0.5,1,0.5,0.0,28.3,26.67,0.536,0.357
2017,6,Jaffna,LK41,1.22464679914735e-16,-1.0,0,1,0,0,1.1935484,57.6451623333333,99.87317,38.4193549999999,13.4838702,104.920874666666,0,9.6615,80.0255,76.28,7.21,30.11,76.06,5.34,1.2733918970940366,47.13615580654182,0.0,0,0.0,0.5,28.06,27.32,0.424,0.498
2017,7,Jaffna,LK41,-0.499999999999999,-0.866025403784438,0,1,0,0,0.32258064,44.0967776666666,99.0450033333333,1.1935484,38.4193549999999,99.87317,0,9.6615,80.0255,73.15,5.82,29.47,76.28,7.21,1.2733918970940366,47.13615580654182,0.0,0,0.0,0.0,27.54,28.03,0.52,0.536
2017,8,Jaffna,LK41,-0.866025403784438,-0.5,0,1,0,0,25.741936,28.0430113333333,140.241894666666,0.32258064,1.1935484,99.0450033333333,0,9.6615,80.0255,77.66,5.49,29.68,73.15,5.82,1.2733918970940366,47.13615580654182,0.0,0,0.0,0.0,26.7,28.3,0.349,0.424
2017,9,Jaffna,LK41,-1.0,-1.83697019872102e-16,0,1,0,0,46.064518,57.3333356666666,161.8101,25.741936,0.32258064,140.241894666666,0,9.6615,80.0255,80.45,5.7,28.98,77.66,5.49,1.2733918970940366,47.13615580654182,0.0,0,0.0,0.0,26.29,28.06,0.035,0.52
2017,10,Jaffna,LK41,-0.866025403784438,0.5,0,0,1,0,160.774197,149.376353333333,67.3855566666666,46.064518,25.741936,161.8101,0,9.6615,80.0255,78.87,5.07,28.43,80.45,5.7,1.2733918970940366,47.13615580654182,0.5,1,0.5,0.0,26.15,27.54,0.015,0.349
2017,11,Jaffna,LK41,-0.5,0.866025403784438,0,0,1,0,487.161294,589.7312,107.138702666666,160.774197,46.064518,67.3855566666666,1,9.6615,80.0255,83.59,4.76,28.59,78.87,5.07,1.2733918970940366,47.13615580654182,0.0,0,0.0,0.5,25.74,26.7,0.289,0.035
2017,12,Jaffna,LK41,-2.4492935982947e-16,1.0,0,0,0,1,40.290323,693.387133333333,23.1501036666666,487.161294,160.774197,107.138702666666,0,9.6615,80.0255,78.85,4.69,27.34,83.59,4.76,1.2733918970940366,47.13615580654182,0.0,0,0.0,0.0,25.62,26.29,0.11,0.015
2018,1,Jaffna,LK41,0.499999999999999,0.866025403784438,0,0,0,1,33.19355,634.25808,55.4952276666666,40.290323,487.161294,23.1501036666666,1,9.6615,80.0255,76.12,4.94,26.63,78.85,4.69,1.8840701941727167,49.31125622495041,0.0,0,0.0,0.0,25.57,26.15,-0.2,0.289
2018,2,Jaffna,LK41,0.866025403784438,0.5,0,0,0,1,10.6774191,194.41936,61.9028466666666,33.19355,40.290323,55.4952276666666,1,9.6615,80.0255,75.64,5.12,25.71,76.12,4.94,1.8840701941727167,49.31125622495041,0.0,0,0.0,0.0,25.97,25.74,0.216,0.11
2018,3,Jaffna,LK41,1.0,6.12323399573676e-17,1,0,0,0,32.354839,76.0537633333333,130.623698,10.6774191,33.19355,61.9028466666666,0,9.6615,80.0255,73.88,4.01,26.33,75.64,5.12,1.8840701941727167,49.31125622495041,0.0,0,0.0,0.0,26.48,25.62,-0.12,-0.2
2018,4,Jaffna,LK41,0.866025403784438,-0.499999999999999,1,0,0,0,29.0,70.83871,59.6743356666666,32.354839,10.6774191,130.623698,0,9.6615,80.0255,73.21,3.39,28.26,73.88,4.01,1.8840701941727167,49.31125622495041,0.0,0,0.0,0.0,27.31,25.57,-0.083,0.216
2018,5,Jaffna,LK41,0.499999999999999,-0.866025403784438,0,1,0,0,61.000001,100.82796,160.408493333333,29.0,32.354839,59.6743356666666,0,9.6615,80.0255,78.85,4.77,29.87,73.21,3.39,1.8840701941727167,49.31125622495041,0.0,0,0.0,0.0,27.73,25.97,0.122,-0.12
2018,6,Jaffna,LK41,1.22464679914735e-16,-1.0,0,1,0,0,1.0645162,100.870968,99.1813686666666,61.000001,29.0,160.408493333333,0,9.6615,80.0255,79.26,7.32,29.45,78.85,4.77,1.8840701941727167,49.31125622495041,0.0,0,0.0,0.0,27.77,26.48,0.155,-0.083
2018,7,Jaffna,LK41,-0.499999999999999,-0.866025403784438,0,1,0,0,0.06451613,73.086022,97.4751433333333,1.0645162,61.000001,99.1813686666666,0,9.6615,80.0255,75.72,6.38,28.97,79.26,7.32,1.8840701941727167,49.31125622495041,0.0,0,0.0,0.0,27.42,27.31,0.053,0.122
2018,8,Jaffna,LK41,-0.866025403784438,-0.5,0,1,0,0,15.2903224,33.935486,102.344471333333,0.06451613,1.0645162,97.4751433333333,0,9.6615,80.0255,75.59,6.08,29.05,75.72,6.38,1.8840701941727167,49.31125622495041,0.0,0,0.0,0.0,26.94,27.73,0.121,0.155
2018,9,Jaffna,LK41,-1.0,-1.83697019872102e-16,0,1,0,0,31.5483873,29.720429,103.229538666666,15.2903224,0.06451613,102.344471333333,0,9.6615,80.0255,75.78,4.94,28.68,75.59,6.08,1.8840701941727167,49.31125622495041,0.0,0,0.0,0.0,27.19,27.77,0.604,0.053
2018,10,Jaffna,LK41,-0.866025403784438,0.5,0,0,1,0,315.096778,236.139786666666,146.018496666666,31.5483873,15.2903224,103.229538666666,0,9.6615,80.0255,79.48,3.77,28.58,75.78,4.94,1.8840701941727167,49.31125622495041,0.0,0,0.0,0.0,27.62,27.42,0.684,0.121
2018,11,Jaffna,LK41,-0.5,0.866025403784438,0,0,1,0,397.774196,705.193566666666,87.8616333333333,315.096778,31.5483873,146.018496666666,0,9.6615,80.0255,80.75,4.42,28.13,79.48,3.77,1.8840701941727167,49.31125622495041,0.0,0,0.0,0.0,27.61,26.94,0.5,0.604
2018,12,Jaffna,LK41,-2.4492935982947e-16,1.0,0,0,0,1,140.967742999999,811.215126666666,74.3104096666666,397.774196,315.096778,87.8616333333333,0,9.6615,80.0255,80.74,4.84,27.28,80.75,4.42,1.8840701941727167,49.31125622495041,0.0,0,0.0,0.0,27.49,27.19,0.309,0.684
2019,1,Jaffna,LK41,0.499999999999999,0.866025403784438,0,0,0,1,18.2258064,676.440953333333,40.5732843333333,140.967742999999,397.774196,74.3104096666666,1,9.6615,80.0255,74.94,5.18,26.59,80.74,4.84,2.4947484912513977,51.486356643359,0.0,0,0.0,0.0,27.19,27.62,0.387,0.5
2019,2,Jaffna,LK41,0.866025403784438,0.5,0,0,0,1,14.0645165,216.935499999999,67.698728,18.2258064,140.967742999999,40.5732843333333,1,9.6615,80.0255,75.8,4.56,25.7,74.94,5.18,2.4947484912513977,51.486356643359,0.0,0,0.0,0.0,27.46,27.61,0.416,0.309
2019,3,Jaffna,LK41,1.0,6.12323399573676e-17,1,0,0,0,3.3548387,94.4623733333333,49.0650599999999,14.0645165,18.2258064,67.698728,1,9.6615,80.0255,69.06,4.06,27.4,75.8,4.56,2.4947484912513977,51.486356643359,0.0,0,0.0,0.0,28.09,27.49,0.225,0.387
2019,4,Jaffna,LK41,0.866025403784438,-0.499999999999999,1,0,0,0,39.7419354,44.8494633333333,75.016679,3.3548387,14.0645165,49.0650599999999,0,9.6615,80.0255,66.62,3.04,29.08,69.06,4.06,2.4947484912513977,51.486356643359,0.0,0,0.0,0.0,28.44,27.19,0.258,0.416
2019,5,Jaffna,LK41,0.499999999999999,-0.866025403784438,0,1,0,0,13.67742,54.2795693333333,60.6476836666666,39.7419354,3.3548387,75.016679,0,9.6615,80.0255,76.35,6.34,30.81,66.62,3.04,2.4947484912513977,51.486356643359,0.0,0,0.0,0.0,28.48,27.46,0.54,0.225
2019,6,Jaffna,LK41,1.22464679914735e-16,-1.0,0,1,0,0,2.2903225,56.6989226666666,105.75349,13.67742,39.7419354,60.6476836666666,0,9.6615,80.0255,76.66,7.35,30.28,76.35,6.34,2.4947484912513977,51.486356643359,0.0,0,0.0,0.0,28.18,28.09,0.605,0.258
2019,7,Jaffna,LK41,-0.499999999999999,-0.866025403784438,0,1,0,0,1.0,34.978494,103.16588,2.2903225,13.67742,105.75349,0,9.6615,80.0255,76.06,6.41,29.96,76.66,7.35,2.4947484912513977,51.486356643359,0.0,0,0.0,0.0,27.64,28.44,0.597,0.54
2019,8,Jaffna,LK41,-0.866025403784438,-0.5,0,1,0,0,25.645162,23.0537636666666,137.613816666666,1.0,2.2903225,103.16588,0,9.6615,80.0255,76.8,7.37,29.22,76.06,6.41,2.4947484912513977,51.486356643359,0.5,1,0.5,0.0,26.9,28.48,0.436,0.605
2019,9,Jaffna,LK41,-1.0,-1.83697019872102e-16,0,1,0,0,53.5483864999999,55.0645126666666,168.013746666666,25.645162,1.0,137.613816666666,0,9.6615,80.0255,79.97,5.79,28.74,76.8,7.37,2.4947484912513977,51.486356643359,0.5,1,0.5,0.5,26.75,28.18,0.892,0.597
2019,10,Jaffna,LK41,-0.866025403784438,0.5,0,0,1,0,403.25806,262.806444666666,151.693486666666,53.5483864999999,25.645162,168.013746666666,1,9.6615,80.0255,80.24,3.15,28.39,79.97,5.79,2.4947484912513977,51.486356643359,0.5,1,0.5,0.5,27.2,27.64,0.964,0.436
2019,11,Jaffna,LK41,-0.5,0.866025403784438,0,0,1,0,247.387095999999,570.107526666666,57.2210703333333,403.25806,53.5483864999999,151.693486666666,0,9.6615,80.0255,81.18,3.85,27.99,80.24,3.15,2.4947484912513977,51.486356643359,0.5,1,0.5,0.5,27.22,26.9,0.835,0.892
2019,12,Jaffna,LK41,-2.4492935982947e-16,1.0,0,0,0,1,225.258066999999,864.784933333333,93.4933583333333,247.387095999999,403.25806,57.2210703333333,0,9.6615,80.0255,80.83,5.17,28.02,81.18,3.85,2.4947484912513977,51.486356643359,0.5,1,0.5,0.5,27.12,26.75,0.243,0.964
2020,1,Jaffna,LK41,0.499999999999999,0.866025403784438,0,0,0,1,22.419354,706.924733333333,44.6099796666666,225.258066999999,247.387095999999,93.4933583333333,0,9.6615,80.0255,76.26,4.57,27.06,80.83,5.17,3.105426788330078,53.66145706176758,1.0,2,1.0,0.5,27.15,27.2,0.173,0.835
2020,2,Jaffna,LK41,0.866025403784438,0.5,0,0,0,1,12.1935488,400.225809999999,67.5370713333333,22.419354,225.258066999999,44.6099796666666,0,9.6615,80.0255,73.1,5.11,26.77,76.26,4.57,3.105426788330078,53.66145706176758,0.0,0,0.0,1.0,27.12,27.22,0.054,0.243
2020,3,Jaffna,LK41,1.0,6.12323399573676e-17,1,0,0,0,3.3870967,73.1720406666666,49.2055839999999,12.1935488,22.419354,67.5370713333333,0,9.6615,80.0255,70.56,4.15,27.19,73.1,5.11,3.105426788330078,53.66145706176758,0.0,0,0.0,0.0,27.76,27.12,0.019,0.173
2020,4,Jaffna,LK41,0.866025403784438,-0.499999999999999,1,0,0,0,24.3548394999999,35.688174,57.0567166666666,3.3870967,12.1935488,49.2055839999999,0,9.6615,80.0255,70.48,3.47,28.57,70.56,4.15,3.105426788330078,53.66145706176758,0.0,0,0.0,0.0,28.18,27.15,-0.011,0.054
2020,5,Jaffna,LK41,0.499999999999999,-0.866025403784438,0,1,0,0,42.6451616,64.1182776666666,108.081745333333,24.3548394999999,3.3870967,57.0567166666666,0,9.6615,80.0255,74.75,4.72,30.35,70.48,3.47,3.105426788330078,53.66145706176758,0.0,0,0.0,0.0,27.66,27.12,0.298,0.019
2020,6,Jaffna,LK41,1.22464679914735e-16,-1.0,0,1,0,0,1.7419355,69.817207,102.813331666666,42.6451616,24.3548394999999,108.081745333333,0,9.6615,80.0255,75.23,6.47,30.44,74.75,4.72,3.105426788330078,53.66145706176758,0.0,0,0.0,0.0,27.39,27.76,0.455,-0.011
2020,7,Jaffna,LK41,-0.499999999999999,-0.866025403784438,0,1,0,0,4.193548,58.4838736666666,122.59288,1.7419355,42.6451616,102.813331666666,0,9.6615,80.0255,77.86,5.48,29.66,75.23,6.47,3.105426788330078,53.66145706176758,0.0,0,0.0,0.0,26.99,28.18,0.319,0.298
2020,8,Jaffna,LK41,-0.866025403784438,-0.5,0,1,0,0,15.0322575,29.4731176666666,107.176728666666,4.193548,1.7419355,122.59288,0,9.6615,80.0255,78.53,6.31,28.75,77.86,5.48,3.105426788330078,53.66145706176758,0.0,0,0.0,0.0,26.26,27.66,-0.183,0.455
2020,9,Jaffna,LK41,-1.0,-1.83697019872102e-16,0,1,0,0,41.258065,42.4623656666666,130.360091666666,15.0322575,4.193548,107.176728666666,0,9.6615,80.0255,79.39,6.43,28.74,78.53,6.31,3.105426788330078,53.66145706176758,0.0,0,0.0,0.0,25.89,27.39,-0.189,0.319
2020,10,Jaffna,LK41,-0.866025403784438,0.5,0,0,1,0,61.741935,97.7096796666666,35.3448096666666,41.258065,15.0322575,130.360091666666,0,9.6615,80.0255,78.54,4.93,28.33,79.39,6.43,3.105426788330078,53.66145706176758,0.0,0,0.0,0.0,25.46,26.99,0.074,-0.183
2020,11,Jaffna,LK41,-0.5,0.866025403784438,0,0,1,0,372.064516,354.150526666666,84.504085,61.741935,41.258065,35.3448096666666,0,9.6615,80.0255,81.09,4.55,28.42,78.54,4.93,3.105426788330078,53.66145706176758,0.0,0,0.0,0.0,25.28,26.26,0.02,-0.189
2020,12,Jaffna,LK41,-2.4492935982947e-16,1.0,0,0,0,1,524.9032,874.827936666666,215.24964,372.064516,61.741935,84.504085,0,9.6615,80.0255,83.62,5.43,27.94,81.09,4.55,3.105426788330078,53.66145706176758,0.0,0,0.0,0.0,25.44,25.89,0.031,0.074
2021,1,Jaffna,LK41,0.499999999999999,0.866025403784438,0,0,0,1,235.806449999999,1115.3118,278.660730666666,524.9032,372.064516,215.24964,0,9.6615,80.0255,82.68,4.85,26.48,83.62,5.43,3.716105085408759,55.83655748017616,0.0,0,0.0,0.0,25.55,25.46,0.051,0.02
2021,2,Jaffna,LK41,0.866025403784438,0.5,0,0,0,1,16.6774193999999,897.161356666666,74.20809,235.806449999999,524.9032,278.660730666666,0,9.6615,80.0255,76.63,4.78,26.39,82.68,4.85,3.716105085408759,55.83655748017616,0.0,0,0.0,0.0,25.75,25.28,0.243,0.031
2021,3,Jaffna,LK41,1.0,6.12323399573676e-17,1,0,0,0,9.4193552,359.440836666666,65.4319186666666,16.6774193999999,235.806449999999,74.20809,0,9.6615,80.0255,75.19,3.95,26.23,76.63,4.78,3.716105085408759,55.83655748017616,0.0,0,0.0,0.0,26.48,25.44,0.267,0.051
2021,4,Jaffna,LK41,0.866025403784438,-0.499999999999999,1,0,0,0,66.1935463,110.548383333333,105.599162666666,9.4193552,16.6774193999999,65.4319186666666,0,9.6615,80.0255,75.83,3.65,28.05,75.19,3.95,3.716105085408759,55.83655748017616,0.0,0,0.0,0.0,27.1,25.55,0.25,0.243
2021,5,Jaffna,LK41,0.499999999999999,-0.866025403784438,0,1,0,0,29.612904,99.7741933333333,89.880424,66.1935463,9.4193552,105.599162666666,0,9.6615,80.0255,78.08,5.6,29.48,75.83,3.65,3.716105085408759,55.83655748017616,0.0,0,0.0,0.0,27.47,25.75,0.009,0.267
2021,6,Jaffna,LK41,1.22464679914735e-16,-1.0,0,1,0,0,6.967742,107.139786666666,130.83132,29.612904,66.1935463,89.880424,0,9.6615,80.0255,78.45,6.18,29.6,78.08,5.6,3.716105085408759,55.83655748017616,0.0,0,0.0,0.0,27.45,26.48,-0.002,0.25
2021,7,Jaffna,LK41,-0.499999999999999,-0.866025403784438,0,1,0,0,0.48387095,59.0645176666666,100.026163333333,6.967742,29.612904,130.83132,0,9.6615,80.0255,76.85,6.27,29.22,78.45,6.18,3.716105085408759,55.83655748017616,0.0,0,0.0,0.0,26.9,27.1,-0.229,0.009
2021,8,Jaffna,LK41,-0.866025403784438,-0.5,0,1,0,0,24.5806435,30.5913966666666,133.919876666666,0.48387095,6.967742,100.026163333333,0,9.6615,80.0255,77.09,5.81,29.17,76.85,6.27,3.716105085408759,55.83655748017616,0.0,0,0.0,0.0,26.32,27.47,-0.099,-0.002
2021,9,Jaffna,LK41,-1.0,-1.83697019872102e-16,0,1,0,0,29.741934,39.7096766666666,99.5340866666666,24.5806435,0.48387095,133.919876666666,0,9.6615,80.0255,78.94,5.45,28.74,77.09,5.81,3.716105085408759,55.83655748017616,0.0,0,0.0,0.0,26.17,27.45,-0.058,-0.229
2021,10,Jaffna,LK41,-0.866025403784438,0.5,0,0,1,0,341.096768,260.677416666666,158.068763333333,29.741934,24.5806435,99.5340866666666,0,9.6615,80.0255,82.0,4.48,28.71,78.94,5.45,3.716105085408759,55.83655748017616,0.0,0,0.0,0.0,25.77,26.9,-0.091,-0.099
2021,11,Jaffna,LK41,-0.5,0.866025403784438,0,0,1,0,863.67745,997.462333333333,187.934656666666,341.096768,29.741934,158.068763333333,0,9.6615,80.0255,85.3,4.63,28.16,82.0,4.48,3.716105085408759,55.83655748017616,0.0,0,0.0,0.0,25.76,26.32,0.069,-0.058
2021,12,Jaffna,LK41,-2.4492935982947e-16,1.0,0,0,0,1,48.0,1248.54833333333,29.2333143333333,863.67745,341.096768,187.934656666666,0,9.6615,80.0255,78.43,4.55,27.19,85.3,4.63,3.716105085408759,55.83655748017616,0.0,0,0.0,0.0,25.54,26.17,-0.12,-0.091
2022,1,Jaffna,LK41,0.499999999999999,0.866025403784438,0,0,0,1,46.516129,1075.80645333333,71.6068133333333,48.0,863.67745,29.2333143333333,0,9.6615,80.0255,78.62,4.78,26.99,78.43,4.55,4.326783382487439,58.01165789858474,0.0,0,0.0,0.0,25.6,25.77,-0.056,0.069
2022,2,Jaffna,LK41,0.866025403784438,0.5,0,0,0,1,55.9677415,383.61294,164.528496666666,46.516129,48.0,71.6068133333333,0,9.6615,80.0255,76.3,4.79,26.61,78.62,4.78,4.326783382487439,58.01165789858474,0.0,0,0.0,0.0,25.86,25.76,-0.082,-0.12
2022,3,Jaffna,LK41,1.0,6.12323399573676e-17,1,0,0,0,22.548386,139.75269,98.1980266666666,55.9677415,46.516129,164.528496666666,0,9.6615,80.0255,75.64,4.18,26.51,76.3,4.79,4.326783382487439,58.01165789858474,0.0,0,0.0,0.0,26.31,25.54,-0.093,-0.056
2022,4,Jaffna,LK41,0.866025403784438,-0.499999999999999,1,0,0,0,179.741936,232.10753,269.175796666666,22.548386,55.9677415,98.1980266666666,0,9.6615,80.0255,77.8,3.18,28.35,75.64,4.18,4.326783382487439,58.01165789858474,0.0,0,0.0,0.0,26.7,25.6,-0.068,-0.082
2022,5,Jaffna,LK41,0.499999999999999,-0.866025403784438,0,1,0,0,15.3548382999999,231.2258,56.8461536666666,179.741936,22.548386,269.175796666666,0,9.6615,80.0255,80.19,6.76,29.22,77.8,3.18,4.326783382487439,58.01165789858474,0.0,0,0.0,0.0,26.82,25.86,-0.122,-0.093
2022,6,Jaffna,LK41,1.22464679914735e-16,-1.0,0,1,0,0,0.7741935,200.473123333333,97.6248133333333,15.3548382999999,179.741936,56.8461536666666,0,9.6615,80.0255,79.38,5.69,29.41,80.19,6.76,4.326783382487439,58.01165789858474,0.0,0,0.0,0.0,26.98,26.31,-0.335,-0.068
2022,7,Jaffna,LK41,-0.499999999999999,-0.866025403784438,0,1,0,0,2.7419355,60.6451639999999,113.762433333333,0.7741935,15.3548382999999,97.6248133333333,0,9.6615,80.0255,76.34,5.07,28.74,79.38,5.69,4.326783382487439,58.01165789858474,0.0,0,0.0,0.0,26.6,26.7,-0.195,-0.122
2022,8,Jaffna,LK41,-0.866025403784438,-0.5,0,1,0,0,35.903226,24.387097,171.63235,2.7419355,0.7741935,113.762433333333,0,9.6615,80.0255,79.43,5.45,28.82,76.34,5.07,4.326783382487439,58.01165789858474,0.0,0,0.0,0.0,25.88,26.82,-0.246,-0.335
2022,9,Jaffna,LK41,-1.0,-1.83697019872102e-16,0,1,0,0,11.3870961,45.3763463333333,64.98868,35.903226,2.7419355,171.63235,0,9.6615,80.0255,79.51,5.62,28.27,79.43,5.45,4.326783382487439,58.01165789858474,0.5,1,0.5,0.0,25.65,26.98,-0.322,-0.195
2022,10,Jaffna,LK41,-0.866025403784438,0.5,0,0,1,0,338.709676,234.645166666666,146.527126666666,11.3870961,35.903226,64.98868,0,9.6615,80.0255,78.31,3.79,28.27,79.51,5.62,4.326783382487439,58.01165789858474,0.0,0,0.0,0.5,25.73,26.6,-0.691,-0.246
2022,11,Jaffna,LK41,-0.5,0.866025403784438,0,0,1,0,328.22581,646.34408,73.9691113333333,338.709676,11.3870961,146.527126666666,0,9.6615,80.0255,81.32,4.25,28.15,78.31,3.79,4.326783382487439,58.01165789858474,0.0,0,0.0,0.0,25.8,25.88,-0.269,-0.322
2022,12,Jaffna,LK41,-2.4492935982947e-16,1.0,0,0,0,1,202.645156,838.225786666666,86.449681,328.22581,338.709676,73.9691113333333,0,9.6615,80.0255,83.14,5.4,26.85,81.32,4.25,4.326783382487439,58.01165789858474,0.0,0,0.0,0.0,25.75,25.65,-0.091,-0.691
2023,1,Jaffna,LK41,0.499999999999999,0.866025403784438,0,0,0,1,52.161289,707.12908,80.8604176666666,202.645156,328.22581,86.449681,0,9.6615,80.0255,76.71,5.29,26.51,83.14,5.4,4.93746167956612,60.18675831699333,0.5,1,0.5,0.0,25.83,25.73,0.11,-0.269
2023,2,Jaffna,LK41,0.866025403784438,0.5,0,0,0,1,110.3225826,410.010743333333,252.967361999999,52.161289,202.645156,80.8604176666666,0,9.6615,80.0255,77.26,4.83,25.7,76.71,5.29,4.93746167956612,60.18675831699333,0.0,0,0.0,0.5,26.29,25.8,0.157,-0.091
2023,3,Jaffna,LK41,1.0,6.12323399573676e-17,1,0,0,0,35.83871,218.204293333333,139.293373333333,110.3225826,52.161289,252.967361999999,0,9.6615,80.0255,75.66,3.94,26.14,77.26,4.83,4.93746167956612,60.18675831699333,0.0,0,0.0,0.0,27.17,25.75,0.414,0.11
2023,4,Jaffna,LK41,0.866025403784438,-0.499999999999999,1,0,0,0,46.0322592,195.182789999999,90.4525023333333,35.83871,110.3225826,139.293373333333,0,9.6615,80.0255,72.4,3.35,28.16,75.66,3.94,4.93746167956612,60.18675831699333,0.5,1,0.5,0.0,27.96,25.83,0.56,0.157
2023,5,Jaffna,LK41,0.499999999999999,-0.866025403784438,0,1,0,0,178.483869,255.462366666666,331.263787,46.0322592,35.83871,90.4525023333333,0,9.6615,80.0255,81.47,5.05,29.95,72.4,3.35,4.93746167956612,60.18675831699333,0.0,0,0.0,0.5,28.39,26.29,0.443,0.414
2023,6,Jaffna,LK41,1.22464679914735e-16,-1.0,0,1,0,0,1.1290323,241.774186666666,99.52727,178.483869,46.0322592,331.263787,0,9.6615,80.0255,78.5,6.23,29.26,81.47,5.05,4.93746167956612,60.18675831699333,0.0,0,0.0,0.0,28.57,27.17,0.665,0.56
2023,7,Jaffna,LK41,-0.499999999999999,-0.866025403784438,0,1,0,0,0.3548387,205.827956666666,99.2412333333333,1.1290323,178.483869,99.52727,0,9.6615,80.0255,75.81,6.38,29.63,78.5,6.23,4.93746167956612,60.18675831699333,0.0,0,0.0,0.0,28.32,27.96,0.498,0.443
2023,8,Jaffna,LK41,-0.866025403784438,-0.5,0,1,0,0,7.967742,14.4516126666666,79.130585,0.3548387,1.1290323,99.2412333333333,0,9.6615,80.0255,76.38,5.71,29.31,75.81,6.38,4.93746167956612,60.18675831699333,0.0,0,0.0,0.0,28.2,28.39,0.826,0.665
2023,9,Jaffna,LK41,-1.0,-1.83697019872102e-16,0,1,0,0,23.290322,21.2903226666666,94.1158049999999,7.967742,0.3548387,79.130585,0,9.6615,80.0255,77.31,7.19,29.33,76.38,5.71,4.93746167956612,60.18675831699333,0.0,0,0.0,0.0,28.32,28.57,0.946,0.498
2023,10,Jaffna,LK41,-0.866025403784438,0.5,0,0,1,0,143.258063,119.763443333333,71.8255106666666,23.290322,7.967742,94.1158049999999,0,9.6615,80.0255,79.1,4.23,28.86,77.31,7.19,4.93746167956612,60.18675831699333,0.0,0,0.0,0.0,28.44,28.32,0.804,0.826
2023,11,Jaffna,LK41,-0.5,0.866025403784438,0,0,1,0,607.74194,614.956976666666,136.351306666666,143.258063,23.290322,71.8255106666666,0,9.6615,80.0255,83.47,3.4,28.36,79.1,4.23,4.93746167956612,60.18675831699333,0.0,0,0.0,0.0,28.72,28.2,0.92,0.946
2023,12,Jaffna,LK41,-2.4492935982947e-16,1.0,0,0,0,1,355.322571,1041.52683333333,147.191096666666,607.74194,143.258063,136.351306666666,0,9.6615,80.0255,86.27,5.58,27.8,83.47,3.4,4.93746167956612,60.18675831699333,0.0,0,0.0,0.0,28.62,28.32,0.852,0.804
2024,1,Jaffna,LK41,0.499999999999999,0.866025403784438,0,0,0,1,98.129036,1106.24726666666,113.052709,355.322571,607.74194,147.191096666666,0,9.6615,80.0255,79.48,4.92,27.25,86.27,5.58,5.5481399766448005,62.36185873540191,0.0,0,0.0,0.0,28.35,28.44,0.765,0.92
2024,2,Jaffna,LK41,0.866025403784438,0.5,0,0,0,1,6.41935469999999,620.290303333333,51.8389726666666,98.129036,355.322571,113.052709,0,9.6615,80.0255,78.2,5.12,26.59,79.48,4.92,5.5481399766448005,62.36185873540191,0.5,1,0.5,0.0,28.27,28.72,0.327,0.852
2024,3,Jaffna,LK41,1.0,6.12323399573676e-17,1,0,0,0,12.7096774,189.548386666666,72.8470163333333,6.41935469999999,98.129036,51.8389726666666,0,9.6615,80.0255,71.79,3.88,27.46,78.2,5.12,5.5481399766448005,62.36185873540191,0.5,1,0.5,0.5,28.41,28.62,0.421,0.765
2024,4,Jaffna,LK41,0.866025403784438,-0.499999999999999,1,0,0,0,18.516129,40.946238,45.98254,12.7096774,6.41935469999999,72.8470163333333,0,9.6615,80.0255,71.09,3.24,28.56,71.79,3.88,5.5481399766448005,62.36185873540191,0.5,1,0.5,0.5,28.59,28.35,0.44,0.327
2024,5,Jaffna,LK41,0.499999999999999,-0.866025403784438,0,1,0,0,51.451614,63.537636,135.628945333333,18.516129,12.7096774,45.98254,0,9.6615,80.0255,77.27,4.61,30.92,71.09,3.24,5.5481399766448005,62.36185873540191,0.0,0,0.0,0.5,28.16,28.27,0.298,0.421
2024,6,Jaffna,LK41,1.22464679914735e-16,-1.0,0,1,0,0,4.645161,77.4408666666666,118.378876666666,51.451614,18.516129,135.628945333333,0,9.6615,80.0255,79.34,6.71,30.45,77.27,4.61,5.5481399766448005,62.36185873540191,0.0,0,0.0,0.0,27.9,28.41,0.197,0.44
2024,7,Jaffna,LK41,-0.499999999999999,-0.866025403784438,0,1,0,0,0.06451613,62.7526919999999,97.4751433333333,4.645161,51.451614,118.378876666666,0,9.6615,80.0255,74.97,6.27,29.42,79.34,6.71,5.5481399766448005,62.36185873540191,0.0,0,0.0,0.0,27.34,28.59,0.033,0.298
2024,8,Jaffna,LK41,-0.866025403784438,-0.5,0,1,0,0,28.193549,42.4086016666666,146.774203333333,0.06451613,4.645161,97.4751433333333,0,9.6615,80.0255,78.64,5.37,29.65,74.97,6.27,5.5481399766448005,62.36185873540191,0.0,0,0.0,0.0,26.73,28.16,0.267,0.197
2024,9,Jaffna,LK41,-1.0,-1.83697019872102e-16,0,1,0,0,8.64516125,32.6236553333333,57.2243933333333,28.193549,0.06451613,146.774203333333,0,9.6615,80.0255,76.62,5.93,29.12,78.64,5.37,5.5481399766448005,62.36185873540191,0.0,0,0.0,0.0,26.45,27.9,0.115,0.033
2024,10,Jaffna,LK41,-0.866025403784438,0.5,0,0,1,0,298.483868,254.935479999999,160.985901333333,8.64516125,28.193549,57.2243933333333,0,9.6615,80.0255,80.49,3.69,29.54,76.62,5.93,5.5481399766448005,62.36185873540191,0.0,0,0.0,0.0,26.44,27.34,-0.196,0.267
2024,11,Jaffna,LK41,-0.5,0.866025403784438,0,0,1,0,663.548384,659.666643333333,148.445746333333,298.483868,8.64516125,160.985901333333,0,9.6615,80.0255,82.55,5.3,28.54,80.49,3.69,5.5481399766448005,62.36185873540191,0.5,1,0.5,0.0,26.45,26.73,-0.382,0.115
2024,12,Jaffna,LK41,-2.4492935982947e-16,1.0,0,0,0,1,113.80645,1046.46236666666,54.666006,663.548384,298.483868,148.445746333333,0,9.6615,80.0255,84.27,4.73,27.94,82.55,5.3,5.5481399766448005,62.36185873540191,0.5,1,0.5,0.5,26.0,26.45,-0.331,-0.196
2017,1,Kilinochchi,LK42,0.499999999999999,0.866025403784438,0,0,0,1,138.0769279,404.748716666666,181.340034999999,203.432965285714,364.228570814285,100.311812142857,0,9.3803,80.377,76.05,5.12,26.755714285714284,81.92,4.802857142857143,2.1083568336566367,30.976746793135312,0.0,0,0.0,0.0,26.12,25.98,-0.086,-0.382
2017,2,Kilinochchi,LK42,0.866025403784438,0.5,0,0,0,1,26.7538467,300.082056666666,82.1854833333333,138.0769279,203.432965285714,181.340034999999,0,9.3803,80.377,71.53,4.28,25.77,76.05,5.12,2.1083568336566367,30.976746793135312,0.0,0,0.0,0.0,26.67,25.94,0.101,-0.31
2017,3,Kilinochchi,LK42,1.0,6.12323399573676e-17,1,0,0,0,155.584614,320.03589,227.762241333333,26.7538467,138.0769279,82.1854833333333,0,9.3803,80.377,77.05,3.21,26.13,71.53,4.28,2.1083568336566367,30.976746793135312,0.0,0,0.0,0.0,27.32,26.1,0.357,-0.086
2017,4,Kilinochchi,LK42,0.866025403784438,-0.499999999999999,1,0,0,0,39.2923056,300.733316666666,39.9229853333333,155.584614,26.7538467,227.762241333333,0,9.3803,80.377,73.51,3.46,27.75,77.05,3.21,2.1083568336566367,30.976746793135312,0.0,0,0.0,0.0,28.03,26.12,0.498,0.101
2017,5,Kilinochchi,LK42,0.499999999999999,-0.866025403784438,0,1,0,0,88.646156,269.39486,145.008545333333,39.2923056,155.584614,39.9229853333333,0,9.3803,80.377,75.76,4.85,29.87,73.51,3.46,2.1083568336566367,30.976746793135312,0.3333,1,0.3333,0.0,28.3,26.67,0.536,0.357
2017,6,Kilinochchi,LK42,1.22464679914735e-16,-1.0,0,1,0,0,2.03076919,156.425653333333,98.539735,88.646156,39.2923056,145.008545333333,0,9.3803,80.377,75.8,6.82,30.01,75.76,4.85,2.1083568336566367,30.976746793135312,0.0,0,0.0,0.3333,28.06,27.32,0.424,0.498
2017,7,Kilinochchi,LK42,-0.499999999999999,-0.866025403784438,0,1,0,0,19.5692311,112.235898333333,134.746318333333,2.03076919,88.646156,98.539735,0,9.3803,80.377,73.08,5.38,29.4,75.8,6.82,2.1083568336566367,30.976746793135312,0.0,0,0.0,0.0,27.54,28.03,0.52,0.536
2017,8,Kilinochchi,LK42,-0.866025403784438,-0.5,0,1,0,0,42.584615,74.0974403333333,175.485883333333,19.5692311,2.03076919,134.746318333333,0,9.3803,80.377,77.99,5.34,29.6,73.08,5.38,2.1083568336566367,30.976746793135312,0.0,0,0.0,0.0,26.7,28.3,0.349,0.424
2017,9,Kilinochchi,LK42,-1.0,-1.83697019872102e-16,0,1,0,0,182.984617,206.194863333333,159.265642,42.584615,19.5692311,175.485883333333,0,9.3803,80.377,79.16,5.19,28.88,77.99,5.34,2.1083568336566367,30.976746793135312,0.0,0,0.0,0.0,26.29,28.06,0.035,0.52
2017,10,Kilinochchi,LK42,-0.866025403784438,0.5,0,0,1,0,136.015389,304.415376666666,63.6503333333333,182.984617,42.584615,159.265642,0,9.3803,80.377,78.39,4.74,28.53,79.16,5.19,2.1083568336566367,30.976746793135312,0.3333,1,0.3333,0.0,26.15,27.54,0.015,0.349
2017,11,Kilinochchi,LK42,-0.5,0.866025403784438,0,0,1,0,309.83077,553.78464,88.8595126666666,136.015389,182.984617,63.6503333333333,0,9.3803,80.377,84.47,4.6,28.59,78.39,4.74,2.1083568336566367,30.976746793135312,0.0,0,0.0,0.3333,25.74,26.7,0.289,0.035
2017,12,Kilinochchi,LK42,-2.4492935982947e-16,1.0,0,0,0,1,61.492308,526.7744,35.658301,309.83077,136.015389,88.8595126666666,0,9.3803,80.377,78.92,4.35,27.26,84.47,4.6,2.1083568336566367,30.976746793135312,0.3333,1,0.3333,0.0,25.62,26.29,0.11,0.015
2018,1,Kilinochchi,LK42,0.499999999999999,0.866025403784438,0,0,0,1,27.8615396,455.282053333333,48.6058503333333,61.492308,309.83077,35.658301,0,9.3803,80.377,76.46,4.54,26.58,78.92,4.35,2.536347793075779,31.657403338978227,0.0,0,0.0,0.3333,25.57,26.15,-0.2,0.289
2018,2,Kilinochchi,LK42,0.866025403784438,0.5,0,0,0,1,19.4769218,192.51282,66.3125593333333,27.8615396,61.492308,48.6058503333333,0,9.3803,80.377,75.62,4.65,25.65,76.46,4.54,2.536347793075779,31.657403338978227,0.3333,1,0.3333,0.0,25.97,25.74,0.216,0.11
2018,3,Kilinochchi,LK42,1.0,6.12323399573676e-17,1,0,0,0,82.030771,120.246155,136.614015333333,19.4769218,27.8615396,66.3125593333333,0,9.3803,80.377,74.57,3.73,26.26,75.62,4.65,2.536347793075779,31.657403338978227,0.3333,1,0.3333,0.3333,26.48,25.62,-0.12,-0.2
2018,4,Kilinochchi,LK42,0.866025403784438,-0.499999999999999,1,0,0,0,91.215386,164.35385,77.5381853333333,82.030771,19.4769218,136.614015333333,0,9.3803,80.377,75.4,3.42,27.97,74.57,3.73,2.536347793075779,31.657403338978227,0.0,0,0.0,0.3333,27.31,25.57,-0.083,0.216
2018,5,Kilinochchi,LK42,0.499999999999999,-0.866025403784438,0,1,0,0,155.661533,287.697426666666,233.32727,91.215386,82.030771,77.5381853333333,0,9.3803,80.377,79.46,4.21,29.42,75.4,3.42,2.536347793075779,31.657403338978227,0.0,0,0.0,0.0,27.73,25.97,0.122,-0.12
2018,6,Kilinochchi,LK42,1.22464679914735e-16,-1.0,0,1,0,0,1.800000007,277.210253333333,97.6309986666666,155.661533,91.215386,233.32727,0,9.3803,80.377,79.99,7.07,29.2,79.46,4.21,2.536347793075779,31.657403338978227,0.0,0,0.0,0.0,27.77,26.48,0.155,-0.083
2018,7,Kilinochchi,LK42,-0.499999999999999,-0.866025403784438,0,1,0,0,9.1692308,201.292306666666,95.53363,1.800000007,155.661533,97.6309986666666,0,9.3803,80.377,76.31,6.23,28.82,79.99,7.07,2.536347793075779,31.657403338978227,0.0,0,0.0,0.0,27.42,27.31,0.053,0.122
2018,8,Kilinochchi,LK42,-0.866025403784438,-0.5,0,1,0,0,25.0000003,70.5794833333333,103.519916666666,9.1692308,1.800000007,95.53363,0,9.3803,80.377,75.39,6.02,28.91,76.31,6.23,2.536347793075779,31.657403338978227,0.0,0,0.0,0.0,26.94,27.73,0.121,0.155
2018,9,Kilinochchi,LK42,-1.0,-1.83697019872102e-16,0,1,0,0,104.400002,84.6205116666666,79.752168,25.0000003,9.1692308,103.519916666666,0,9.3803,80.377,73.8,4.33,28.68,75.39,6.02,2.536347793075779,31.657403338978227,0.0,0,0.0,0.0,27.19,27.77,0.604,0.053
2018,10,Kilinochchi,LK42,-0.866025403784438,0.5,0,0,1,0,291.07692,342.687173333333,151.50543,104.400002,25.0000003,79.752168,0,9.3803,80.377,80.67,3.55,28.79,73.8,4.33,2.536347793075779,31.657403338978227,0.0,0,0.0,0.0,27.62,27.42,0.684,0.121
2018,11,Kilinochchi,LK42,-0.5,0.866025403784438,0,0,1,0,300.353842,663.958983333333,86.3097446666666,291.07692,104.400002,151.50543,0,9.3803,80.377,81.67,4.27,27.88,80.67,3.55,2.536347793075779,31.657403338978227,0.0,0,0.0,0.0,27.61,26.94,0.5,0.604
2018,12,Kilinochchi,LK42,-2.4492935982947e-16,1.0,0,0,0,1,106.969228,711.697499999999,58.1996523333333,300.353842,291.07692,86.3097446666666,0,9.3803,80.377,81.16,4.6,27.19,81.67,4.27,2.536347793075779,31.657403338978227,0.0,0,0.0,0.0,27.49,27.19,0.309,0.684
2019,1,Kilinochchi,LK42,0.499999999999999,0.866025403784438,0,0,0,1,9.66153819999999,494.025633333333,27.676785,106.969228,300.353842,58.1996523333333,0,9.3803,80.377,75.52,4.8,26.54,81.16,4.6,2.9643387524949207,32.33805988482115,0.0,0,0.0,0.0,27.19,27.62,0.387,0.5
2019,2,Kilinochchi,LK42,0.866025403784438,0.5,0,0,0,1,53.2923075,213.153843333333,107.576489999999,9.66153819999999,106.969228,27.676785,0,9.3803,80.377,77.12,4.39,25.65,75.52,4.8,2.9643387524949207,32.33805988482115,0.6667,2,0.6667,0.0,27.46,27.61,0.416,0.309
2019,3,Kilinochchi,LK42,1.0,6.12323399573676e-17,1,0,0,0,10.9846153,110.605121333333,34.8350816666666,53.2923075,9.66153819999999,107.576489999999,0,9.3803,80.377,71.96,3.89,27.15,77.12,4.39,2.9643387524949207,32.33805988482115,0.3333,1,0.3333,0.6667,28.09,27.49,0.225,0.387
2019,4,Kilinochchi,LK42,0.866025403784438,-0.499999999999999,1,0,0,0,86.3846153,112.958975333333,74.0091166666666,10.9846153,53.2923075,34.8350816666666,0,9.3803,80.377,69.76,3.29,28.51,71.96,3.89,2.9643387524949207,32.33805988482115,0.3333,1,0.3333,0.3333,28.44,27.19,0.258,0.416
2019,5,Kilinochchi,LK42,0.499999999999999,-0.866025403784438,0,1,0,0,22.323077,112.138466,60.3989049999999,86.3846153,10.9846153,74.0091166666666,0,9.3803,80.377,73.41,5.13,30.24,69.76,3.29,2.9643387524949207,32.33805988482115,0.0,0,0.0,0.3333,28.48,27.46,0.54,0.225
2019,6,Kilinochchi,LK42,1.22464679914735e-16,-1.0,0,1,0,0,6.29230778,119.010266666666,118.744888666666,22.323077,86.3846153,60.3989049999999,0,9.3803,80.377,74.14,6.84,30.65,73.41,5.13,2.9643387524949207,32.33805988482115,0.0,0,0.0,0.0,28.18,28.09,0.605,0.258
2019,7,Kilinochchi,LK42,-0.499999999999999,-0.866025403784438,0,1,0,0,11.1846157,76.5794896666666,102.565498333333,6.29230778,22.323077,118.744888666666,0,9.3803,80.377,73.92,6.04,30.24,74.14,6.84,2.9643387524949207,32.33805988482115,0.0,0,0.0,0.0,27.64,28.44,0.597,0.54
2019,8,Kilinochchi,LK42,-0.866025403784438,-0.5,0,1,0,0,19.4461541,42.189744,113.135139999999,11.1846157,6.29230778,102.565498333333,1,9.3803,80.377,76.42,7.06,29.49,73.92,6.04,2.9643387524949207,32.33805988482115,0.3333,1,0.3333,0.0,26.9,28.48,0.436,0.605
2019,9,Kilinochchi,LK42,-1.0,-1.83697019872102e-16,0,1,0,0,202.692302,149.348714666666,165.724575999999,19.4461541,11.1846157,113.135139999999,1,9.3803,80.377,79.55,5.29,28.76,76.42,7.06,2.9643387524949207,32.33805988482115,0.0,0,0.0,0.3333,26.75,28.18,0.892,0.597
2019,10,Kilinochchi,LK42,-0.866025403784438,0.5,0,0,1,0,376.98462,444.169233333333,171.857736666666,202.692302,19.4461541,165.724575999999,0,9.3803,80.377,80.99,2.97,28.39,79.55,5.29,2.9643387524949207,32.33805988482115,0.0,0,0.0,0.0,27.2,27.64,0.964,0.436
2019,11,Kilinochchi,LK42,-0.5,0.866025403784438,0,0,1,0,264.738465,714.49233,78.2644836666666,376.98462,202.692302,171.857736666666,1,9.3803,80.377,81.54,3.59,27.75,80.99,2.97,2.9643387524949207,32.33805988482115,0.6667,2,0.6667,0.0,27.22,26.9,0.835,0.892
2019,12,Kilinochchi,LK42,-2.4492935982947e-16,1.0,0,0,0,1,263.107688,962.71792,124.656825333333,264.738465,376.98462,78.2644836666666,1,9.3803,80.377,80.86,4.94,27.89,81.54,3.59,2.9643387524949207,32.33805988482115,0.0,0,0.0,0.6667,27.12,26.75,0.243,0.964
2020,1,Kilinochchi,LK42,0.499999999999999,0.866025403784438,0,0,0,1,16.7230767,697.548666666666,35.448647,263.107688,264.738465,124.656825333333,0,9.3803,80.377,76.81,4.32,27.04,80.86,4.94,3.3923297119140625,33.018716430664064,0.3333,1,0.3333,0.0,27.15,27.2,0.173,0.835
2020,2,Kilinochchi,LK42,0.866025403784438,0.5,0,0,0,1,15.1846152,424.574376666666,57.5358123333333,16.7230767,263.107688,35.448647,0,9.3803,80.377,74.32,4.81,26.67,76.81,4.32,3.3923297119140625,33.018716430664064,0.0,0,0.0,0.3333,27.12,27.22,0.054,0.243
2020,3,Kilinochchi,LK42,1.0,6.12323399573676e-17,1,0,0,0,10.0000003,65.882052,33.510539,15.1846152,16.7230767,57.5358123333333,0,9.3803,80.377,73.02,4.04,26.97,74.32,4.81,3.3923297119140625,33.018716430664064,0.0,0,0.0,0.0,27.76,27.12,0.019,0.173
2020,4,Kilinochchi,LK42,0.866025403784438,-0.499999999999999,1,0,0,0,69.1538484,61.7076966666666,63.2376483333333,10.0000003,15.1846152,33.510539,0,9.3803,80.377,73.09,3.6,28.08,73.02,4.04,3.3923297119140625,33.018716430664064,0.0,0,0.0,0.0,28.18,27.15,-0.011,0.054
2020,5,Kilinochchi,LK42,0.499999999999999,-0.866025403784438,0,1,0,0,97.2000015,162.27179,137.483955,69.1538484,10.0000003,63.2376483333333,0,9.3803,80.377,75.95,4.46,29.84,73.09,3.6,3.3923297119140625,33.018716430664064,0.0,0,0.0,0.0,27.66,27.12,0.298,0.019
2020,6,Kilinochchi,LK42,1.22464679914735e-16,-1.0,0,1,0,0,3.44615378,171.528206666666,106.376932,97.2000015,69.1538484,137.483955,0,9.3803,80.377,75.75,6.06,30.14,75.95,4.46,3.3923297119140625,33.018716430664064,0.0,0,0.0,0.0,27.39,27.76,0.455,-0.011
2020,7,Kilinochchi,LK42,-0.499999999999999,-0.866025403784438,0,1,0,0,58.676922,176.48718,288.160126666666,3.44615378,97.2000015,106.376932,0,9.3803,80.377,78.58,5.16,29.54,75.75,6.06,3.3923297119140625,33.018716430664064,0.0,0,0.0,0.0,26.99,28.18,0.319,0.298
2020,8,Kilinochchi,LK42,-0.866025403784438,-0.5,0,1,0,0,10.9538461,89.0051266666666,80.2185579999999,58.676922,3.44615378,288.160126666666,0,9.3803,80.377,77.37,5.79,28.54,78.58,5.16,3.3923297119140625,33.018716430664064,0.0,0,0.0,0.0,26.26,27.66,-0.183,0.455
2020,9,Kilinochchi,LK42,-1.0,-1.83697019872102e-16,0,1,0,0,169.323075,196.748706666666,138.29638,10.9538461,58.676922,80.2185579999999,0,9.3803,80.377,79.66,6.05,28.85,77.37,5.79,3.3923297119140625,33.018716430664064,0.0,0,0.0,0.0,25.89,27.39,-0.189,0.319
2020,10,Kilinochchi,LK42,-0.866025403784438,0.5,0,0,1,0,57.861537,235.94358,32.5970633333333,169.323075,10.9538461,138.29638,0,9.3803,80.377,79.06,4.87,28.25,79.66,6.05,3.3923297119140625,33.018716430664064,0.0,0,0.0,0.0,25.46,26.99,0.074,-0.183
2020,11,Kilinochchi,LK42,-0.5,0.866025403784438,0,0,1,0,344.32308,485.656406666666,99.3026699999999,57.861537,169.323075,32.5970633333333,0,9.3803,80.377,82.14,4.33,28.32,79.06,4.87,3.3923297119140625,33.018716430664064,0.0,0,0.0,0.0,25.28,26.26,0.02,-0.189
2020,12,Kilinochchi,LK42,-2.4492935982947e-16,1.0,0,0,0,1,367.692316,727.62053,177.213576666666,344.32308,57.861537,99.3026699999999,0,9.3803,80.377,83.39,5.06,27.8,82.14,4.33,3.3923297119140625,33.018716430664064,0.0,0,0.0,0.0,25.44,25.89,0.031,0.074
2021,1,Kilinochchi,LK42,0.499999999999999,0.866025403784438,0,0,0,1,220.7692305,918.78458,244.863874666666,367.692316,344.32308,177.213576666666,0,9.3803,80.377,83.18,4.57,26.55,83.39,5.06,3.8203206713332047,33.69937297650698,0.0,0,0.0,0.0,25.55,25.46,0.051,0.02
2021,2,Kilinochchi,LK42,0.866025403784438,0.5,0,0,0,1,20.0923073,694.400033333333,62.2341893333333,220.7692305,367.692316,244.863874666666,0,9.3803,80.377,77.92,4.49,26.33,83.18,4.57,3.8203206713332047,33.69937297650698,0.0,0,0.0,0.0,25.75,25.28,0.243,0.031
2021,3,Kilinochchi,LK42,1.0,6.12323399573676e-17,1,0,0,0,45.492306,355.71283,79.8660036666666,20.0923073,220.7692305,62.2341893333333,0,9.3803,80.377,77.08,3.67,26.1,77.92,4.49,3.8203206713332047,33.69937297650698,0.0,0,0.0,0.0,26.48,25.44,0.267,0.051
2021,4,Kilinochchi,LK42,0.866025403784438,-0.499999999999999,1,0,0,0,89.492307,160.538456666666,76.2824976666666,45.492306,20.0923073,79.8660036666666,0,9.3803,80.377,75.92,3.23,27.69,77.08,3.67,3.8203206713332047,33.69937297650698,0.0,0,0.0,0.0,27.1,25.55,0.25,0.243
2021,5,Kilinochchi,LK42,0.499999999999999,-0.866025403784438,0,1,0,0,79.892308,201.979493333333,122.400882,89.492307,45.492306,76.2824976666666,0,9.3803,80.377,79.31,5.23,29.29,75.92,3.23,3.8203206713332047,33.69937297650698,0.0,0,0.0,0.0,27.47,25.75,0.009,0.267
2021,6,Kilinochchi,LK42,1.22464679914735e-16,-1.0,0,1,0,0,9.40000008,194.33334,133.227253333333,79.892308,89.492307,122.400882,0,9.3803,80.377,78.75,5.78,29.35,79.31,5.23,3.8203206713332047,33.69937297650698,0.0,0,0.0,0.0,27.45,26.48,-0.002,0.25
2021,7,Kilinochchi,LK42,-0.499999999999999,-0.866025403784438,0,1,0,0,31.8000003,146.851288666666,187.950103333333,9.40000008,79.892308,133.227253333333,0,9.3803,80.377,77.49,5.96,29.11,78.75,5.78,3.8203206713332047,33.69937297650698,0.0,0,0.0,0.0,26.9,27.1,-0.229,0.009
2021,8,Kilinochchi,LK42,-0.866025403784438,-0.5,0,1,0,0,22.1076914,69.5589686666666,106.277086666666,31.8000003,9.40000008,187.950103333333,0,9.3803,80.377,77.18,5.52,29.05,77.49,5.96,3.8203206713332047,33.69937297650698,0.0,0,0.0,0.0,26.32,27.47,-0.099,-0.002
2021,9,Kilinochchi,LK42,-1.0,-1.83697019872102e-16,0,1,0,0,170.307696,156.69744,132.80133,22.1076914,31.8000003,106.277086666666,0,9.3803,80.377,79.0,5.19,28.71,77.18,5.52,3.8203206713332047,33.69937297650698,0.0,0,0.0,0.0,26.17,27.45,-0.058,-0.229
2021,10,Kilinochchi,LK42,-0.866025403784438,0.5,0,0,1,0,300.96923,383.446136666666,143.584251666666,170.307696,22.1076914,132.80133,0,9.3803,80.377,83.06,4.28,28.64,79.0,5.19,3.8203206713332047,33.69937297650698,0.0,0,0.0,0.0,25.77,26.9,-0.091,-0.099
2021,11,Kilinochchi,LK42,-0.5,0.866025403784438,0,0,1,0,603.55385,899.599966666666,169.986093333333,300.96923,170.307696,143.584251666666,0,9.3803,80.377,86.3,4.39,27.97,83.06,4.28,3.8203206713332047,33.69937297650698,0.0,0,0.0,0.0,25.76,26.32,0.069,-0.058
2021,12,Kilinochchi,LK42,-2.4492935982947e-16,1.0,0,0,0,1,60.8615379999999,1015.3897,35.0760656666666,603.55385,300.96923,169.986093333333,0,9.3803,80.377,78.71,4.25,27.07,86.3,4.39,3.8203206713332047,33.69937297650698,0.0,0,0.0,0.0,25.54,26.17,-0.12,-0.091
2022,1,Kilinochchi,LK42,0.499999999999999,0.866025403784438,0,0,0,1,38.8307685,810.112826666666,56.6391039999999,60.8615379999999,603.55385,35.0760656666666,0,9.3803,80.377,79.13,4.55,26.94,78.71,4.25,4.2483116307523465,34.3800295223499,0.0,0,0.0,0.0,25.6,25.77,-0.056,0.069
2022,2,Kilinochchi,LK42,0.866025403784438,0.5,0,0,0,1,59.1538458,327.599993333333,136.685786666666,38.8307685,60.8615379999999,56.6391039999999,0,9.3803,80.377,77.1,4.48,26.46,79.13,4.55,4.2483116307523465,34.3800295223499,0.0,0,0.0,0.0,25.86,25.76,-0.082,-0.12
2022,3,Kilinochchi,LK42,1.0,6.12323399573676e-17,1,0,0,0,42.415386,143.000006666666,76.6782246666666,59.1538458,38.8307685,136.685786666666,0,9.3803,80.377,77.4,3.89,26.41,77.1,4.48,4.2483116307523465,34.3800295223499,0.0,0,0.0,0.0,26.31,25.54,-0.093,-0.056
2022,4,Kilinochchi,LK42,0.866025403784438,-0.499999999999999,1,0,0,0,264.830763,308.158973333333,209.954253333333,42.415386,59.1538458,76.6782246666666,0,9.3803,80.377,79.85,3.13,28.07,77.4,3.89,4.2483116307523465,34.3800295223499,0.0,0,0.0,0.0,26.7,25.6,-0.068,-0.082
2022,5,Kilinochchi,LK42,0.499999999999999,-0.866025403784438,0,1,0,0,21.0923081999999,343.143603333333,46.4324633333333,264.830763,42.415386,209.954253333333,0,9.3803,80.377,81.41,6.34,28.79,79.85,3.13,4.2483116307523465,34.3800295223499,0.0,0,0.0,0.0,26.82,25.86,-0.122,-0.093
2022,6,Kilinochchi,LK42,1.22464679914735e-16,-1.0,0,1,0,0,1.46153849999999,302.271783333333,96.0546333333333,21.0923081999999,264.830763,46.4324633333333,0,9.3803,80.377,79.55,5.42,29.11,81.41,6.34,4.2483116307523465,34.3800295223499,0.0,0,0.0,0.0,26.98,26.31,-0.335,-0.068
2022,7,Kilinochchi,LK42,-0.499999999999999,-0.866025403784438,0,1,0,0,39.1538460999999,106.153848333333,203.41295,1.46153849999999,21.0923081999999,96.0546333333333,0,9.3803,80.377,77.21,5.07,28.67,79.55,5.42,4.2483116307523465,34.3800295223499,0.0,0,0.0,0.0,26.6,26.7,-0.195,-0.122
2022,8,Kilinochchi,LK42,-0.866025403784438,-0.5,0,1,0,0,57.707692,66.0410246666666,174.859896666666,39.1538460999999,1.46153849999999,203.41295,0,9.3803,80.377,79.74,5.31,28.68,77.21,5.07,4.2483116307523465,34.3800295223499,0.0,0,0.0,0.0,25.88,26.82,-0.246,-0.335
2022,9,Kilinochchi,LK42,-1.0,-1.83697019872102e-16,0,1,0,0,46.8615374,136.08717,46.9792616666666,57.707692,39.1538460999999,174.859896666666,0,9.3803,80.377,78.99,5.34,28.21,79.74,5.31,4.2483116307523465,34.3800295223499,0.3333,1,0.3333,0.0,25.65,26.98,-0.322,-0.195
2022,10,Kilinochchi,LK42,-0.866025403784438,0.5,0,0,1,0,244.876925,282.989736666666,119.029966666666,46.8615374,57.707692,46.9792616666666,0,9.3803,80.377,78.57,3.62,28.3,78.99,5.34,4.2483116307523465,34.3800295223499,0.0,0,0.0,0.3333,25.73,26.6,-0.691,-0.246
2022,11,Kilinochchi,LK42,-0.5,0.866025403784438,0,0,1,0,231.0615287,533.538423333333,67.2471213333333,244.876925,46.8615374,119.029966666666,0,9.3803,80.377,82.18,4.03,28.02,78.57,3.62,4.2483116307523465,34.3800295223499,0.3333,1,0.3333,0.0,25.8,25.88,-0.269,-0.322
2022,12,Kilinochchi,LK42,-2.4492935982947e-16,1.0,0,0,0,1,241.061537,660.194843333333,119.418138666666,231.0615287,244.876925,67.2471213333333,0,9.3803,80.377,83.84,5.31,26.81,82.18,4.03,4.2483116307523465,34.3800295223499,0.0,0,0.0,0.3333,25.75,25.65,-0.091,-0.691
2023,1,Kilinochchi,LK42,0.499999999999999,0.866025403784438,0,0,0,1,58.7076917,592.35383,82.5984633333333,241.061537,231.0615287,119.418138666666,0,9.3803,80.377,77.2,5.02,26.4,83.84,5.31,4.676302590171488,35.060686068192815,0.3333,1,0.3333,0.0,25.83,25.73,0.11,-0.269
2023,2,Kilinochchi,LK42,0.866025403784438,0.5,0,0,0,1,122.153840899999,440.54869,206.386876,58.7076917,241.061537,82.5984633333333,0,9.3803,80.377,77.79,4.52,25.65,77.2,5.02,4.676302590171488,35.060686068192815,0.0,0,0.0,0.3333,26.29,25.8,0.157,-0.091
2023,3,Kilinochchi,LK42,1.0,6.12323399573676e-17,1,0,0,0,40.5999985,262.71793,75.3689346666666,122.153840899999,58.7076917,206.386876,0,9.3803,80.377,77.87,3.85,26.07,77.79,4.52,4.676302590171488,35.060686068192815,0.0,0,0.0,0.0,27.17,25.75,0.414,0.11
2023,4,Kilinochchi,LK42,0.866025403784438,-0.499999999999999,1,0,0,0,82.3076907999999,231.66665,73.6946646666666,40.5999985,122.153840899999,75.3689346666666,0,9.3803,80.377,73.93,3.18,27.77,77.87,3.85,4.676302590171488,35.060686068192815,0.3333,1,0.3333,0.0,27.96,25.83,0.56,0.157
2023,5,Kilinochchi,LK42,0.499999999999999,-0.866025403784438,0,1,0,0,246.32308,360.641023333333,295.215488333333,82.3076907999999,40.5999985,73.6946646666666,0,9.3803,80.377,82.75,4.64,29.53,73.93,3.18,4.676302590171488,35.060686068192815,0.0,0,0.0,0.3333,28.39,26.29,0.443,0.414
2023,6,Kilinochchi,LK42,1.22464679914735e-16,-1.0,0,1,0,0,3.03076922,354.441063333333,105.076586666666,246.32308,82.3076907999999,295.215488333333,0,9.3803,80.377,79.29,5.95,28.92,82.75,4.64,4.676302590171488,35.060686068192815,0.0,0,0.0,0.0,28.57,27.17,0.665,0.56
2023,7,Kilinochchi,LK42,-0.499999999999999,-0.866025403784438,0,1,0,0,11.8615385,301.025663333333,107.351045,3.03076922,246.32308,105.076586666666,0,9.3803,80.377,75.58,6.14,29.42,79.29,5.95,4.676302590171488,35.060686068192815,0.0,0,0.0,0.0,28.32,27.96,0.498,0.443
2023,8,Kilinochchi,LK42,-0.866025403784438,-0.5,0,1,0,0,13.6615390999999,35.7282046666666,82.389152,11.8615385,3.03076922,107.351045,0,9.3803,80.377,74.0,5.1,29.27,75.58,6.14,4.676302590171488,35.060686068192815,0.0,0,0.0,0.0,28.2,28.39,0.826,0.665
2023,9,Kilinochchi,LK42,-1.0,-1.83697019872102e-16,0,1,0,0,54.261538,61.205131,52.597788,13.6615390999999,11.8615385,82.389152,0,9.3803,80.377,76.13,6.73,29.62,74.0,5.1,4.676302590171488,35.060686068192815,0.0,0,0.0,0.0,28.32,28.57,0.946,0.498
2023,10,Kilinochchi,LK42,-0.866025403784438,0.5,0,0,1,0,198.492307,195.328203333333,97.3393333333333,54.261538,13.6615390999999,52.597788,0,9.3803,80.377,78.93,3.65,28.98,76.13,6.73,4.676302590171488,35.060686068192815,0.0,0,0.0,0.0,28.44,28.32,0.804,0.826
2023,11,Kilinochchi,LK42,-0.5,0.866025403784438,0,0,1,0,495.73846,638.312803333333,141.319526666666,198.492307,54.261538,97.3393333333333,0,9.3803,80.377,83.72,3.06,28.33,78.93,3.65,4.676302590171488,35.060686068192815,0.0,0,0.0,0.0,28.72,28.2,0.92,0.946
2023,12,Kilinochchi,LK42,-2.4492935982947e-16,1.0,0,0,0,1,322.846142,979.948716666666,151.960125333333,495.73846,198.492307,141.319526666666,0,9.3803,80.377,86.56,5.11,27.69,83.72,3.06,4.676302590171488,35.060686068192815,0.0,0,0.0,0.0,28.62,28.32,0.852,0.804
2024,1,Kilinochchi,LK42,0.499999999999999,0.866025403784438,0,0,0,1,101.446149499999,987.010253333333,109.113349333333,322.846142,495.73846,151.960125333333,0,9.3803,80.377,79.47,4.55,27.24,86.56,5.11,5.10429354959063,35.74134261403574,0.0,0,0.0,0.0,28.35,28.44,0.765,0.92
2024,2,Kilinochchi,LK42,0.866025403784438,0.5,0,0,0,1,11.3846155,549.41026,48.750154,101.446149499999,322.846142,109.113349333333,0,9.3803,80.377,79.38,4.79,26.59,79.47,4.55,5.10429354959063,35.74134261403574,0.6667,2,0.6667,0.0,28.27,28.72,0.327,0.852
2024,3,Kilinochchi,LK42,1.0,6.12323399573676e-17,1,0,0,0,18.8923074,179.358966666666,45.5824203333333,11.3846155,101.446149499999,48.750154,0,9.3803,80.377,74.94,3.72,27.25,79.38,4.79,5.10429354959063,35.74134261403574,0.6667,2,0.6667,0.6667,28.41,28.62,0.421,0.765
2024,4,Kilinochchi,LK42,0.866025403784438,-0.499999999999999,1,0,0,0,44.0307686999999,61.1692313333333,43.7239236666666,18.8923074,11.3846155,45.5824203333333,0,9.3803,80.377,74.43,3.27,28.06,74.94,3.72,5.10429354959063,35.74134261403574,0.6667,2,0.6667,0.6667,28.59,28.35,0.44,0.327
2024,5,Kilinochchi,LK42,0.499999999999999,-0.866025403784438,0,1,0,0,101.292303999999,132.897446666666,154.107201333333,44.0307686999999,18.8923074,43.7239236666666,0,9.3803,80.377,78.18,4.23,30.26,74.43,3.27,5.10429354959063,35.74134261403574,0.0,0,0.0,0.6667,28.16,28.27,0.298,0.421
2024,6,Kilinochchi,LK42,1.22464679914735e-16,-1.0,0,1,0,0,4.41538466,158.328196666666,109.530958666666,101.292303999999,44.0307686999999,154.107201333333,0,9.3803,80.377,78.91,6.38,30.26,78.18,4.23,5.10429354959063,35.74134261403574,0.0,0,0.0,0.0,27.9,28.41,0.197,0.44
2024,7,Kilinochchi,LK42,-0.499999999999999,-0.866025403784438,0,1,0,0,6.2923078,129.95896,84.4378113333333,4.41538466,101.292303999999,109.530958666666,0,9.3803,80.377,75.08,6.19,29.4,78.91,6.38,5.10429354959063,35.74134261403574,0.0,0,0.0,0.0,27.34,28.59,0.033,0.298
2024,8,Kilinochchi,LK42,-0.866025403784438,-0.5,0,1,0,0,28.369231,64.558973,139.878773333333,6.2923078,4.41538466,84.4378113333333,0,9.3803,80.377,78.96,5.07,29.6,75.08,6.19,5.10429354959063,35.74134261403574,0.0,0,0.0,0.0,26.73,28.16,0.267,0.197
2024,9,Kilinochchi,LK42,-1.0,-1.83697019872102e-16,0,1,0,0,33.5230771,56.6205153333333,34.7541066666666,28.369231,6.2923078,139.878773333333,0,9.3803,80.377,77.3,5.69,29.0,78.96,5.07,5.10429354959063,35.74134261403574,0.0,0,0.0,0.0,26.45,27.9,0.115,0.033
2024,10,Kilinochchi,LK42,-0.866025403784438,0.5,0,0,1,0,235.246155,225.256406666666,120.464995,33.5230771,28.369231,34.7541066666666,0,9.3803,80.377,80.81,3.53,29.36,77.3,5.69,5.10429354959063,35.74134261403574,0.0,0,0.0,0.0,26.44,27.34,-0.196,0.267
2024,11,Kilinochchi,LK42,-0.5,0.866025403784438,0,0,1,0,521.70771,553.12307,149.190352,235.246155,33.5230771,120.464995,0,9.3803,80.377,83.34,5.1,28.47,80.81,3.53,5.10429354959063,35.74134261403574,0.6667,2,0.6667,0.0,26.45,26.73,-0.382,0.115
2024,12,Kilinochchi,LK42,-2.4492935982947e-16,1.0,0,0,0,1,78.2615403,815.061566666666,43.9575319999999,521.70771,235.246155,149.190352,0,9.3803,80.377,84.97,4.59,27.94,83.34,5.1,5.10429354959063,35.74134261403574,0.6667,2,0.6667,0.6667,26.0,26.45,-0.331,-0.196
2017,1,Mannar,LK43,0.499999999999999,0.866025403784438,0,0,0,1,167.4153815,474.646173333333,168.154581,272.747250714285,414.518679742857,105.021282380952,0,8.981,79.9044,76.02,4.66,26.312857142857144,84.28571428571429,4.217142857142857,2.235769232860912,33.67777104496387,0.0,0,0.0,0.0,26.12,25.98,-0.086,-0.382
2017,2,Mannar,LK43,0.866025403784438,0.5,0,0,0,1,24.8769245,361.605143333333,80.6166346666666,167.4153815,272.747250714285,168.154581,0,8.981,79.9044,71.32,4.0,25.61,76.02,4.66,2.235769232860912,33.67777104496387,0.2,1,0.2,0.0,26.67,25.94,0.101,-0.31
2017,3,Mannar,LK43,1.0,6.12323399573676e-17,1,0,0,0,123.9384615,332.656413333333,216.708830666666,24.8769245,167.4153815,80.6166346666666,0,8.981,79.9044,75.11,2.77,26.06,71.32,4.0,2.235769232860912,33.67777104496387,0.0,0,0.0,0.2,27.32,26.1,0.357,-0.086
2017,4,Mannar,LK43,0.866025403784438,-0.499999999999999,1,0,0,0,38.4000002999999,286.53336,39.8750196666666,123.9384615,24.8769245,216.708830666666,0,8.981,79.9044,72.77,3.44,27.92,75.11,2.77,2.235769232860912,33.67777104496387,0.0,0,0.0,0.0,28.03,26.12,0.498,0.101
2017,5,Mannar,LK43,0.499999999999999,-0.866025403784438,0,1,0,0,141.892307,265.41539,159.014834666666,38.4000002999999,123.9384615,39.8750196666666,0,8.981,79.9044,76.41,4.78,29.92,72.77,3.44,2.235769232860912,33.67777104496387,0.4,2,0.4,0.0,28.3,26.67,0.536,0.357
2017,6,Mannar,LK43,1.22464679914735e-16,-1.0,0,1,0,0,2.2461538,201.287166666666,94.023613,141.892307,38.4000002999999,159.014834666666,0,8.981,79.9044,76.52,6.44,29.68,76.41,4.78,2.235769232860912,33.67777104496387,0.2,1,0.2,0.4,28.06,27.32,0.424,0.498
2017,7,Mannar,LK43,-0.499999999999999,-0.866025403784438,0,1,0,0,75.569229,203.1846,156.756723333333,2.2461538,141.892307,94.023613,0,8.981,79.9044,73.41,5.5,29.03,76.52,6.44,2.235769232860912,33.67777104496387,0.0,0,0.0,0.2,27.54,28.03,0.52,0.536
2017,8,Mannar,LK43,-0.866025403784438,-0.5,0,1,0,0,119.184617,209.81538,223.26566,75.569229,2.2461538,156.756723333333,0,8.981,79.9044,78.18,5.23,29.26,73.41,5.5,2.235769232860912,33.67777104496387,0.0,0,0.0,0.0,26.7,28.3,0.349,0.424
2017,9,Mannar,LK43,-1.0,-1.83697019872102e-16,0,1,0,0,154.307688999999,315.40001,146.754586666666,119.184617,75.569229,223.26566,0,8.981,79.9044,80.46,5.21,28.52,78.18,5.23,2.235769232860912,33.67777104496387,0.0,0,0.0,0.0,26.29,28.06,0.035,0.52
2017,10,Mannar,LK43,-0.866025403784438,0.5,0,0,1,0,175.169228,390.364093333333,77.5896616666666,154.307688999999,119.184617,146.754586666666,0,8.981,79.9044,78.93,4.46,28.05,80.46,5.21,2.235769232860912,33.67777104496387,0.2,1,0.2,0.0,26.15,27.54,0.015,0.349
2017,11,Mannar,LK43,-0.5,0.866025403784438,0,0,1,0,358.123071,620.52308,92.5919726666666,175.169228,154.307688999999,77.5896616666666,0,8.981,79.9044,84.64,3.87,28.26,78.93,4.46,2.235769232860912,33.67777104496387,0.0,0,0.0,0.2,25.74,26.7,0.289,0.035
2017,12,Mannar,LK43,-2.4492935982947e-16,1.0,0,0,0,1,79.184615,622.67178,33.938371,358.123071,175.169228,92.5919726666666,0,8.981,79.9044,80.75,3.93,26.91,84.64,3.87,2.235769232860912,33.67777104496387,0.0,0,0.0,0.0,25.62,26.29,0.11,0.015
2018,1,Mannar,LK43,0.499999999999999,0.866025403784438,0,0,0,1,31.7538466,542.543593333333,39.1469066666666,79.184615,358.123071,33.938371,0,8.981,79.9044,75.9,4.26,26.23,80.75,3.93,2.219610381739419,34.51830834592219,0.0,0,0.0,0.0,25.57,26.15,-0.2,0.289
2018,2,Mannar,LK43,0.866025403784438,0.5,0,0,0,1,14.5538458999999,225.764126666666,55.9897713333333,31.7538466,79.184615,39.1469066666666,0,8.981,79.9044,73.19,4.5,25.58,75.9,4.26,2.219610381739419,34.51830834592219,0.0,0,0.0,0.0,25.97,25.74,0.216,0.11
2018,3,Mannar,LK43,1.0,6.12323399573676e-17,1,0,0,0,75.123075,118.15897,143.602006666666,14.5538458999999,31.7538466,55.9897713333333,0,8.981,79.9044,71.48,3.44,26.63,73.19,4.5,2.219610381739419,34.51830834592219,0.4,2,0.4,0.0,26.48,25.62,-0.12,-0.2
2018,4,Mannar,LK43,0.866025403784438,-0.499999999999999,1,0,0,0,97.3384629999999,160.600003333333,82.8100073333333,75.123075,14.5538458999999,143.602006666666,0,8.981,79.9044,71.69,2.74,28.48,71.48,3.44,2.219610381739419,34.51830834592219,0.2,1,0.2,0.4,27.31,25.57,-0.083,0.216
2018,5,Mannar,LK43,0.499999999999999,-0.866025403784438,0,1,0,0,250.307695,343.897443333333,251.233766666666,97.3384629999999,75.123075,82.8100073333333,0,8.981,79.9044,80.68,4.16,29.85,71.69,2.74,2.219610381739419,34.51830834592219,0.0,0,0.0,0.2,27.73,25.97,0.122,-0.12
2018,6,Mannar,LK43,1.22464679914735e-16,-1.0,0,1,0,0,3.9692308,377.512833333333,103.102903333333,250.307695,97.3384629999999,251.233766666666,0,8.981,79.9044,80.3,6.53,28.82,80.68,4.16,2.219610381739419,34.51830834592219,0.2,1,0.2,0.0,27.77,26.48,0.155,-0.083
2018,7,Mannar,LK43,-0.499999999999999,-0.866025403784438,0,1,0,0,44.046153,321.44103,102.167323333333,3.9692308,250.307695,103.102903333333,0,8.981,79.9044,76.56,5.98,28.46,80.3,6.53,2.219610381739419,34.51830834592219,0.2,1,0.2,0.2,27.42,27.31,0.053,0.122
2018,8,Mannar,LK43,-0.866025403784438,-0.5,0,1,0,0,52.492309,155.938463333333,100.138289999999,44.046153,3.9692308,102.167323333333,0,8.981,79.9044,76.89,5.76,28.49,76.56,5.98,2.219610381739419,34.51830834592219,0.0,0,0.0,0.2,26.94,27.73,0.121,0.155
2018,9,Mannar,LK43,-1.0,-1.83697019872102e-16,0,1,0,0,72.646154,134.046156666666,65.5539583333333,52.492309,44.046153,100.138289999999,0,8.981,79.9044,74.86,4.67,28.09,76.89,5.76,2.219610381739419,34.51830834592219,0.0,0,0.0,0.0,27.19,27.77,0.604,0.053
2018,10,Mannar,LK43,-0.866025403784438,0.5,0,0,1,0,286.600004,330.194866666666,140.491086666666,72.646154,52.492309,65.5539583333333,0,8.981,79.9044,81.03,3.04,28.31,74.86,4.67,2.219610381739419,34.51830834592219,0.0,0,0.0,0.0,27.62,27.42,0.684,0.121
2018,11,Mannar,LK43,-0.5,0.866025403784438,0,0,1,0,326.184622,666.810266666666,84.90744,286.600004,72.646154,140.491086666666,0,8.981,79.9044,83.09,3.53,27.62,81.03,3.04,2.219610381739419,34.51830834592219,0.2,1,0.2,0.0,27.61,26.94,0.5,0.604
2018,12,Mannar,LK43,-2.4492935982947e-16,1.0,0,0,0,1,152.061535,748.661566666666,62.0831433333333,326.184622,286.600004,84.90744,0,8.981,79.9044,83.18,4.0,26.75,83.09,3.53,2.219610381739419,34.51830834592219,0.2,1,0.2,0.2,27.49,27.19,0.309,0.684
2019,1,Mannar,LK43,0.499999999999999,0.866025403784438,0,0,0,1,11.3384615,580.876933333333,21.886981,152.061535,326.184622,62.0831433333333,1,8.981,79.9044,76.53,4.41,26.11,83.18,4.0,2.2034515306179263,35.35884564688051,0.4,2,0.4,0.2,27.19,27.62,0.387,0.5
2019,2,Mannar,LK43,0.866025403784438,0.5,0,0,0,1,84.8307676,292.81026,140.630700666666,11.3384615,152.061535,21.886981,0,8.981,79.9044,75.67,3.79,25.41,76.53,4.41,2.2034515306179263,35.35884564688051,0.4,2,0.4,0.4,27.46,27.61,0.416,0.309
2019,3,Mannar,LK43,1.0,6.12323399573676e-17,1,0,0,0,5.0769233,151.758978333333,30.7617956666666,84.8307676,11.3384615,140.630700666666,0,8.981,79.9044,65.88,3.4,27.37,75.67,3.79,2.2034515306179263,35.35884564688051,0.0,0,0.0,0.4,28.09,27.49,0.225,0.387
2019,4,Mannar,LK43,0.866025403784438,-0.499999999999999,1,0,0,0,87.0153865,140.010254666666,73.6749646666666,5.0769233,84.8307676,30.7617956666666,0,8.981,79.9044,64.61,2.43,29.33,65.88,3.4,2.2034515306179263,35.35884564688051,0.0,0,0.0,0.0,28.44,27.19,0.258,0.416
2019,5,Mannar,LK43,0.499999999999999,-0.866025403784438,0,1,0,0,36.3846157,112.984617,57.1173223333333,87.0153865,5.0769233,73.6749646666666,0,8.981,79.9044,74.8,5.59,30.85,64.61,2.43,2.2034515306179263,35.35884564688051,0.2,1,0.2,0.0,28.48,27.46,0.54,0.225
2019,6,Mannar,LK43,1.22464679914735e-16,-1.0,0,1,0,0,9.4923079,133.774363333333,127.338766666666,36.3846157,87.0153865,57.1173223333333,0,8.981,79.9044,75.08,6.56,30.11,74.8,5.59,2.2034515306179263,35.35884564688051,0.0,0,0.0,0.2,28.18,28.09,0.605,0.258
2019,7,Mannar,LK43,-0.499999999999999,-0.866025403784438,0,1,0,0,43.430768,114.27692,99.9892116666666,9.4923079,36.3846157,127.338766666666,0,8.981,79.9044,74.27,5.91,29.8,75.08,6.56,2.2034515306179263,35.35884564688051,0.0,0,0.0,0.0,27.64,28.44,0.597,0.54
2019,8,Mannar,LK43,-0.866025403784438,-0.5,0,1,0,0,52.584614,110.810257999999,116.236926666666,43.430768,9.4923079,99.9892116666666,0,8.981,79.9044,76.44,6.54,29.1,74.27,5.91,2.2034515306179263,35.35884564688051,0.2,1,0.2,0.0,26.9,28.48,0.436,0.605
2019,9,Mannar,LK43,-1.0,-1.83697019872102e-16,0,1,0,0,190.876920999999,208.30256,168.406096666666,52.584614,43.430768,116.236926666666,0,8.981,79.9044,79.48,5.12,28.43,76.44,6.54,2.2034515306179263,35.35884564688051,0.2,1,0.2,0.2,26.75,28.18,0.892,0.597
2019,10,Mannar,LK43,-0.866025403784438,0.5,0,0,1,0,299.169225,420.015373333333,129.670423333333,190.876920999999,52.584614,168.406096666666,0,8.981,79.9044,82.36,2.65,28.07,79.48,5.12,2.2034515306179263,35.35884564688051,0.2,1,0.2,0.2,27.2,27.64,0.964,0.436
2019,11,Mannar,LK43,-0.5,0.866025403784438,0,0,1,0,318.876918,645.902566666666,82.7380696666666,299.169225,190.876920999999,129.670423333333,0,8.981,79.9044,83.48,3.16,27.43,82.36,2.65,2.2034515306179263,35.35884564688051,0.2,1,0.2,0.2,27.22,26.9,0.835,0.892
2019,12,Mannar,LK43,-2.4492935982947e-16,1.0,0,0,0,1,374.79999,1017.46153333333,141.361986666666,318.876918,299.169225,82.7380696666666,0,8.981,79.9044,84.63,4.31,27.45,83.48,3.16,2.2034515306179263,35.35884564688051,0.8,4,0.8,0.2,27.12,26.75,0.243,0.964
2020,1,Mannar,LK43,0.499999999999999,0.866025403784438,0,0,0,1,13.9999998999999,840.953846666666,24.0122096666666,374.79999,318.876918,141.361986666666,0,8.981,79.9044,79.93,3.91,26.48,84.63,4.31,2.1872926794964336,36.19938294783883,0.8,4,0.8,0.8,27.15,27.2,0.173,0.835
2020,2,Mannar,LK43,0.866025403784438,0.5,0,0,0,1,15.7230767,572.451233333333,61.3406916666666,13.9999998999999,374.79999,24.0122096666666,0,8.981,79.9044,75.46,4.32,26.1,79.93,3.91,2.1872926794964336,36.19938294783883,0.2,1,0.2,0.8,27.12,27.22,0.054,0.243
2020,3,Mannar,LK43,1.0,6.12323399573676e-17,1,0,0,0,7.7846153,90.8256333333333,35.0330266666666,15.7230767,13.9999998999999,61.3406916666666,0,8.981,79.9044,68.46,3.41,26.69,75.46,4.32,2.1872926794964336,36.19938294783883,0.0,0,0.0,0.2,27.76,27.12,0.019,0.173
2020,4,Mannar,LK43,0.866025403784438,-0.499999999999999,1,0,0,0,65.076924,64.2000003333333,59.709286,7.7846153,15.7230767,35.0330266666666,0,8.981,79.9044,69.04,2.8,28.7,68.46,3.41,2.1872926794964336,36.19938294783883,0.0,0,0.0,0.0,28.18,27.15,-0.011,0.054
2020,5,Mannar,LK43,0.499999999999999,-0.866025403784438,0,1,0,0,150.353851,198.051296666666,140.745076666666,65.076924,7.7846153,59.709286,0,8.981,79.9044,75.89,4.27,30.42,69.04,2.8,2.1872926794964336,36.19938294783883,0.0,0,0.0,0.0,27.66,27.12,0.298,0.019
2020,6,Mannar,LK43,1.22464679914735e-16,-1.0,0,1,0,0,5.66153869999999,220.96923,111.812026666666,150.353851,65.076924,140.745076666666,0,8.981,79.9044,75.49,5.94,29.96,75.89,4.27,2.1872926794964336,36.19938294783883,0.0,0,0.0,0.0,27.39,27.76,0.455,-0.011
2020,7,Mannar,LK43,-0.499999999999999,-0.866025403784438,0,1,0,0,231.830764999999,338.49742,425.91173,5.66153869999999,150.353851,111.812026666666,0,8.981,79.9044,78.83,4.95,29.27,75.49,5.94,2.1872926794964336,36.19938294783883,0.0,0,0.0,0.0,26.99,28.18,0.319,0.298
2020,8,Mannar,LK43,-0.866025403784438,-0.5,0,1,0,0,19.7692307,284.517946666666,58.2830996666666,231.830764999999,5.66153869999999,425.91173,0,8.981,79.9044,77.68,5.83,28.18,78.83,4.95,2.1872926794964336,36.19938294783883,0.2,1,0.2,0.0,26.26,27.66,-0.183,0.455
2020,9,Mannar,LK43,-1.0,-1.83697019872102e-16,0,1,0,0,165.984616,377.328206666666,147.63369,19.7692307,231.830764999999,58.2830996666666,0,8.981,79.9044,79.84,5.8,28.43,77.68,5.83,2.1872926794964336,36.19938294783883,0.0,0,0.0,0.2,25.89,27.39,-0.189,0.319
2020,10,Mannar,LK43,-0.866025403784438,0.5,0,0,1,0,59.8461549999999,301.066683333333,33.1963846666666,165.984616,19.7692307,147.63369,0,8.981,79.9044,78.45,4.69,27.91,79.84,5.8,2.1872926794964336,36.19938294783883,0.0,0,0.0,0.0,25.46,26.99,0.074,-0.183
2020,11,Mannar,LK43,-0.5,0.866025403784438,0,0,1,0,401.169225,532.451273333333,103.604215,59.8461549999999,165.984616,33.1963846666666,0,8.981,79.9044,83.14,3.64,28.1,78.45,4.69,2.1872926794964336,36.19938294783883,0.2,1,0.2,0.0,25.28,26.26,0.02,-0.189
2020,12,Mannar,LK43,-2.4492935982947e-16,1.0,0,0,0,1,446.70769,823.605086666666,171.820323333333,401.169225,59.8461549999999,103.604215,0,8.981,79.9044,86.11,4.39,27.45,83.14,3.64,2.1872926794964336,36.19938294783883,0.4,2,0.4,0.2,25.44,25.89,0.031,0.074
2021,1,Mannar,LK43,0.499999999999999,0.866025403784438,0,0,0,1,274.000001,1093.3744,219.512041666666,446.70769,401.169225,171.820323333333,0,8.981,79.9044,85.44,4.0,26.06,86.11,4.39,2.171133828374941,37.039920248797145,0.4,2,0.4,0.4,25.55,25.46,0.051,0.02
2021,2,Mannar,LK43,0.866025403784438,0.5,0,0,0,1,16.9384615,834.543626666666,56.4547953333333,274.000001,446.70769,219.512041666666,0,8.981,79.9044,80.39,4.07,25.91,85.44,4.0,2.171133828374941,37.039920248797145,0.4,2,0.4,0.4,25.75,25.28,0.243,0.031
2021,3,Mannar,LK43,1.0,6.12323399573676e-17,1,0,0,0,28.492307,434.502573333333,65.8792396666666,16.9384615,274.000001,56.4547953333333,0,8.981,79.9044,77.65,3.31,25.66,80.39,4.07,2.171133828374941,37.039920248797145,0.2,1,0.2,0.4,26.48,25.44,0.267,0.051
2021,4,Mannar,LK43,0.866025403784438,-0.499999999999999,1,0,0,0,143.93846,188.030763333333,115.121965,28.492307,16.9384615,65.8792396666666,0,8.981,79.9044,76.6,3.05,27.42,77.65,3.31,2.171133828374941,37.039920248797145,0.4,2,0.4,0.2,27.1,25.55,0.25,0.243
2021,5,Mannar,LK43,0.499999999999999,-0.866025403784438,0,1,0,0,99.199999,250.799999999999,103.280213333333,143.93846,28.492307,115.121965,0,8.981,79.9044,79.47,4.78,29.04,76.6,3.05,2.171133828374941,37.039920248797145,0.0,0,0.0,0.4,27.47,25.75,0.009,0.267
2021,6,Mannar,LK43,1.22464679914735e-16,-1.0,0,1,0,0,12.7846159,266.620513333333,140.77893,99.199999,143.93846,103.280213333333,0,8.981,79.9044,78.82,5.59,29.05,79.47,4.78,2.171133828374941,37.039920248797145,0.0,0,0.0,0.0,27.45,26.48,-0.002,0.25
2021,7,Mannar,LK43,-0.499999999999999,-0.866025403784438,0,1,0,0,127.984613,265.430763333333,253.359462,12.7846159,99.199999,140.77893,0,8.981,79.9044,77.03,5.86,28.8,78.82,5.59,2.171133828374941,37.039920248797145,0.0,0,0.0,0.0,26.9,27.1,-0.229,0.009
2021,8,Mannar,LK43,-0.866025403784438,-0.5,0,1,0,0,42.36923,188.528223333333,88.4772686666666,127.984613,12.7846159,253.359462,0,8.981,79.9044,77.51,5.53,28.76,77.03,5.86,2.171133828374941,37.039920248797145,0.0,0,0.0,0.0,26.32,27.47,-0.099,-0.002
2021,9,Mannar,LK43,-1.0,-1.83697019872102e-16,0,1,0,0,160.49231,266.353866666666,135.186683333333,42.36923,127.984613,88.4772686666666,0,8.981,79.9044,79.37,5.17,28.31,77.51,5.53,2.171133828374941,37.039920248797145,0.0,0,0.0,0.0,26.17,27.45,-0.058,-0.229
2021,10,Mannar,LK43,-0.866025403784438,0.5,0,0,1,0,297.538465,419.394876666666,141.545476,160.49231,42.36923,135.186683333333,0,8.981,79.9044,83.61,4.08,28.33,79.37,5.17,2.171133828374941,37.039920248797145,0.0,0,0.0,0.0,25.77,26.9,-0.091,-0.099
2021,11,Mannar,LK43,-0.5,0.866025403784438,0,0,1,0,667.4,954.78465,169.531026666666,297.538465,160.49231,141.545476,0,8.981,79.9044,87.37,3.96,27.61,83.61,4.08,2.171133828374941,37.039920248797145,0.0,0,0.0,0.0,25.76,26.32,0.069,-0.058
2021,12,Mannar,LK43,-2.4492935982947e-16,1.0,0,0,0,1,93.56923,1094.7436,39.3114723333333,667.4,297.538465,169.531026666666,0,8.981,79.9044,81.91,3.78,26.69,87.37,3.96,2.171133828374941,37.039920248797145,0.2,1,0.2,0.0,25.54,26.17,-0.12,-0.091
2022,1,Mannar,LK43,0.499999999999999,0.866025403784438,0,0,0,1,46.2615383,900.917936666666,48.9835019999999,93.56923,667.4,39.3114723333333,0,8.981,79.9044,81.79,4.02,26.35,81.91,3.78,2.154974977253448,37.88045754975546,0.4,2,0.4,0.2,25.6,25.77,-0.056,0.069
2022,2,Mannar,LK43,0.866025403784438,0.5,0,0,0,1,76.0615378,382.91281,174.434947666666,46.2615383,93.56923,48.9835019999999,0,8.981,79.9044,79.66,4.03,26.05,81.79,4.02,2.154974977253448,37.88045754975546,0.4,2,0.4,0.4,25.86,25.76,-0.082,-0.12
2022,3,Mannar,LK43,1.0,6.12323399573676e-17,1,0,0,0,43.0923074,184.7282,88.2872986666666,76.0615378,46.2615383,174.434947666666,0,8.981,79.9044,76.57,3.51,25.92,79.66,4.03,2.154974977253448,37.88045754975546,0.2,1,0.2,0.4,26.31,25.54,-0.093,-0.056
2022,4,Mannar,LK43,0.866025403784438,-0.499999999999999,1,0,0,0,199.90769,278.06667,161.273863333333,43.0923074,76.0615378,88.2872986666666,0,8.981,79.9044,79.72,2.56,28.03,76.57,3.51,2.154974977253448,37.88045754975546,0.0,0,0.0,0.2,26.7,25.6,-0.068,-0.082
2022,5,Mannar,LK43,0.499999999999999,-0.866025403784438,0,1,0,0,39.138461,299.615393333333,47.9432689999999,199.90769,43.0923074,161.273863333333,0,8.981,79.9044,81.14,6.05,28.65,79.72,2.56,2.154974977253448,37.88045754975546,0.2,1,0.2,0.0,26.82,25.86,-0.122,-0.093
2022,6,Mannar,LK43,1.22464679914735e-16,-1.0,0,1,0,0,3.0461538,250.923093333333,98.02129,39.138461,199.90769,47.9432689999999,0,8.981,79.9044,79.54,5.33,28.9,81.14,6.05,2.154974977253448,37.88045754975546,0.2,1,0.2,0.2,26.98,26.31,-0.335,-0.068
2022,7,Mannar,LK43,-0.499999999999999,-0.866025403784438,0,1,0,0,105.4615445,140.333326666666,195.361597666666,3.0461538,39.138461,98.02129,0,8.981,79.9044,77.47,4.73,28.33,79.54,5.33,2.154974977253448,37.88045754975546,0.0,0,0.0,0.2,26.6,26.7,-0.195,-0.122
2022,8,Mannar,LK43,-0.866025403784438,-0.5,0,1,0,0,103.107693,162.271796666666,175.190963333333,105.4615445,3.0461538,195.361597666666,0,8.981,79.9044,79.57,5.23,28.28,77.47,4.73,2.154974977253448,37.88045754975546,0.0,0,0.0,0.0,25.88,26.82,-0.246,-0.335
2022,9,Mannar,LK43,-1.0,-1.83697019872102e-16,0,1,0,0,43.8461549999999,246.307693333333,49.0108963333333,103.107693,105.4615445,175.190963333333,0,8.981,79.9044,79.32,5.29,27.85,79.57,5.23,2.154974977253448,37.88045754975546,0.2,1,0.2,0.0,25.65,26.98,-0.322,-0.195
2022,10,Mannar,LK43,-0.866025403784438,0.5,0,0,1,0,253.999997,370.871793333333,120.880924666666,43.8461549999999,103.107693,49.0108963333333,1,8.981,79.9044,80.19,3.62,27.85,79.32,5.29,2.154974977253448,37.88045754975546,0.0,0,0.0,0.2,25.73,26.6,-0.691,-0.246
2022,11,Mannar,LK43,-0.5,0.866025403784438,0,0,1,0,289.4615422,612.482043333333,75.8967873333333,253.999997,43.8461549999999,120.880924666666,0,8.981,79.9044,82.98,3.44,27.59,80.19,3.62,2.154974977253448,37.88045754975546,0.0,0,0.0,0.0,25.8,25.88,-0.269,-0.322
2022,12,Mannar,LK43,-2.4492935982947e-16,1.0,0,0,0,1,346.10769,800.7949,133.308253333333,289.4615422,253.999997,75.8967873333333,0,8.981,79.9044,84.86,4.48,26.33,82.98,3.44,2.154974977253448,37.88045754975546,0.0,0,0.0,0.0,25.75,25.65,-0.091,-0.691
2023,1,Mannar,LK43,0.499999999999999,0.866025403784438,0,0,0,1,107.507692,776.548699999999,108.158450333333,346.10769,289.4615422,133.308253333333,0,8.981,79.9044,80.22,4.51,26.07,84.86,4.48,2.138816126131956,38.72099485071379,0.2,1,0.2,0.0,25.83,25.73,0.11,-0.269
2023,2,Mannar,LK43,0.866025403784438,0.5,0,0,0,1,143.7384545,618.107656666666,223.762280333333,107.507692,346.10769,108.158450333333,0,8.981,79.9044,80.76,4.17,25.08,80.22,4.51,2.138816126131956,38.72099485071379,0.2,1,0.2,0.2,26.29,25.8,0.157,-0.091
2023,3,Mannar,LK43,1.0,6.12323399573676e-17,1,0,0,0,34.5692303,362.851266666666,75.286577,143.7384545,107.507692,223.762280333333,0,8.981,79.9044,77.62,3.17,25.52,80.76,4.17,2.138816126131956,38.72099485071379,0.0,0,0.0,0.2,27.17,25.75,0.414,0.11
2023,4,Mannar,LK43,0.866025403784438,-0.499999999999999,1,0,0,0,70.9846158,270.928186666666,64.0158633333333,34.5692303,143.7384545,75.286577,0,8.981,79.9044,72.65,2.78,27.73,77.62,3.17,2.138816126131956,38.72099485071379,0.2,1,0.2,0.0,27.96,25.83,0.56,0.157
2023,5,Mannar,LK43,0.499999999999999,-0.866025403784438,0,1,0,0,330.99999,412.102573333333,293.808985666666,70.9846158,34.5692303,64.0158633333333,0,8.981,79.9044,82.21,4.45,29.63,72.65,2.78,2.138816126131956,38.72099485071379,0.0,0,0.0,0.2,28.39,26.29,0.443,0.414
2023,6,Mannar,LK43,1.22464679914735e-16,-1.0,0,1,0,0,3.9846154,423.569226666666,102.59365,330.99999,70.9846158,293.808985666666,0,8.981,79.9044,78.12,5.76,28.81,82.21,4.45,2.138816126131956,38.72099485071379,0.0,0,0.0,0.0,28.57,27.17,0.665,0.56
2023,7,Mannar,LK43,-0.499999999999999,-0.866025403784438,0,1,0,0,50.846153,416.189743333333,118.165518333333,3.9846154,330.99999,102.59365,0,8.981,79.9044,75.86,5.88,29.29,78.12,5.76,2.138816126131956,38.72099485071379,0.2,1,0.2,0.0,28.32,27.96,0.498,0.443
2023,8,Mannar,LK43,-0.866025403784438,-0.5,0,1,0,0,22.553846,100.266666666666,59.2453553333333,50.846153,3.9846154,118.165518333333,0,8.981,79.9044,74.65,5.34,28.93,75.86,5.88,2.138816126131956,38.72099485071379,0.0,0,0.0,0.2,28.2,28.39,0.826,0.665
2023,9,Mannar,LK43,-1.0,-1.83697019872102e-16,0,1,0,0,75.984615,122.107688,73.5224756666666,22.553846,50.846153,59.2453553333333,0,8.981,79.9044,76.71,6.34,29.19,74.65,5.34,2.138816126131956,38.72099485071379,0.0,0,0.0,0.0,28.32,28.57,0.946,0.498
2023,10,Mannar,LK43,-0.866025403784438,0.5,0,0,1,0,187.061542999999,226.15897,91.150468,75.984615,22.553846,73.5224756666666,0,8.981,79.9044,80.7,3.53,28.61,76.71,6.34,2.138816126131956,38.72099485071379,0.0,0,0.0,0.0,28.44,28.32,0.804,0.826
2023,11,Mannar,LK43,-0.5,0.866025403784438,0,0,1,0,540.41538,674.37435,138.590578666666,187.061542999999,75.984615,91.150468,0,8.981,79.9044,85.2,2.64,27.86,80.7,3.53,2.138816126131956,38.72099485071379,0.0,0,0.0,0.0,28.72,28.2,0.92,0.946
2023,12,Mannar,LK43,-2.4492935982947e-16,1.0,0,0,0,1,416.800005,1089.68721333333,153.325426666666,540.41538,187.061542999999,138.590578666666,0,8.981,79.9044,88.56,4.63,27.32,85.2,2.64,2.138816126131956,38.72099485071379,0.0,0,0.0,0.0,28.62,28.32,0.852,0.804
2024,1,Mannar,LK43,0.499999999999999,0.866025403784438,0,0,0,1,140.3384593,1157.4103,104.592277666666,416.800005,540.41538,153.325426666666,1,8.981,79.9044,82.9,4.18,26.89,88.56,4.63,2.122657275010462,39.5615321516721,0.0,0,0.0,0.0,28.35,28.44,0.765,0.92
2024,2,Mannar,LK43,0.866025403784438,0.5,0,0,0,1,8.8461539,702.446126666666,44.6027976666666,140.3384593,416.800005,104.592277666666,1,8.981,79.9044,81.05,4.37,26.05,82.9,4.18,2.122657275010462,39.5615321516721,0.6,3,0.6,0.0,28.27,28.72,0.327,0.852
2024,3,Mannar,LK43,1.0,6.12323399573676e-17,1,0,0,0,15.846153,240.73333,46.7466976666666,8.8461539,140.3384593,44.6027976666666,1,8.981,79.9044,72.35,3.33,26.93,81.05,4.37,2.122657275010462,39.5615321516721,0.6,3,0.6,0.6,28.41,28.62,0.421,0.765
2024,4,Mannar,LK43,0.866025403784438,-0.499999999999999,1,0,0,0,45.9692315,60.261539,44.728107,15.846153,8.8461539,46.7466976666666,0,8.981,79.9044,69.81,2.56,28.27,72.35,3.33,2.122657275010462,39.5615321516721,0.6,3,0.6,0.6,28.59,28.35,0.44,0.327
2024,5,Mannar,LK43,0.499999999999999,-0.866025403784438,0,1,0,0,150.630762,162.374356666666,150.583287666666,45.9692315,15.846153,44.728107,0,8.981,79.9044,77.63,4.17,30.93,69.81,2.56,2.122657275010462,39.5615321516721,0.0,0,0.0,0.6,28.16,28.27,0.298,0.421
2024,6,Mannar,LK43,1.22464679914735e-16,-1.0,0,1,0,0,4.90769193,208.430763333333,105.330731666666,150.630762,45.9692315,150.583287666666,0,8.981,79.9044,79.27,6.03,30.07,77.63,4.17,2.122657275010462,39.5615321516721,0.0,0,0.0,0.0,27.9,28.41,0.197,0.44
2024,7,Mannar,LK43,-0.499999999999999,-0.866025403784438,0,1,0,0,23.4769223,192.133316666666,67.6879326666666,4.90769193,150.630762,105.330731666666,0,8.981,79.9044,75.15,5.97,29.07,79.27,6.03,2.122657275010462,39.5615321516721,0.0,0,0.0,0.0,27.34,28.59,0.033,0.298
2024,8,Mannar,LK43,-0.866025403784438,-0.5,0,1,0,0,73.153845,136.405125,153.245109999999,23.4769223,4.90769193,67.6879326666666,0,8.981,79.9044,78.9,4.94,29.29,75.15,5.97,2.122657275010462,39.5615321516721,0.0,0,0.0,0.0,26.73,28.16,0.267,0.197
2024,9,Mannar,LK43,-1.0,-1.83697019872102e-16,0,1,0,0,35.8769232,122.087178333333,40.5947813333333,73.153845,23.4769223,153.245109999999,0,8.981,79.9044,76.6,5.64,28.73,78.9,4.94,2.122657275010462,39.5615321516721,0.0,0,0.0,0.0,26.45,27.9,0.115,0.033
2024,10,Mannar,LK43,-0.866025403784438,0.5,0,0,1,0,258.27692,289.902553333333,128.559756666666,35.8769232,73.153845,40.5947813333333,1,8.981,79.9044,81.91,3.53,29.25,76.6,5.64,2.122657275010462,39.5615321516721,0.0,0,0.0,0.0,26.44,27.34,-0.196,0.267
2024,11,Mannar,LK43,-0.5,0.866025403784438,0,0,1,0,580.66154,604.471783333333,147.744104666666,258.27692,35.8769232,128.559756666666,1,8.981,79.9044,84.55,4.24,28.1,81.91,3.53,2.122657275010462,39.5615321516721,0.6,3,0.6,0.0,26.45,26.73,-0.382,0.115
2024,12,Mannar,LK43,-2.4492935982947e-16,1.0,0,0,0,1,110.353846,913.902546666666,46.315149,580.66154,258.27692,147.744104666666,1,8.981,79.9044,85.47,3.81,27.44,84.55,4.24,2.122657275010462,39.5615321516721,0.6,3,0.6,0.6,26.0,26.45,-0.331,-0.196
2017,1,Vavuniya,LK44,0.499999999999999,0.866025403784438,0,0,0,1,168.0588189,483.121593333333,163.474916666666,285.885711,460.453779042857,105.87211195238,0,8.7514,80.4971,76.68,3.49,25.72142857142857,86.62285714285714,3.1242857142857146,3.932080215043893,24.705719785529347,0.0,0,0.0,0.0,26.12,25.98,-0.086,-0.382
2017,2,Vavuniya,LK44,0.866025403784438,0.5,0,0,0,1,19.4705881,372.384276666666,72.057055,168.0588189,285.885711,163.474916666666,0,8.7514,80.4971,72.17,3.01,25.12,76.68,3.49,3.932080215043893,24.705719785529347,0.3333,1,0.3333,0.0,26.67,25.94,0.101,-0.31
2017,3,Vavuniya,LK44,1.0,6.12323399573676e-17,1,0,0,0,100.6470541,313.1647,205.215465333333,19.4705881,168.0588189,72.057055,0,8.7514,80.4971,77.37,2.18,25.55,72.17,3.01,3.932080215043893,24.705719785529347,0.0,0,0.0,0.3333,27.32,26.1,0.357,-0.086
2017,4,Vavuniya,LK44,0.866025403784438,-0.499999999999999,1,0,0,0,28.9058819,251.200003333333,37.7222446666666,100.6470541,19.4705881,205.215465333333,0,8.7514,80.4971,70.33,2.43,27.27,77.37,2.18,3.932080215043893,24.705719785529347,0.0,0,0.0,0.0,28.03,26.12,0.498,0.101
2017,5,Vavuniya,LK44,0.499999999999999,-0.866025403784438,0,1,0,0,72.705884,185.972546666666,132.761806666666,28.9058819,100.6470541,37.7222446666666,0,8.7514,80.4971,74.44,3.52,29.92,70.33,2.43,3.932080215043893,24.705719785529347,0.6667,2,0.6667,0.0,28.3,26.67,0.536,0.357
2017,6,Vavuniya,LK44,1.22464679914735e-16,-1.0,0,1,0,0,1.3294118,115.90588,95.9412446666666,72.705884,28.9058819,132.761806666666,0,8.7514,80.4971,72.81,5.22,29.65,74.44,3.52,3.932080215043893,24.705719785529347,0.3333,1,0.3333,0.6667,28.06,27.32,0.424,0.498
2017,7,Vavuniya,LK44,-0.499999999999999,-0.866025403784438,0,1,0,0,36.9882356,105.121566666666,132.752006666666,1.3294118,72.705884,95.9412446666666,0,8.7514,80.4971,68.9,4.35,29.13,72.81,5.22,3.932080215043893,24.705719785529347,0.0,0,0.0,0.3333,27.54,28.03,0.52,0.536
2017,8,Vavuniya,LK44,-0.866025403784438,-0.5,0,1,0,0,74.164705,113.674508333333,182.769083333333,36.9882356,1.3294118,132.752006666666,0,8.7514,80.4971,75.31,4.29,29.55,68.9,4.35,3.932080215043893,24.705719785529347,0.0,0,0.0,0.0,26.7,28.3,0.349,0.424
2017,9,Vavuniya,LK44,-1.0,-1.83697019872102e-16,0,1,0,0,132.90588,213.133333333333,162.645593333333,74.164705,36.9882356,182.769083333333,0,8.7514,80.4971,77.06,3.96,28.64,75.31,4.29,3.932080215043893,24.705719785529347,0.0,0,0.0,0.0,26.29,28.06,0.035,0.52
2017,10,Vavuniya,LK44,-0.866025403784438,0.5,0,0,1,0,171.611765,310.67451,80.8489833333333,132.90588,74.164705,162.645593333333,0,8.7514,80.4971,77.05,3.45,28.23,77.06,3.96,3.932080215043893,24.705719785529347,0.3333,1,0.3333,0.0,26.15,27.54,0.015,0.349
2017,11,Vavuniya,LK44,-0.5,0.866025403784438,0,0,1,0,442.752943999999,649.99215,101.220566666666,171.611765,132.90588,80.8489833333333,0,8.7514,80.4971,87.1,3.01,28.22,77.05,3.45,3.932080215043893,24.705719785529347,0.0,0,0.0,0.3333,25.74,26.7,0.289,0.035
2017,12,Vavuniya,LK44,-2.4492935982947e-16,1.0,0,0,0,1,88.023527,711.313713333333,36.0762336666666,442.752943999999,171.611765,101.220566666666,0,8.7514,80.4971,82.75,2.87,26.33,87.1,3.01,3.932080215043893,24.705719785529347,0.0,0,0.0,0.0,25.62,26.29,0.11,0.015
2018,1,Vavuniya,LK44,0.499999999999999,0.866025403784438,0,0,0,1,31.2941167,632.290186666666,38.25218,88.023527,442.752943999999,36.0762336666666,0,8.7514,80.4971,77.35,3.06,25.64,82.75,2.87,3.7770765731171134,25.235578129604967,0.0,0,0.0,0.0,25.57,26.15,-0.2,0.289
2018,2,Vavuniya,LK44,0.866025403784438,0.5,0,0,0,1,18.8823527,250.698033333333,70.6270173333333,31.2941167,88.023527,38.25218,1,8.7514,80.4971,73.0,3.36,25.02,77.35,3.06,3.7770765731171134,25.235578129604967,0.0,0,0.0,0.0,25.97,25.74,0.216,0.11
2018,3,Vavuniya,LK44,1.0,6.12323399573676e-17,1,0,0,0,67.058825,115.227448,152.418441,18.8823527,31.2941167,70.6270173333333,0,8.7514,80.4971,71.68,2.67,26.29,73.0,3.36,3.7770765731171134,25.235578129604967,0.3333,1,0.3333,0.0,26.48,25.62,-0.12,-0.2
2018,4,Vavuniya,LK44,0.866025403784438,-0.499999999999999,1,0,0,0,62.176471,133.901956666666,65.992415,67.058825,18.8823527,152.418441,0,8.7514,80.4971,72.91,2.27,28.01,71.68,2.67,3.7770765731171134,25.235578129604967,0.3333,1,0.3333,0.3333,27.31,25.57,-0.083,0.216
2018,5,Vavuniya,LK44,0.499999999999999,-0.866025403784438,0,1,0,0,137.811762,227.231373333333,227.647486666666,62.176471,67.058825,65.992415,0,8.7514,80.4971,82.59,2.88,29.38,72.91,2.27,3.7770765731171134,25.235578129604967,0.0,0,0.0,0.3333,27.73,25.97,0.122,-0.12
2018,6,Vavuniya,LK44,1.22464679914735e-16,-1.0,0,1,0,0,1.96470595999999,225.49803,99.8026866666666,137.811762,62.176471,227.647486666666,1,8.7514,80.4971,79.74,5.33,28.18,82.59,2.88,3.7770765731171134,25.235578129604967,0.0,0,0.0,0.0,27.77,26.48,0.155,-0.083
2018,7,Vavuniya,LK44,-0.499999999999999,-0.866025403784438,0,1,0,0,26.9058824,183.027456666666,107.019672,1.96470595999999,137.811762,99.8026866666666,0,8.7514,80.4971,73.74,4.97,28.16,79.74,5.33,3.7770765731171134,25.235578129604967,0.0,0,0.0,0.0,27.42,27.31,0.053,0.122
2018,8,Vavuniya,LK44,-0.866025403784438,-0.5,0,1,0,0,36.1294116,94.4117666666666,95.4523833333333,26.9058824,1.96470595999999,107.019672,0,8.7514,80.4971,71.69,4.95,28.54,73.74,4.97,3.7770765731171134,25.235578129604967,0.0,0,0.0,0.0,26.94,27.73,0.121,0.155
2018,9,Vavuniya,LK44,-1.0,-1.83697019872102e-16,0,1,0,0,50.2000005999999,90.364702,64.4772929999999,36.1294116,26.9058824,95.4523833333333,0,8.7514,80.4971,69.13,3.42,28.57,71.69,4.95,3.7770765731171134,25.235578129604967,0.0,0,0.0,0.0,27.19,27.77,0.604,0.053
2018,10,Vavuniya,LK44,-0.866025403784438,0.5,0,0,1,0,297.635295,286.290206666666,149.045088,50.2000005999999,36.1294116,64.4772929999999,0,8.7514,80.4971,83.09,2.37,28.99,69.13,3.42,3.7770765731171134,25.235578129604967,0.0,0,0.0,0.0,27.62,27.42,0.684,0.121
2018,11,Vavuniya,LK44,-0.5,0.866025403784438,0,0,1,0,378.470579,697.537253333333,87.0516426666666,297.635295,50.2000005999999,149.045088,0,8.7514,80.4971,85.76,2.73,27.04,83.09,2.37,3.7770765731171134,25.235578129604967,0.3333,1,0.3333,0.0,27.61,26.94,0.5,0.604
2018,12,Vavuniya,LK44,-2.4492935982947e-16,1.0,0,0,0,1,172.05882,812.3883,68.1343636666666,378.470579,297.635295,87.0516426666666,1,8.7514,80.4971,85.63,2.95,26.13,85.76,2.73,3.7770765731171134,25.235578129604967,0.3333,1,0.3333,0.3333,27.49,27.19,0.309,0.684
2019,1,Vavuniya,LK44,0.499999999999999,0.866025403784438,0,0,0,1,12.2588236,664.282366666666,22.511176,172.05882,378.470579,68.1343636666666,1,8.7514,80.4971,79.12,3.21,25.49,85.63,2.95,3.622072931190336,25.765436473680584,0.3333,1,0.3333,0.3333,27.19,27.62,0.387,0.5
2019,2,Vavuniya,LK44,0.866025403784438,0.5,0,0,0,1,75.4705888,304.305886666666,136.851054,12.2588236,172.05882,22.511176,0,8.7514,80.4971,77.54,3.03,24.73,79.12,3.21,3.622072931190336,25.765436473680584,0.6667,2,0.6667,0.3333,27.46,27.61,0.416,0.309
2019,3,Vavuniya,LK44,1.0,6.12323399573676e-17,1,0,0,0,3.7882355,149.71765,33.376964,75.4705888,12.2588236,136.851054,0,8.7514,80.4971,67.05,2.81,26.81,77.54,3.03,3.622072931190336,25.765436473680584,0.0,0,0.0,0.6667,28.09,27.49,0.225,0.387
2019,4,Vavuniya,LK44,0.866025403784438,-0.499999999999999,1,0,0,0,70.3882352,121.741166666666,71.0630013333333,3.7882355,75.4705888,33.376964,0,8.7514,80.4971,64.58,2.19,28.73,67.05,2.81,3.622072931190336,25.765436473680584,0.0,0,0.0,0.0,28.44,27.19,0.258,0.416
2019,5,Vavuniya,LK44,0.499999999999999,-0.866025403784438,0,1,0,0,24.9176471,90.2901916666666,66.1460833333333,70.3882352,3.7882355,71.0630013333333,0,8.7514,80.4971,68.2,3.99,30.61,64.58,2.19,3.622072931190336,25.765436473680584,0.3333,1,0.3333,0.0,28.48,27.46,0.54,0.225
2019,6,Vavuniya,LK44,1.22464679914735e-16,-1.0,0,1,0,0,5.6823532,101.450978333333,118.756126666666,24.9176471,70.3882352,66.1460833333333,0,8.7514,80.4971,68.27,5.38,30.8,68.2,3.99,3.622072931190336,25.765436473680584,0.0,0,0.0,0.3333,28.18,28.09,0.605,0.258
2019,7,Vavuniya,LK44,-0.499999999999999,-0.866025403784438,0,1,0,0,28.2470593,80.611762,109.457209999999,5.6823532,24.9176471,118.756126666666,0,8.7514,80.4971,67.62,4.82,30.43,68.27,5.38,3.622072931190336,25.765436473680584,0.0,0,0.0,0.0,27.64,28.44,0.597,0.54
2019,8,Vavuniya,LK44,-0.866025403784438,-0.5,0,1,0,0,48.435293,77.8470583333333,128.80035,28.2470593,5.6823532,109.457209999999,0,8.7514,80.4971,73.16,5.38,29.77,67.62,4.82,3.622072931190336,25.765436473680584,0.3333,1,0.3333,0.0,26.9,28.48,0.436,0.605
2019,9,Vavuniya,LK44,-1.0,-1.83697019872102e-16,0,1,0,0,154.435292,165.149023333333,175.633961,48.435293,28.2470593,128.80035,0,8.7514,80.4971,77.84,3.9,28.55,73.16,5.38,3.622072931190336,25.765436473680584,0.0,0,0.0,0.3333,26.75,28.18,0.892,0.597
2019,10,Vavuniya,LK44,-0.866025403784438,0.5,0,0,1,0,309.27058,364.215696666666,133.025345333333,154.435292,48.435293,175.633961,0,8.7514,80.4971,84.02,1.97,28.0,77.84,3.9,3.622072931190336,25.765436473680584,0.0,0,0.0,0.0,27.2,27.64,0.964,0.436
2019,11,Vavuniya,LK44,-0.5,0.866025403784438,0,0,1,0,325.32941,632.756866666666,76.04293,309.27058,154.435292,133.025345333333,1,8.7514,80.4971,85.44,2.37,26.88,84.02,1.97,3.622072931190336,25.765436473680584,0.3333,1,0.3333,0.0,27.22,26.9,0.835,0.892
2019,12,Vavuniya,LK44,-2.4492935982947e-16,1.0,0,0,0,1,361.470589999999,1007.94905333333,132.081855,325.32941,309.27058,76.04293,0,8.7514,80.4971,87.03,3.2,26.86,85.44,2.37,3.622072931190336,25.765436473680584,0.3333,1,0.3333,0.3333,27.12,26.75,0.243,0.964
2020,1,Vavuniya,LK44,0.499999999999999,0.866025403784438,0,0,0,1,18.7058824,856.658743333333,27.8344586666666,361.470589999999,325.32941,132.081855,0,8.7514,80.4971,82.15,2.94,25.88,87.03,3.2,3.467069289263557,26.295294817756204,0.6667,2,0.6667,0.3333,27.15,27.2,0.173,0.835
2020,2,Vavuniya,LK44,0.866025403784438,0.5,0,0,0,1,12.4705882,559.90976,56.4241723333333,18.7058824,361.470589999999,27.8344586666666,0,8.7514,80.4971,77.54,3.3,25.44,82.15,2.94,3.467069289263557,26.295294817756204,0.3333,1,0.3333,0.6667,27.12,27.22,0.054,0.243
2020,3,Vavuniya,LK44,1.0,6.12323399573676e-17,1,0,0,0,7.0470589,91.1843113333333,39.0399713333333,12.4705882,18.7058824,56.4241723333333,0,8.7514,80.4971,69.85,2.9,25.96,77.54,3.3,3.467069289263557,26.295294817756204,0.0,0,0.0,0.3333,27.76,27.12,0.019,0.173
2020,4,Vavuniya,LK44,0.866025403784438,-0.499999999999999,1,0,0,0,41.247058,48.8156846666666,49.3350493333333,7.0470589,12.4705882,39.0399713333333,0,8.7514,80.4971,69.34,2.5,28.07,69.85,2.9,3.467069289263557,26.295294817756204,0.0,0,0.0,0.0,28.18,27.15,-0.011,0.054
2020,5,Vavuniya,LK44,0.499999999999999,-0.866025403784438,0,1,0,0,86.976471,120.670586666666,135.29169,41.247058,7.0470589,49.3350493333333,0,8.7514,80.4971,76.07,3.31,30.04,69.34,2.5,3.467069289263557,26.295294817756204,0.0,0,0.0,0.0,27.66,27.12,0.298,0.019
2020,6,Vavuniya,LK44,1.22464679914735e-16,-1.0,0,1,0,0,3.3411765,132.223533333333,107.43651,86.976471,41.247058,135.29169,0,8.7514,80.4971,74.1,4.6,29.59,76.07,3.31,3.467069289263557,26.295294817756204,0.0,0,0.0,0.0,27.39,27.76,0.455,-0.011
2020,7,Vavuniya,LK44,-0.499999999999999,-0.866025403784438,0,1,0,0,125.235292,192.482346666666,357.33954,3.3411765,86.976471,107.43651,0,8.7514,80.4971,78.51,3.81,29.08,74.1,4.6,3.467069289263557,26.295294817756204,0.0,0,0.0,0.0,26.99,28.18,0.319,0.298
2020,8,Vavuniya,LK44,-0.866025403784438,-0.5,0,1,0,0,19.4000002,162.64706,71.5344353333333,125.235292,3.3411765,357.33954,0,8.7514,80.4971,73.69,4.53,27.82,78.51,3.81,3.467069289263557,26.295294817756204,0.3333,1,0.3333,0.0,26.26,27.66,-0.183,0.455
2020,9,Vavuniya,LK44,-1.0,-1.83697019872102e-16,0,1,0,0,133.564703,243.243129999999,153.904373333333,19.4000002,125.235292,71.5344353333333,0,8.7514,80.4971,79.01,4.52,28.74,73.69,4.53,3.467069289263557,26.295294817756204,0.0,0,0.0,0.3333,25.89,27.39,-0.189,0.319
2020,10,Vavuniya,LK44,-0.866025403784438,0.5,0,0,1,0,62.470589,237.827446666666,38.651259,133.564703,19.4000002,153.904373333333,0,8.7514,80.4971,77.05,3.78,27.68,79.01,4.52,3.467069289263557,26.295294817756204,0.0,0,0.0,0.0,25.46,26.99,0.074,-0.183
2020,11,Vavuniya,LK44,-0.5,0.866025403784438,0,0,1,0,412.72941,510.72549,95.3775733333333,62.470589,133.564703,38.651259,0,8.7514,80.4971,85.32,2.74,28.03,77.05,3.78,3.467069289263557,26.295294817756204,0.3333,1,0.3333,0.0,25.28,26.26,0.02,-0.189
2020,12,Vavuniya,LK44,-2.4492935982947e-16,1.0,0,0,0,1,503.529405,897.968633333333,184.87107,412.72941,62.470589,95.3775733333333,0,8.7514,80.4971,88.28,3.23,26.88,85.32,2.74,3.467069289263557,26.295294817756204,0.3333,1,0.3333,0.3333,25.44,25.89,0.031,0.074
2021,1,Vavuniya,LK44,0.499999999999999,0.866025403784438,0,0,0,1,275.152943,1156.61566666666,224.714483333333,503.529405,412.72941,184.87107,0,8.7514,80.4971,88.0,2.95,25.55,88.28,3.23,3.3120656473367784,26.82515316183182,0.3333,1,0.3333,0.3333,25.55,25.46,0.051,0.02
2021,2,Vavuniya,LK44,0.866025403784438,0.5,0,0,0,1,18.2705886,895.717723333333,63.1437599999999,275.152943,503.529405,224.714483333333,0,8.7514,80.4971,82.88,3.01,25.33,88.0,2.95,3.3120656473367784,26.82515316183182,0.3333,1,0.3333,0.3333,25.75,25.28,0.243,0.031
2021,3,Vavuniya,LK44,1.0,6.12323399573676e-17,1,0,0,0,22.941176,425.290233333333,66.9031533333333,18.2705886,275.152943,63.1437599999999,0,8.7514,80.4971,80.16,2.5,25.02,82.88,3.01,3.3120656473367784,26.82515316183182,0.3333,1,0.3333,0.3333,26.48,25.44,0.267,0.051
2021,4,Vavuniya,LK44,0.866025403784438,-0.499999999999999,1,0,0,0,147.917649999999,189.407843333333,134.167674333333,22.941176,18.2705886,66.9031533333333,0,8.7514,80.4971,76.35,2.28,26.68,80.16,2.5,3.3120656473367784,26.82515316183182,0.3333,1,0.3333,0.3333,27.1,25.55,0.25,0.243
2021,5,Vavuniya,LK44,0.499999999999999,-0.866025403784438,0,1,0,0,68.247059,225.043136666666,119.334464666666,147.917649999999,22.941176,134.167674333333,0,8.7514,80.4971,80.42,3.73,28.77,76.35,2.28,3.3120656473367784,26.82515316183182,0.0,0,0.0,0.3333,27.47,25.75,0.009,0.267
2021,6,Vavuniya,LK44,1.22464679914735e-16,-1.0,0,1,0,0,8.21176453,232.031376666666,131.141378666666,68.247059,147.917649999999,119.334464666666,0,8.7514,80.4971,77.8,4.36,28.56,80.42,3.73,3.3120656473367784,26.82515316183182,0.0,0,0.0,0.0,27.45,26.48,-0.002,0.25
2021,7,Vavuniya,LK44,-0.499999999999999,-0.866025403784438,0,1,0,0,71.3058826,186.08235,223.913132,8.21176453,68.247059,131.141378666666,0,8.7514,80.4971,76.06,4.68,28.57,77.8,4.36,3.3120656473367784,26.82515316183182,0.0,0,0.0,0.0,26.9,27.1,-0.229,0.009
2021,8,Vavuniya,LK44,-0.866025403784438,-0.5,0,1,0,0,35.7999992,117.321576666666,97.4076453333333,71.3058826,8.21176453,223.913132,0,8.7514,80.4971,75.05,4.41,28.6,76.06,4.68,3.3120656473367784,26.82515316183182,0.0,0,0.0,0.0,26.32,27.47,-0.099,-0.002
2021,9,Vavuniya,LK44,-1.0,-1.83697019872102e-16,0,1,0,0,103.611764999999,167.972553333333,117.880883333333,35.7999992,71.3058826,97.4076453333333,0,8.7514,80.4971,77.33,4.08,28.38,75.05,4.41,3.3120656473367784,26.82515316183182,0.0,0,0.0,0.0,26.17,27.45,-0.058,-0.229
2021,10,Vavuniya,LK44,-0.866025403784438,0.5,0,0,1,0,296.31764,350.160773333333,149.544263333333,103.611764999999,35.7999992,117.880883333333,0,8.7514,80.4971,85.29,3.14,28.32,77.33,4.08,3.3120656473367784,26.82515316183182,0.0,0,0.0,0.0,25.77,26.9,-0.091,-0.099
2021,11,Vavuniya,LK44,-0.5,0.866025403784438,0,0,1,0,745.023535,948.568646666666,168.627636666666,296.31764,103.611764999999,149.544263333333,0,8.7514,80.4971,90.35,2.93,27.1,85.29,3.14,3.3120656473367784,26.82515316183182,0.0,0,0.0,0.0,25.76,26.32,0.069,-0.058
2021,12,Vavuniya,LK44,-2.4492935982947e-16,1.0,0,0,0,1,94.858823,1150.1883,38.954483,745.023535,296.31764,168.627636666666,0,8.7514,80.4971,84.46,2.75,26.03,90.35,2.93,3.3120656473367784,26.82515316183182,0.0,0,0.0,0.0,25.54,26.17,-0.12,-0.091
2022,1,Vavuniya,LK44,0.499999999999999,0.866025403784438,0,0,0,1,53.682354,978.0353,54.3468809999999,94.858823,745.023535,38.954483,0,8.7514,80.4971,84.35,3.02,25.73,84.46,2.75,3.15706200541,27.35501150590744,0.3333,1,0.3333,0.0,25.6,25.77,-0.056,0.069
2022,2,Vavuniya,LK44,0.866025403784438,0.5,0,0,0,1,63.3764692,405.850993333333,155.495527666666,53.682354,94.858823,54.3468809999999,0,8.7514,80.4971,81.83,2.95,25.34,84.35,3.02,3.15706200541,27.35501150590744,0.3333,1,0.3333,0.3333,25.86,25.76,-0.082,-0.12
2022,3,Vavuniya,LK44,1.0,6.12323399573676e-17,1,0,0,0,41.4705874,180.431373333333,98.3013316666666,63.3764692,53.682354,155.495527666666,0,8.7514,80.4971,79.06,2.6,25.29,81.83,2.95,3.15706200541,27.35501150590744,0.0,0,0.0,0.3333,26.31,25.54,-0.093,-0.056
2022,4,Vavuniya,LK44,0.866025403784438,-0.499999999999999,1,0,0,0,192.917649,259.41177,178.096443333333,41.4705874,63.3764692,98.3013316666666,0,8.7514,80.4971,82.6,2.03,27.42,79.06,2.6,3.15706200541,27.35501150590744,0.0,0,0.0,0.0,26.7,25.6,-0.068,-0.082
2022,5,Vavuniya,LK44,0.499999999999999,-0.866025403784438,0,1,0,0,23.7176479999999,274.976476666666,51.2784243333333,192.917649,41.4705874,178.096443333333,0,8.7514,80.4971,83.01,4.66,27.95,82.6,2.03,3.15706200541,27.35501150590744,0.3333,1,0.3333,0.0,26.82,25.86,-0.122,-0.093
2022,6,Vavuniya,LK44,1.22464679914735e-16,-1.0,0,1,0,0,1.8941177,225.172563333333,99.18013,23.7176479999999,192.917649,51.2784243333333,0,8.7514,80.4971,78.56,4.21,28.19,83.01,4.66,3.15706200541,27.35501150590744,0.3333,1,0.3333,0.3333,26.98,26.31,-0.335,-0.068
2022,7,Vavuniya,LK44,-0.499999999999999,-0.866025403784438,0,1,0,0,73.1647074999999,112.494124666666,215.36789,1.8941177,23.7176479999999,99.18013,0,8.7514,80.4971,76.7,3.9,28.14,78.56,4.21,3.15706200541,27.35501150590744,0.0,0,0.0,0.3333,26.6,26.7,-0.195,-0.122
2022,8,Vavuniya,LK44,-0.866025403784438,-0.5,0,1,0,0,79.670588,116.721573333333,175.073415333333,73.1647074999999,1.8941177,215.36789,0,8.7514,80.4971,78.04,4.19,28.09,76.7,3.9,3.15706200541,27.35501150590744,0.0,0,0.0,0.0,25.88,26.82,-0.246,-0.335
2022,9,Vavuniya,LK44,-1.0,-1.83697019872102e-16,0,1,0,0,32.0352947,179.592163333333,49.7349973333333,79.670588,73.1647074999999,175.073415333333,0,8.7514,80.4971,76.51,4.14,27.84,78.04,4.19,3.15706200541,27.35501150590744,0.3333,1,0.3333,0.0,25.65,26.98,-0.322,-0.195
2022,10,Vavuniya,LK44,-0.866025403784438,0.5,0,0,1,0,290.329406,323.243133333333,139.39254,32.0352947,79.670588,49.7349973333333,0,8.7514,80.4971,80.46,2.77,28.01,76.51,4.14,3.15706200541,27.35501150590744,0.0,0,0.0,0.3333,25.73,26.6,-0.691,-0.246
2022,11,Vavuniya,LK44,-0.5,0.866025403784438,0,0,1,0,312.6470553,636.494116666666,73.1360248333333,290.329406,32.0352947,139.39254,0,8.7514,80.4971,85.84,2.59,27.27,80.46,2.77,3.15706200541,27.35501150590744,0.3333,1,0.3333,0.0,25.8,25.88,-0.269,-0.322
2022,12,Vavuniya,LK44,-2.4492935982947e-16,1.0,0,0,0,1,314.129405,851.43925,116.875634999999,312.6470553,290.329406,73.1360248333333,0,8.7514,80.4971,87.52,3.5,25.74,85.84,2.59,3.15706200541,27.35501150590744,0.0,0,0.0,0.3333,25.75,25.65,-0.091,-0.691
2023,1,Vavuniya,LK44,0.499999999999999,0.866025403784438,0,0,0,1,103.2117616,794.02358,101.512578333333,314.129405,312.6470553,116.875634999999,0,8.7514,80.4971,82.88,3.31,25.37,87.52,3.5,3.002058363483221,27.884869849983065,0.3333,1,0.3333,0.0,25.83,25.73,0.11,-0.269
2023,2,Vavuniya,LK44,0.866025403784438,0.5,0,0,0,1,161.7294127,608.290153333333,264.384388666666,103.2117616,314.129405,101.512578333333,0,8.7514,80.4971,82.95,3.05,24.36,82.88,3.31,3.002058363483221,27.884869849983065,0.3333,1,0.3333,0.3333,26.29,25.8,0.157,-0.091
2023,3,Vavuniya,LK44,1.0,6.12323399573676e-17,1,0,0,0,35.2470593,353.07844,89.3512813333333,161.7294127,103.2117616,264.384388666666,0,8.7514,80.4971,81.29,2.53,24.86,82.95,3.05,3.002058363483221,27.884869849983065,0.0,0,0.0,0.3333,27.17,25.75,0.414,0.11
2023,4,Vavuniya,LK44,0.866025403784438,-0.499999999999999,1,0,0,0,61.458821,280.094116666666,67.213889,35.2470593,161.7294127,89.3512813333333,0,8.7514,80.4971,74.9,2.15,26.92,81.29,2.53,3.002058363483221,27.884869849983065,0.3333,1,0.3333,0.0,27.96,25.83,0.56,0.157
2023,5,Vavuniya,LK44,0.499999999999999,-0.866025403784438,0,1,0,0,258.49412,343.43137,338.312804999999,61.458821,35.2470593,67.213889,0,8.7514,80.4971,85.31,3.29,28.9,74.9,2.15,3.002058363483221,27.884869849983065,0.0,0,0.0,0.3333,28.39,26.29,0.443,0.414
2023,6,Vavuniya,LK44,1.22464679914735e-16,-1.0,0,1,0,0,2.717647,340.46666,103.729533333333,258.49412,61.458821,338.312804999999,0,8.7514,80.4971,78.03,4.48,27.92,85.31,3.29,3.002058363483221,27.884869849983065,0.0,0,0.0,0.0,28.57,27.17,0.665,0.56
2023,7,Vavuniya,LK44,-0.499999999999999,-0.866025403784438,0,1,0,0,32.8470578,323.407866666666,125.380785333333,2.717647,258.49412,103.729533333333,0,8.7514,80.4971,71.79,4.83,28.85,78.03,4.48,3.002058363483221,27.884869849983065,0.3333,1,0.3333,0.0,28.32,27.96,0.498,0.443
2023,8,Vavuniya,LK44,-0.866025403784438,-0.5,0,1,0,0,20.317647,67.6745073333333,68.4488676666666,32.8470578,2.717647,125.380785333333,0,8.7514,80.4971,67.28,4.15,29.17,71.79,4.83,3.002058363483221,27.884869849983065,0.0,0,0.0,0.3333,28.2,28.39,0.826,0.665
2023,9,Vavuniya,LK44,-1.0,-1.83697019872102e-16,0,1,0,0,85.529412,108.058823333333,103.875464666666,20.317647,32.8470578,68.4488676666666,0,8.7514,80.4971,72.82,5.08,30.1,67.28,4.15,3.002058363483221,27.884869849983065,0.0,0,0.0,0.0,28.32,28.57,0.946,0.498
2023,10,Vavuniya,LK44,-0.866025403784438,0.5,0,0,1,0,163.623527,221.956856666666,89.9402433333333,85.529412,20.317647,103.875464666666,0,8.7514,80.4971,80.66,2.6,28.84,72.82,5.08,3.002058363483221,27.884869849983065,0.0,0,0.0,0.0,28.44,28.32,0.804,0.826
2023,11,Vavuniya,LK44,-0.5,0.866025403784438,0,0,1,0,606.22352,692.89804,140.610676666666,163.623527,85.529412,89.9402433333333,0,8.7514,80.4971,86.99,1.92,27.7,80.66,2.6,3.002058363483221,27.884869849983065,0.0,0,0.0,0.0,28.72,28.2,0.92,0.946
2023,12,Vavuniya,LK44,-2.4492935982947e-16,1.0,0,0,0,1,467.129407,1171.8431,164.111143333333,606.22352,163.623527,140.610676666666,0,8.7514,80.4971,90.69,3.37,26.83,86.99,1.92,3.002058363483221,27.884869849983065,0.0,0,0.0,0.0,28.62,28.32,0.852,0.804
2024,1,Vavuniya,LK44,0.499999999999999,0.866025403784438,0,0,0,1,145.9294122,1264.0509,109.993617999999,467.129407,606.22352,164.111143333333,0,8.7514,80.4971,85.16,3.01,26.39,90.69,3.37,2.8470547215564426,28.41472819405868,0.0,0,0.0,0.0,28.35,28.44,0.765,0.92
2024,2,Vavuniya,LK44,0.866025403784438,0.5,0,0,0,1,9.5529411,791.180386666666,48.9798743333333,145.9294122,467.129407,109.993617999999,0,8.7514,80.4971,83.33,3.28,25.48,85.16,3.01,2.8470547215564426,28.41472819405868,1.0,3,1.0,0.0,28.27,28.72,0.327,0.852
2024,3,Vavuniya,LK44,1.0,6.12323399573676e-17,1,0,0,0,12.6941174,258.64705,48.8544986666666,9.5529411,145.9294122,48.9798743333333,0,8.7514,80.4971,75.65,2.66,26.28,83.33,3.28,2.8470547215564426,28.41472819405868,1.0,3,1.0,1.0,28.41,28.62,0.421,0.765
2024,4,Vavuniya,LK44,0.866025403784438,-0.499999999999999,1,0,0,0,37.3411777,54.1176426666666,44.3215449999999,12.6941174,9.5529411,48.8544986666666,0,8.7514,80.4971,70.88,2.27,27.42,75.65,2.66,2.8470547215564426,28.41472819405868,1.0,3,1.0,1.0,28.59,28.35,0.44,0.327
2024,5,Vavuniya,LK44,0.499999999999999,-0.866025403784438,0,1,0,0,75.611762,102.141174999999,130.431779,37.3411777,12.6941174,44.3215449999999,0,8.7514,80.4971,77.83,3.12,30.49,70.88,2.27,2.8470547215564426,28.41472819405868,0.0,0,0.0,1.0,28.16,28.27,0.298,0.421
2024,6,Vavuniya,LK44,1.22464679914735e-16,-1.0,0,1,0,0,4.16470572,123.02745,110.296839999999,75.611762,37.3411777,130.431779,0,8.7514,80.4971,77.06,4.83,29.79,77.83,3.12,2.8470547215564426,28.41472819405868,0.0,0,0.0,0.0,27.9,28.41,0.197,0.44
2024,7,Vavuniya,LK44,-0.499999999999999,-0.866025403784438,0,1,0,0,16.0235292,105.827445,79.9005313333333,4.16470572,75.611762,110.296839999999,0,8.7514,80.4971,71.06,5.05,29.02,77.06,4.83,2.8470547215564426,28.41472819405868,0.0,0,0.0,0.0,27.34,28.59,0.033,0.298
2024,8,Vavuniya,LK44,-0.866025403784438,-0.5,0,1,0,0,46.294117,77.58823,124.229653333333,16.0235292,4.16470572,79.9005313333333,0,8.7514,80.4971,76.72,3.94,29.54,71.06,5.05,2.8470547215564426,28.41472819405868,0.0,0,0.0,0.0,26.73,28.16,0.267,0.197
2024,9,Vavuniya,LK44,-1.0,-1.83697019872102e-16,0,1,0,0,25.0470588,78.3411783333333,40.1503216666666,46.294117,16.0235292,124.229653333333,0,8.7514,80.4971,73.83,4.58,28.76,76.72,3.94,2.8470547215564426,28.41472819405868,0.0,0,0.0,0.0,26.45,27.9,0.115,0.033
2024,10,Vavuniya,LK44,-0.866025403784438,0.5,0,0,1,0,268.31765,265.407833333333,144.463673333333,25.0470588,46.294117,40.1503216666666,0,8.7514,80.4971,82.44,2.65,29.31,73.83,4.58,2.8470547215564426,28.41472819405868,0.0,0,0.0,0.0,26.44,27.34,-0.196,0.267
2024,11,Vavuniya,LK44,-0.5,0.866025403784438,0,0,1,0,658.17647,646.31371,150.829263333333,268.31765,25.0470588,144.463673333333,0,8.7514,80.4971,87.14,3.23,27.78,82.44,2.65,2.8470547215564426,28.41472819405868,1.0,3,1.0,0.0,26.45,26.73,-0.382,0.115
2024,12,Vavuniya,LK44,-2.4492935982947e-16,1.0,0,0,0,1,130.788235,1015.92942,51.9724933333333,658.17647,268.31765,150.829263333333,0,8.7514,80.4971,88.15,2.92,26.91,87.14,3.23,2.8470547215564426,28.41472819405868,1.0,3,1.0,1.0,26.0,26.45,-0.331,-0.196
2017,1,Mullaitivu,LK45,0.499999999999999,0.866025403784438,0,0,0,1,150.0487789,447.178866666666,175.593429333333,246.54007,431.010450514285,101.153579142857,0,9.2671,80.8128,76.05,5.12,26.755714285714284,81.92,4.802857142857143,1.1587141083345451,48.4186320105967,0.0,0,0.0,0.0,26.12,25.98,-0.086,-0.382
2017,2,Mullaitivu,LK45,0.866025403784438,0.5,0,0,0,1,20.3902437,335.21952,76.1860826666666,150.0487789,246.54007,175.593429333333,0,9.2671,80.8128,71.53,4.28,25.77,76.05,5.12,1.1587141083345451,48.4186320105967,0.1667,1,0.1667,0.0,26.67,25.94,0.101,-0.31
2017,3,Mullaitivu,LK45,1.0,6.12323399573676e-17,1,0,0,0,79.6097552,275.390253333333,198.368292666666,20.3902437,150.0487789,76.1860826666666,0,9.2671,80.8128,77.05,3.21,26.13,71.53,4.28,1.1587141083345451,48.4186320105967,0.0,0,0.0,0.1667,27.32,26.1,0.357,-0.086
2017,4,Mullaitivu,LK45,0.866025403784438,-0.499999999999999,1,0,0,0,21.0731708,212.227639999999,35.8315513333333,79.6097552,20.3902437,198.368292666666,1,9.2671,80.8128,73.51,3.46,27.75,77.05,3.21,1.1587141083345451,48.4186320105967,0.0,0,0.0,0.0,28.03,26.12,0.498,0.101
2017,5,Mullaitivu,LK45,0.499999999999999,-0.866025403784438,0,1,0,0,22.268292,125.723573333333,107.52701,21.0731708,79.6097552,35.8315513333333,0,9.2671,80.8128,75.76,4.85,29.87,73.51,3.46,1.1587141083345451,48.4186320105967,0.1667,1,0.1667,0.0,28.3,26.67,0.536,0.357
2017,6,Mullaitivu,LK45,1.22464679914735e-16,-1.0,0,1,0,0,0.5365854,53.7886193333333,99.7185,22.268292,21.0731708,107.52701,0,9.2671,80.8128,75.8,6.82,30.01,75.76,4.85,1.1587141083345451,48.4186320105967,0.1667,1,0.1667,0.1667,28.06,27.32,0.424,0.498
2017,7,Mullaitivu,LK45,-0.499999999999999,-0.866025403784438,0,1,0,0,0.14634146,28.5934956666666,100.551363333333,0.5365854,22.268292,99.7185,0,9.2671,80.8128,73.08,5.38,29.4,75.8,6.82,1.1587141083345451,48.4186320105967,0.0,0,0.0,0.1667,27.54,28.03,0.52,0.536
2017,8,Mullaitivu,LK45,-0.866025403784438,-0.5,0,1,0,0,5.2926829,7.91869943333333,106.84363,0.14634146,0.5365854,100.551363333333,0,9.2671,80.8128,77.99,5.34,29.6,73.08,5.38,1.1587141083345451,48.4186320105967,0.0,0,0.0,0.0,26.7,28.3,0.349,0.424
2017,9,Mullaitivu,LK45,-1.0,-1.83697019872102e-16,0,1,0,0,68.268292,56.1382076666666,163.369226666666,5.2926829,0.14634146,106.84363,1,9.2671,80.8128,79.16,5.19,28.88,77.99,5.34,1.1587141083345451,48.4186320105967,0.0,0,0.0,0.0,26.29,28.06,0.035,0.52
2017,10,Mullaitivu,LK45,-0.866025403784438,0.5,0,0,1,0,154.756098,151.96748,76.7254986666666,68.268292,5.2926829,163.369226666666,0,9.2671,80.8128,78.39,4.74,28.53,79.16,5.19,1.1587141083345451,48.4186320105967,0.0,0,0.0,0.0,26.15,27.54,0.015,0.349
2017,11,Mullaitivu,LK45,-0.5,0.866025403784438,0,0,1,0,432.560976,545.065046666666,104.42663,154.756098,68.268292,76.7254986666666,0,9.2671,80.8128,84.47,4.6,28.59,78.39,4.74,1.1587141083345451,48.4186320105967,0.0,0,0.0,0.0,25.74,26.7,0.289,0.035
2017,12,Mullaitivu,LK45,-2.4492935982947e-16,1.0,0,0,0,1,59.219514,651.276463333333,28.9555386666666,432.560976,154.756098,104.42663,0,9.2671,80.8128,78.92,4.35,27.26,84.47,4.6,1.1587141083345451,48.4186320105967,0.1667,1,0.1667,0.0,25.62,26.29,0.11,0.015
2018,1,Mullaitivu,LK45,0.499999999999999,0.866025403784438,0,0,0,1,24.317073,583.8293,39.657901,59.219514,432.560976,28.9555386666666,0,9.2671,80.8128,76.46,4.54,26.58,78.92,4.35,1.1761442802230175,48.97634627165501,0.0,0,0.0,0.1667,25.57,26.15,-0.2,0.289
2018,2,Mullaitivu,LK45,0.866025403784438,0.5,0,0,0,1,16.9512194,207.487808666666,68.8680243333333,24.317073,59.219514,39.657901,0,9.2671,80.8128,75.62,4.65,25.65,76.46,4.54,1.1761442802230175,48.97634627165501,0.1667,1,0.1667,0.0,25.97,25.74,0.216,0.11
2018,3,Mullaitivu,LK45,1.0,6.12323399573676e-17,1,0,0,0,48.1707334,85.2113866666666,141.283497999999,16.9512194,24.317073,68.8680243333333,0,9.2671,80.8128,74.57,3.73,26.26,75.62,4.65,1.1761442802230175,48.97634627165501,0.5,3,0.5,0.1667,26.48,25.62,-0.12,-0.2
2018,4,Mullaitivu,LK45,0.866025403784438,-0.499999999999999,1,0,0,0,48.780489,103.138213333333,62.908972,48.1707334,16.9512194,141.283497999999,0,9.2671,80.8128,75.4,3.42,27.97,74.57,3.73,1.1761442802230175,48.97634627165501,0.1667,1,0.1667,0.5,27.31,25.57,-0.083,0.216
2018,5,Mullaitivu,LK45,0.499999999999999,-0.866025403784438,0,1,0,0,39.487805,129.88618,169.050306666666,48.780489,48.1707334,62.908972,0,9.2671,80.8128,79.46,4.21,29.42,75.4,3.42,1.1761442802230175,48.97634627165501,0.0,0,0.0,0.1667,27.73,25.97,0.122,-0.12
2018,6,Mullaitivu,LK45,1.22464679914735e-16,-1.0,0,1,0,0,0.29268292,105.617888,98.2624733333333,39.487805,48.780489,169.050306666666,0,9.2671,80.8128,79.99,7.07,29.2,79.46,4.21,1.1761442802230175,48.97634627165501,0.0,0,0.0,0.0,27.77,26.48,0.155,-0.083
2018,7,Mullaitivu,LK45,-0.499999999999999,-0.866025403784438,0,1,0,0,0.0,59.2601623333333,99.5878166666666,0.29268292,39.487805,98.2624733333333,0,9.2671,80.8128,76.31,6.23,28.82,79.99,7.07,1.1761442802230175,48.97634627165501,0.1667,1,0.1667,0.0,27.42,27.31,0.053,0.122
2018,8,Mullaitivu,LK45,-0.866025403784438,-0.5,0,1,0,0,5.87804896,15.2032516666666,106.035686666666,0.0,0.29268292,99.5878166666666,0,9.2671,80.8128,75.39,6.02,28.91,76.31,6.23,1.1761442802230175,48.97634627165501,0.0,0,0.0,0.1667,26.94,27.73,0.121,0.155
2018,9,Mullaitivu,LK45,-1.0,-1.83697019872102e-16,0,1,0,0,30.8292676,21.0731693333333,76.5633046666666,5.87804896,0.0,106.035686666666,0,9.2671,80.8128,73.8,4.33,28.68,75.39,6.02,1.1761442802230175,48.97634627165501,0.0,0,0.0,0.0,27.19,27.77,0.604,0.053
2018,10,Mullaitivu,LK45,-0.866025403784438,0.5,0,0,1,0,276.292684,207.276423333333,146.158173333333,30.8292676,5.87804896,76.5633046666666,0,9.2671,80.8128,80.67,3.55,28.79,73.8,4.33,1.1761442802230175,48.97634627165501,0.1667,1,0.1667,0.0,27.62,27.42,0.684,0.121
2018,11,Mullaitivu,LK45,-0.5,0.866025403784438,0,0,1,0,357.097556,625.837426666666,86.5466423333333,276.292684,30.8292676,146.158173333333,0,9.2671,80.8128,81.67,4.27,27.88,80.67,3.55,1.1761442802230175,48.97634627165501,0.1667,1,0.1667,0.1667,27.61,26.94,0.5,0.604
2018,12,Mullaitivu,LK45,-2.4492935982947e-16,1.0,0,0,0,1,153.731703,739.910583333333,71.1374816666666,357.097556,276.292684,86.5466423333333,0,9.2671,80.8128,81.16,4.6,27.19,81.67,4.27,1.1761442802230175,48.97634627165501,0.1667,1,0.1667,0.1667,27.49,27.19,0.309,0.684
2019,1,Mullaitivu,LK45,0.499999999999999,0.866025403784438,0,0,0,1,11.7804878,624.19508,27.3649693333333,153.731703,357.097556,71.1374816666666,0,9.2671,80.8128,75.52,4.8,26.54,81.16,4.6,1.19357445211149,49.5340605327133,0.5,3,0.5,0.1667,27.19,27.62,0.387,0.5
2019,2,Mullaitivu,LK45,0.866025403784438,0.5,0,0,0,1,35.7560983,239.772336666666,93.499745,11.7804878,153.731703,27.3649693333333,0,9.2671,80.8128,77.12,4.39,25.65,75.52,4.8,1.19357445211149,49.5340605327133,0.6667,4,0.6667,0.5,27.46,27.61,0.416,0.309
2019,3,Mullaitivu,LK45,1.0,6.12323399573676e-17,1,0,0,0,3.3170732,112.699182333333,38.951685,35.7560983,11.7804878,93.499745,0,9.2671,80.8128,71.96,3.89,27.15,77.12,4.39,1.19357445211149,49.5340605327133,0.1667,1,0.1667,0.6667,28.09,27.49,0.225,0.387
2019,4,Mullaitivu,LK45,0.866025403784438,-0.499999999999999,1,0,0,0,54.3902438,72.8699173333333,67.8549013333333,3.3170732,35.7560983,38.951685,0,9.2671,80.8128,69.76,3.29,28.51,71.96,3.89,1.19357445211149,49.5340605327133,0.1667,1,0.1667,0.1667,28.44,27.19,0.258,0.416
2019,5,Mullaitivu,LK45,0.499999999999999,-0.866025403784438,0,1,0,0,7.7560976,66.1463386666666,72.3906926666666,54.3902438,3.3170732,67.8549013333333,0,9.2671,80.8128,73.41,5.13,30.24,69.76,3.29,1.19357445211149,49.5340605327133,0.1667,1,0.1667,0.1667,28.48,27.46,0.54,0.225
2019,6,Mullaitivu,LK45,1.22464679914735e-16,-1.0,0,1,0,0,1.8292683,64.97561,107.435453333333,7.7560976,54.3902438,72.3906926666666,0,9.2671,80.8128,74.14,6.84,30.65,73.41,5.13,1.19357445211149,49.5340605327133,0.0,0,0.0,0.1667,28.18,28.09,0.605,0.258
2019,7,Mullaitivu,LK45,-0.499999999999999,-0.866025403784438,0,1,0,0,0.024390243,34.3252029999999,99.748408,1.8292683,7.7560976,107.435453333333,1,9.2671,80.8128,73.92,6.04,30.24,74.14,6.84,1.19357445211149,49.5340605327133,0.0,0,0.0,0.0,27.64,28.44,0.597,0.54
2019,8,Mullaitivu,LK45,-0.866025403784438,-0.5,0,1,0,0,4.9756098,7.18699206666666,105.048498,0.024390243,1.8292683,99.748408,0,9.2671,80.8128,76.42,7.06,29.49,73.92,6.04,1.19357445211149,49.5340605327133,0.0,0,0.0,0.0,26.9,28.48,0.436,0.605
2019,9,Mullaitivu,LK45,-1.0,-1.83697019872102e-16,0,1,0,0,67.902439,41.772357,147.59351,4.9756098,0.024390243,105.048498,0,9.2671,80.8128,79.55,5.29,28.76,76.42,7.06,1.19357445211149,49.5340605327133,0.1667,1,0.1667,0.0,26.75,28.18,0.892,0.597
2019,10,Mullaitivu,LK45,-0.866025403784438,0.5,0,0,1,0,352.073179,242.89431,159.345763333333,67.902439,4.9756098,147.59351,1,9.2671,80.8128,80.99,2.97,28.39,79.55,5.29,1.19357445211149,49.5340605327133,0.1667,1,0.1667,0.1667,27.2,27.64,0.964,0.436
2019,11,Mullaitivu,LK45,-0.5,0.866025403784438,0,0,1,0,269.609762,546.886216666666,67.6055066666666,352.073179,67.902439,159.345763333333,0,9.2671,80.8128,81.54,3.59,27.75,80.99,2.97,1.19357445211149,49.5340605327133,0.3333,2,0.3333,0.1667,27.22,26.9,0.835,0.892
2019,12,Mullaitivu,LK45,-2.4492935982947e-16,1.0,0,0,0,1,278.780488,903.593533333333,109.451188,269.609762,352.073179,67.6055066666666,1,9.2671,80.8128,80.86,4.94,27.89,81.54,3.59,1.19357445211149,49.5340605327133,0.6667,4,0.6667,0.3333,27.12,26.75,0.243,0.964
2020,1,Mullaitivu,LK45,0.499999999999999,0.866025403784438,0,0,0,1,18.414634,741.772426666666,34.0674146666666,278.780488,269.609762,109.451188,0,9.2671,80.8128,76.81,4.32,27.04,80.86,4.94,1.2110046239999623,50.0917747937716,0.3333,2,0.3333,0.6667,27.15,27.2,0.173,0.835
2020,2,Mullaitivu,LK45,0.866025403784438,0.5,0,0,0,1,17.0243897,452.487793333333,70.3749313333333,18.414634,278.780488,34.0674146666666,0,9.2671,80.8128,74.32,4.81,26.67,76.81,4.32,1.2110046239999623,50.0917747937716,0.1667,1,0.1667,0.3333,27.12,27.22,0.054,0.243
2020,3,Mullaitivu,LK45,1.0,6.12323399573676e-17,1,0,0,0,4.8780488,67.016258,42.1633023333333,17.0243897,18.414634,70.3749313333333,0,9.2671,80.8128,73.02,4.04,26.97,74.32,4.81,1.2110046239999623,50.0917747937716,0.0,0,0.0,0.1667,27.76,27.12,0.019,0.173
2020,4,Mullaitivu,LK45,0.866025403784438,-0.499999999999999,1,0,0,0,32.121952,44.382114,49.1049546666666,4.8780488,17.0243897,42.1633023333333,0,9.2671,80.8128,73.09,3.6,28.08,73.02,4.04,1.2110046239999623,50.0917747937716,0.1667,1,0.1667,0.0,28.18,27.15,-0.011,0.054
2020,5,Mullaitivu,LK45,0.499999999999999,-0.866025403784438,0,1,0,0,26.0243906,63.9999996666666,119.328764666666,32.121952,4.8780488,49.1049546666666,0,9.2671,80.8128,75.95,4.46,29.84,73.09,3.6,1.2110046239999623,50.0917747937716,0.0,0,0.0,0.1667,27.66,27.12,0.298,0.019
2020,6,Mullaitivu,LK45,1.22464679914735e-16,-1.0,0,1,0,0,0.80487806,60.252034,101.320133333333,26.0243906,32.121952,119.328764666666,0,9.2671,80.8128,75.75,6.06,30.14,75.95,4.46,1.2110046239999623,50.0917747937716,0.0,0,0.0,0.0,27.39,27.76,0.455,-0.011
2020,7,Mullaitivu,LK45,-0.499999999999999,-0.866025403784438,0,1,0,0,0.85365856,43.8617903333333,105.2085,0.80487806,26.0243906,101.320133333333,0,9.2671,80.8128,78.58,5.16,29.54,75.75,6.06,1.2110046239999623,50.0917747937716,0.0,0,0.0,0.0,26.99,28.18,0.319,0.298
2020,8,Mullaitivu,LK45,-0.866025403784438,-0.5,0,1,0,0,2.9756098,9.24390256666666,95.90934,0.85365856,0.80487806,105.2085,0,9.2671,80.8128,77.37,5.79,28.54,78.58,5.16,1.2110046239999623,50.0917747937716,0.1667,1,0.1667,0.0,26.26,27.66,-0.183,0.455
2020,9,Mullaitivu,LK45,-1.0,-1.83697019872102e-16,0,1,0,0,59.804878,42.7804876666666,132.095096666666,2.9756098,0.85365856,95.90934,0,9.2671,80.8128,79.66,6.05,28.85,77.37,5.79,1.2110046239999623,50.0917747937716,0.0,0,0.0,0.1667,25.89,27.39,-0.189,0.319
2020,10,Mullaitivu,LK45,-0.866025403784438,0.5,0,0,1,0,54.073171,101.439028333333,37.7526133333333,59.804878,2.9756098,132.095096666666,0,9.2671,80.8128,79.06,4.87,28.25,79.66,6.05,1.2110046239999623,50.0917747937716,0.0,0,0.0,0.0,25.46,26.99,0.074,-0.183
2020,11,Mullaitivu,LK45,-0.5,0.866025403784438,0,0,1,0,365.195115,379.50404,89.635018,54.073171,59.804878,37.7526133333333,0,9.2671,80.8128,82.14,4.33,28.32,79.06,4.87,1.2110046239999623,50.0917747937716,0.1667,1,0.1667,0.0,25.28,26.26,0.02,-0.189
2020,12,Mullaitivu,LK45,-2.4492935982947e-16,1.0,0,0,0,1,486.121956,826.9187,194.59257,365.195115,54.073171,89.635018,0,9.2671,80.8128,83.39,5.06,27.8,82.14,4.33,1.2110046239999623,50.0917747937716,0.1667,1,0.1667,0.1667,25.44,25.89,0.031,0.074
2021,1,Mullaitivu,LK45,0.499999999999999,0.866025403784438,0,0,0,1,229.146339,1051.5935,238.178809,486.121956,365.195115,194.59257,0,9.2671,80.8128,83.18,4.57,26.55,83.39,5.06,1.2284347958884347,50.6494890548299,0.1667,1,0.1667,0.1667,25.55,25.46,0.051,0.02
2021,2,Mullaitivu,LK45,0.866025403784438,0.5,0,0,0,1,20.6341459999999,832.07321,72.1196386666666,229.146339,486.121956,238.178809,0,9.2671,80.8128,77.92,4.49,26.33,83.18,4.57,1.2284347958884347,50.6494890548299,0.1667,1,0.1667,0.1667,25.75,25.28,0.243,0.031
2021,3,Mullaitivu,LK45,1.0,6.12323399573676e-17,1,0,0,0,14.8536583,359.0325,62.7877693333333,20.6341459999999,229.146339,72.1196386666666,0,9.2671,80.8128,77.08,3.67,26.1,77.92,4.49,1.2284347958884347,50.6494890548299,0.1667,1,0.1667,0.1667,26.48,25.44,0.267,0.051
2021,4,Mullaitivu,LK45,0.866025403784438,-0.499999999999999,1,0,0,0,98.170733,144.829271333333,108.395693666666,14.8536583,20.6341459999999,62.7877693333333,0,9.2671,80.8128,75.92,3.23,27.69,77.08,3.67,1.2284347958884347,50.6494890548299,0.1667,1,0.1667,0.1667,27.1,25.55,0.25,0.243
2021,5,Mullaitivu,LK45,0.499999999999999,-0.866025403784438,0,1,0,0,20.7073176,134.593499999999,102.150658333333,98.170733,14.8536583,108.395693666666,0,9.2671,80.8128,79.31,5.23,29.29,75.92,3.23,1.2284347958884347,50.6494890548299,0.0,0,0.0,0.1667,27.47,25.75,0.009,0.267
2021,6,Mullaitivu,LK45,1.22464679914735e-16,-1.0,0,1,0,0,4.365854,128.17073,122.578146666666,20.7073176,98.170733,102.150658333333,0,9.2671,80.8128,78.75,5.78,29.35,79.31,5.23,1.2284347958884347,50.6494890548299,0.0,0,0.0,0.0,27.45,26.48,-0.002,0.25
2021,7,Mullaitivu,LK45,-0.499999999999999,-0.866025403784438,0,1,0,0,0.024390243,58.7642243333333,99.748408,4.365854,20.7073176,122.578146666666,0,9.2671,80.8128,77.49,5.96,29.11,78.75,5.78,1.2284347958884347,50.6494890548299,0.0,0,0.0,0.0,26.9,27.1,-0.229,0.009
2021,8,Mullaitivu,LK45,-0.866025403784438,-0.5,0,1,0,0,6.65853681999999,11.1219506666666,111.3973,0.024390243,4.365854,99.748408,0,9.2671,80.8128,77.18,5.52,29.05,77.49,5.96,1.2284347958884347,50.6494890548299,0.0,0,0.0,0.0,26.32,27.47,-0.099,-0.002
2021,9,Mullaitivu,LK45,-1.0,-1.83697019872102e-16,0,1,0,0,41.5853653,29.365855,97.2181903333333,6.65853681999999,0.024390243,111.3973,0,9.2671,80.8128,79.0,5.19,28.71,77.18,5.52,1.2284347958884347,50.6494890548299,0.0,0,0.0,0.0,26.17,27.45,-0.058,-0.229
2021,10,Mullaitivu,LK45,-0.866025403784438,0.5,0,0,1,0,279.414636,221.617883333333,147.800312333333,41.5853653,6.65853681999999,97.2181903333333,0,9.2671,80.8128,83.06,4.28,28.64,79.0,5.19,1.2284347958884347,50.6494890548299,0.0,0,0.0,0.0,25.77,26.9,-0.091,-0.099
2021,11,Mullaitivu,LK45,-0.5,0.866025403784438,0,0,1,0,742.609759999999,854.121943333333,177.524808666666,279.414636,41.5853653,147.800312333333,0,9.2671,80.8128,86.3,4.39,27.97,83.06,4.28,1.2284347958884347,50.6494890548299,0.0,0,0.0,0.0,25.76,26.32,0.069,-0.058
2021,12,Mullaitivu,LK45,-2.4492935982947e-16,1.0,0,0,0,1,62.902439,1080.6993,31.918068,742.609759999999,279.414636,177.524808666666,0,9.2671,80.8128,78.71,4.25,27.07,86.3,4.39,1.2284347958884347,50.6494890548299,0.0,0,0.0,0.0,25.54,26.17,-0.12,-0.091
2022,1,Mullaitivu,LK45,0.499999999999999,0.866025403784438,0,0,0,1,37.024391,937.617833333333,50.549933,62.902439,742.609759999999,31.918068,0,9.2671,80.8128,79.13,4.55,26.94,78.71,4.25,1.2458649677769071,51.207203315888194,0.3333,2,0.3333,0.0,25.6,25.77,-0.056,0.069
2022,2,Mullaitivu,LK45,0.866025403784438,0.5,0,0,0,1,56.7073164,354.130086666666,146.817668333333,37.024391,62.902439,50.549933,0,9.2671,80.8128,77.1,4.48,26.46,79.13,4.55,1.2458649677769071,51.207203315888194,0.3333,2,0.3333,0.3333,25.86,25.76,-0.082,-0.12
2022,3,Mullaitivu,LK45,1.0,6.12323399573676e-17,1,0,0,0,29.6097559,140.268293333333,92.9383133333333,56.7073164,37.024391,146.817668333333,0,9.2671,80.8128,77.4,3.89,26.41,77.1,4.48,1.2458649677769071,51.207203315888194,0.0,0,0.0,0.3333,26.31,25.54,-0.093,-0.056
2022,4,Mullaitivu,LK45,0.866025403784438,-0.499999999999999,1,0,0,0,196.243911,239.00813,210.796036666666,29.6097559,56.7073164,92.9383133333333,0,9.2671,80.8128,79.85,3.13,28.07,77.4,3.89,1.2458649677769071,51.207203315888194,0.1667,1,0.1667,0.0,26.7,25.6,-0.068,-0.082
2022,5,Mullaitivu,LK45,0.499999999999999,-0.866025403784438,0,1,0,0,9.41463456,250.731706666666,67.5386516666666,196.243911,29.6097559,210.796036666666,0,9.2671,80.8128,81.41,6.34,28.79,79.85,3.13,1.2458649677769071,51.207203315888194,0.1667,1,0.1667,0.1667,26.82,25.86,-0.122,-0.093
2022,6,Mullaitivu,LK45,1.22464679914735e-16,-1.0,0,1,0,0,0.3902439,212.252033333333,98.8448866666666,9.41463456,196.243911,67.5386516666666,0,9.2671,80.8128,79.55,5.42,29.11,81.41,6.34,1.2458649677769071,51.207203315888194,0.1667,1,0.1667,0.1667,26.98,26.31,-0.335,-0.068
2022,7,Mullaitivu,LK45,-0.499999999999999,-0.866025403784438,0,1,0,0,0.80487806,64.6016251666666,104.88732,0.3902439,9.41463456,98.8448866666666,0,9.2671,80.8128,77.21,5.07,28.67,79.55,5.42,1.2458649677769071,51.207203315888194,0.0,0,0.0,0.1667,26.6,26.7,-0.195,-0.122
2022,8,Mullaitivu,LK45,-0.866025403784438,-0.5,0,1,0,0,15.2439022,7.15447143333333,144.628905333333,0.80487806,0.3902439,104.88732,1,9.2671,80.8128,79.74,5.31,28.68,77.21,5.07,1.2458649677769071,51.207203315888194,0.0,0,0.0,0.0,25.88,26.82,-0.246,-0.335
2022,9,Mullaitivu,LK45,-1.0,-1.83697019872102e-16,0,1,0,0,14.8048782,27.0406493333333,55.1224993333333,15.2439022,0.80487806,144.628905333333,0,9.2671,80.8128,78.99,5.34,28.21,79.74,5.31,1.2458649677769071,51.207203315888194,0.0,0,0.0,0.0,25.65,26.98,-0.322,-0.195
2022,10,Mullaitivu,LK45,-0.866025403784438,0.5,0,0,1,0,283.317075,193.878043333333,144.381133333333,14.8048782,15.2439022,55.1224993333333,0,9.2671,80.8128,78.57,3.62,28.3,78.99,5.34,1.2458649677769071,51.207203315888194,0.0,0,0.0,0.0,25.73,26.6,-0.691,-0.246
2022,11,Mullaitivu,LK45,-0.5,0.866025403784438,0,0,1,0,291.3414496,557.024403333333,71.9329436666666,283.317075,14.8048782,144.381133333333,0,9.2671,80.8128,82.18,4.03,28.02,78.57,3.62,1.2458649677769071,51.207203315888194,0.1667,1,0.1667,0.0,25.8,25.88,-0.269,-0.322
2022,12,Mullaitivu,LK45,-2.4492935982947e-16,1.0,0,0,0,1,240.195126,775.455316666666,98.2315786666666,291.3414496,283.317075,71.9329436666666,1,9.2671,80.8128,83.84,5.31,26.81,82.18,4.03,1.2458649677769071,51.207203315888194,0.0,0,0.0,0.1667,25.75,25.65,-0.091,-0.691
2023,1,Mullaitivu,LK45,0.499999999999999,0.866025403784438,0,0,0,1,70.1463417,681.146286666666,88.5825903333333,240.195126,291.3414496,98.2315786666666,0,9.2671,80.8128,77.2,5.02,26.4,83.84,5.31,1.2632951396653795,51.764917576946495,0.1667,1,0.1667,0.0,25.83,25.73,0.11,-0.269
2023,2,Mullaitivu,LK45,0.866025403784438,0.5,0,0,0,1,136.4390224,483.089426666666,253.473335,70.1463417,240.195126,88.5825903333333,0,9.2671,80.8128,77.79,4.52,25.65,77.2,5.02,1.2632951396653795,51.764917576946495,0.1667,1,0.1667,0.1667,26.29,25.8,0.157,-0.091
2023,3,Mullaitivu,LK45,1.0,6.12323399573676e-17,1,0,0,0,33.5121957,266.308933333333,104.087106666666,136.4390224,70.1463417,253.473335,1,9.2671,80.8128,77.87,3.85,26.07,77.79,4.52,1.2632951396653795,51.764917576946495,0.0,0,0.0,0.1667,27.17,25.75,0.414,0.11
2023,4,Mullaitivu,LK45,0.866025403784438,-0.499999999999999,1,0,0,0,51.4878064,233.89431,70.1988906666666,33.5121957,136.4390224,104.087106666666,0,9.2671,80.8128,73.93,3.18,27.77,77.87,3.85,1.2632951396653795,51.764917576946495,0.0,0,0.0,0.0,27.96,25.83,0.56,0.157
2023,5,Mullaitivu,LK45,0.499999999999999,-0.866025403784438,0,1,0,0,109.853655199999,197.325196666666,283.894133333333,51.4878064,33.5121957,70.1988906666666,0,9.2671,80.8128,82.75,4.64,29.53,73.93,3.18,1.2632951396653795,51.764917576946495,0.0,0,0.0,0.0,28.39,26.29,0.443,0.414
2023,6,Mullaitivu,LK45,1.22464679914735e-16,-1.0,0,1,0,0,0.5365854,178.878053333333,99.7185,109.853655199999,51.4878064,283.894133333333,0,9.2671,80.8128,79.29,5.95,28.92,82.75,4.64,1.2632951396653795,51.764917576946495,0.0,0,0.0,0.0,28.57,27.17,0.665,0.56
2023,7,Mullaitivu,LK45,-0.499999999999999,-0.866025403784438,0,1,0,0,0.0,138.495933333333,99.5878166666666,0.5365854,109.853655199999,99.7185,0,9.2671,80.8128,75.58,6.14,29.42,79.29,5.95,1.2632951396653795,51.764917576946495,0.1667,1,0.1667,0.0,28.32,27.96,0.498,0.443
2023,8,Mullaitivu,LK45,-0.866025403784438,-0.5,0,1,0,0,3.6341463,5.30894303333333,97.1919233333333,0.0,0.5365854,99.5878166666666,0,9.2671,80.8128,74.0,5.1,29.27,75.58,6.14,1.2632951396653795,51.764917576946495,0.0,0,0.0,0.1667,28.2,28.39,0.826,0.665
2023,9,Mullaitivu,LK45,-1.0,-1.83697019872102e-16,0,1,0,0,31.3414629999999,23.1056909999999,83.8704903333333,3.6341463,0.0,97.1919233333333,0,9.2671,80.8128,76.13,6.73,29.62,74.0,5.1,1.2632951396653795,51.764917576946495,0.0,0,0.0,0.0,28.32,28.57,0.946,0.498
2023,10,Mullaitivu,LK45,-0.866025403784438,0.5,0,0,1,0,138.585371,127.845528666666,82.3745413333333,31.3414629999999,3.6341463,83.8704903333333,0,9.2671,80.8128,78.93,3.65,28.98,76.13,6.73,1.2632951396653795,51.764917576946495,0.0,0,0.0,0.0,28.44,28.32,0.804,0.826
2023,11,Mullaitivu,LK45,-0.5,0.866025403784438,0,0,1,0,558.658534999999,577.46339,136.365815,138.585371,31.3414629999999,82.3745413333333,0,9.2671,80.8128,83.72,3.06,28.33,78.93,3.65,1.2632951396653795,51.764917576946495,0.0,0,0.0,0.0,28.72,28.2,0.92,0.946
2023,12,Mullaitivu,LK45,-2.4492935982947e-16,1.0,0,0,0,1,444.829263999999,1063.86986666666,173.788629,558.658534999999,138.585371,136.365815,0,9.2671,80.8128,86.56,5.11,27.69,83.72,3.06,1.2632951396653795,51.764917576946495,0.0,0,0.0,0.0,28.62,28.32,0.852,0.804
2024,1,Mullaitivu,LK45,0.499999999999999,0.866025403784438,0,0,0,1,115.439026,1153.91866666666,112.951411666666,444.829263999999,558.658534999999,173.788629,1,9.2671,80.8128,79.47,4.55,27.24,86.56,5.11,1.280725311553852,52.32263183800479,0.0,0,0.0,0.0,28.35,28.44,0.765,0.92
2024,2,Mullaitivu,LK45,0.866025403784438,0.5,0,0,0,1,10.9512195,721.032496666666,54.8909799999999,115.439026,444.829263999999,112.951411666666,1,9.2671,80.8128,79.38,4.79,26.59,79.47,4.55,1.280725311553852,52.32263183800479,0.5,3,0.5,0.0,28.27,28.72,0.327,0.852
2024,3,Mullaitivu,LK45,1.0,6.12323399573676e-17,1,0,0,0,10.2195119,221.967466666666,53.4472463333333,10.9512195,115.439026,54.8909799999999,1,9.2671,80.8128,74.94,3.72,27.25,79.38,4.79,1.280725311553852,52.32263183800479,0.5,3,0.5,0.5,28.41,28.62,0.421,0.765
2024,4,Mullaitivu,LK45,0.866025403784438,-0.499999999999999,1,0,0,0,29.82927,51.1788623333333,44.3084206666666,10.2195119,10.9512195,53.4472463333333,0,9.2671,80.8128,74.43,3.27,28.06,74.94,3.72,1.280725311553852,52.32263183800479,0.5,3,0.5,0.5,28.59,28.35,0.44,0.327
2024,5,Mullaitivu,LK45,0.499999999999999,-0.866025403784438,0,1,0,0,23.414635,58.5121956666666,121.762609,29.82927,10.2195119,44.3084206666666,0,9.2671,80.8128,78.18,4.23,30.26,74.43,3.27,1.280725311553852,52.32263183800479,0.0,0,0.0,0.5,28.16,28.27,0.298,0.421
2024,6,Mullaitivu,LK45,1.22464679914735e-16,-1.0,0,1,0,0,1.9268292,59.8861806666666,108.017863333333,23.414635,29.82927,121.762609,0,9.2671,80.8128,78.91,6.38,30.26,78.18,4.23,1.280725311553852,52.32263183800479,0.0,0,0.0,0.0,27.9,28.41,0.197,0.44
2024,7,Mullaitivu,LK45,-0.499999999999999,-0.866025403784438,0,1,0,0,0.0,35.8861803333333,99.5878166666666,1.9268292,23.414635,108.017863333333,0,9.2671,80.8128,75.08,6.19,29.4,78.91,6.38,1.280725311553852,52.32263183800479,0.0,0,0.0,0.0,27.34,28.59,0.033,0.298
2024,8,Mullaitivu,LK45,-0.866025403784438,-0.5,0,1,0,0,6.24390252,13.2926826666666,110.942010333333,0.0,1.9268292,99.5878166666666,0,9.2671,80.8128,78.96,5.07,29.6,75.08,6.19,1.280725311553852,52.32263183800479,0.0,0,0.0,0.0,26.73,28.16,0.267,0.197
2024,9,Mullaitivu,LK45,-1.0,-1.83697019872102e-16,0,1,0,0,11.5365855,12.4959343333333,46.035651,6.24390252,0.0,110.942010333333,0,9.2671,80.8128,77.3,5.69,29.0,78.96,5.07,1.280725311553852,52.32263183800479,0.0,0,0.0,0.0,26.45,27.9,0.115,0.033
2024,10,Mullaitivu,LK45,-0.866025403784438,0.5,0,0,1,0,267.4878,207.577226666666,156.040216666666,11.5365855,6.24390252,46.035651,1,9.2671,80.8128,80.81,3.53,29.36,77.3,5.69,1.280725311553852,52.32263183800479,0.0,0,0.0,0.0,26.44,27.34,-0.196,0.267
2024,11,Mullaitivu,LK45,-0.5,0.866025403784438,0,0,1,0,616.19514,602.674786666666,150.093271666666,267.4878,11.5365855,156.040216666666,1,9.2671,80.8128,83.34,5.1,28.47,80.81,3.53,1.280725311553852,52.32263183800479,0.5,3,0.5,0.0,26.45,26.73,-0.382,0.115
2024,12,Mullaitivu,LK45,-2.4492935982947e-16,1.0,0,0,0,1,95.804878,952.94308,44.2926446666666,616.19514,267.4878,150.093271666666,1,9.2671,80.8128,84.97,4.59,27.94,83.34,5.1,1.280725311553852,52.32263183800479,0.5,3,0.5,0.5,26.0,26.45,-0.331,-0.196
2017,1,Batticaloa,LK51,0.499999999999999,0.866025403784438,0,0,0,1,193.256103,488.162569999999,103.4415035,342.047038099999,341.994773642857,93.9431254095238,1,7.717,81.7,76.8,4.39,26.844285714285714,83.08571428571429,3.850000000000001,16.11894532271567,53.04398906960096,0.0,0,0.0,0.0,26.12,25.98,-0.086,-0.382
2017,2,Batticaloa,LK51,0.866025403784438,0.5,0,0,0,1,81.7317058,419.9878,96.896533,193.256103,342.047038099999,103.4415035,1,7.717,81.7,73.72,3.88,26.21,76.8,4.39,16.11894532271567,53.04398906960096,0.0,0,0.0,0.0,26.67,25.94,0.101,-0.31
2017,3,Batticaloa,LK51,1.0,6.12323399573676e-17,1,0,0,0,112.8048777,403.53659,172.483195333333,81.7317058,193.256103,96.896533,0,7.717,81.7,78.26,2.81,26.72,73.72,3.88,16.11894532271567,53.04398906960096,0.3333,1,0.3333,0.0,27.32,26.1,0.357,-0.086
2017,4,Batticaloa,LK51,0.866025403784438,-0.499999999999999,1,0,0,0,19.1341463,332.41057,42.876837,112.8048777,81.7317058,172.483195333333,0,7.717,81.7,73.4,2.17,27.52,78.26,2.81,16.11894532271567,53.04398906960096,0.0,0,0.0,0.3333,28.03,26.12,0.498,0.101
2017,5,Batticaloa,LK51,0.499999999999999,-0.866025403784438,0,1,0,0,29.4878056,185.398393333333,118.414911666666,19.1341463,112.8048777,42.876837,0,7.717,81.7,75.31,2.97,29.31,73.4,2.17,16.11894532271567,53.04398906960096,0.0,0,0.0,0.0,28.3,26.67,0.536,0.357
2017,6,Batticaloa,LK51,1.22464679914735e-16,-1.0,0,1,0,0,10.5243904999999,68.069104,117.582426666666,29.4878056,19.1341463,118.414911666666,0,7.717,81.7,73.3,3.46,29.43,75.31,2.97,16.11894532271567,53.04398906960096,0.0,0,0.0,0.0,28.06,27.32,0.424,0.498
2017,7,Batticaloa,LK51,-0.499999999999999,-0.866025403784438,0,1,0,0,40.256099,75.3983766666666,108.812873333333,10.5243904999999,29.4878056,117.582426666666,0,7.717,81.7,70.13,2.69,29.44,73.3,3.46,16.11894532271567,53.04398906960096,0.0,0,0.0,0.0,27.54,28.03,0.52,0.536
2017,8,Batticaloa,LK51,-0.866025403784438,-0.5,0,1,0,0,91.19512,128.483739999999,157.324706666666,40.256099,10.5243904999999,108.812873333333,0,7.717,81.7,71.44,2.85,29.71,70.13,2.69,16.11894532271567,53.04398906960096,0.0,0,0.0,0.0,26.7,28.3,0.349,0.424
2017,9,Batticaloa,LK51,-1.0,-1.83697019872102e-16,0,1,0,0,82.487804,204.321126666666,131.75794,91.19512,40.256099,157.324706666666,0,7.717,81.7,75.55,2.84,29.44,71.44,2.85,16.11894532271567,53.04398906960096,0.0,0,0.0,0.0,26.29,28.06,0.035,0.52
2017,10,Batticaloa,LK51,-0.866025403784438,0.5,0,0,1,0,190.585357999999,291.686983333333,100.52796,82.487804,91.19512,131.75794,1,7.717,81.7,77.85,2.44,28.62,75.55,2.84,16.11894532271567,53.04398906960096,0.3333,1,0.3333,0.0,26.15,27.54,0.015,0.349
2017,11,Batticaloa,LK51,-0.5,0.866025403784438,0,0,1,0,356.378048,531.971553333333,102.012757333333,190.585357999999,82.487804,100.52796,0,7.717,81.7,84.03,3.47,28.39,77.85,2.44,16.11894532271567,53.04398906960096,0.0,0,0.0,0.3333,25.74,26.7,0.289,0.035
2017,12,Batticaloa,LK51,-2.4492935982947e-16,1.0,0,0,0,1,133.8780497,669.447143333333,37.9199246666666,356.378048,190.585357999999,102.012757333333,0,7.717,81.7,81.04,3.58,27.17,84.03,3.47,16.11894532271567,53.04398906960096,0.0,0,0.0,0.0,25.62,26.29,0.11,0.015
2018,1,Batticaloa,LK51,0.499999999999999,0.866025403784438,0,0,0,1,59.1219533,600.378046666666,34.4934526666666,133.8780497,356.378048,37.9199246666666,1,7.717,81.7,79.95,3.82,26.66,81.04,3.58,15.820614455445506,52.71288612183167,0.3333,1,0.3333,0.0,25.57,26.15,-0.2,0.289
2018,2,Batticaloa,LK51,0.866025403784438,0.5,0,0,0,1,114.414637,364.117926666666,136.733380333333,59.1219533,133.8780497,34.4934526666666,0,7.717,81.7,79.71,3.88,25.83,79.95,3.82,15.820614455445506,52.71288612183167,0.6667,2,0.6667,0.3333,25.97,25.74,0.216,0.11
2018,3,Batticaloa,LK51,1.0,6.12323399573676e-17,1,0,0,0,83.158538,260.17073,138.054853333333,114.414637,59.1219533,136.733380333333,0,7.717,81.7,77.56,3.04,26.46,79.71,3.88,15.820614455445506,52.71288612183167,0.3333,1,0.3333,0.6667,26.48,25.62,-0.12,-0.2
2018,4,Batticaloa,LK51,0.866025403784438,-0.499999999999999,1,0,0,0,73.195124,288.08537,112.376163333333,83.158538,114.414637,138.054853333333,1,7.717,81.7,79.15,2.64,27.69,77.56,3.04,15.820614455445506,52.71288612183167,0.3333,1,0.3333,0.3333,27.31,25.57,-0.083,0.216
2018,5,Batticaloa,LK51,0.499999999999999,-0.866025403784438,0,1,0,0,65.353659,267.24798,197.203393333333,73.195124,83.158538,112.376163333333,0,7.717,81.7,82.24,2.82,28.5,79.15,2.64,15.820614455445506,52.71288612183167,0.6667,2,0.6667,0.3333,27.73,25.97,0.122,-0.12
2018,6,Batticaloa,LK51,1.22464679914735e-16,-1.0,0,1,0,0,10.2073172,167.01625,115.779035333333,65.353659,73.195124,197.203393333333,0,7.717,81.7,79.68,3.53,28.42,82.24,2.82,15.820614455445506,52.71288612183167,0.3333,1,0.3333,0.6667,27.77,26.48,0.155,-0.083
2018,7,Batticaloa,LK51,-0.499999999999999,-0.866025403784438,0,1,0,0,27.9878048999999,109.98374,83.1030476666666,10.2073172,65.353659,115.779035333333,0,7.717,81.7,75.22,3.82,28.46,79.68,3.53,15.820614455445506,52.71288612183167,0.3333,1,0.3333,0.3333,27.42,27.31,0.053,0.122
2018,8,Batticaloa,LK51,-0.866025403784438,-0.5,0,1,0,0,98.634146,116.573168333333,158.643184333333,27.9878048999999,10.2073172,83.1030476666666,0,7.717,81.7,72.3,3.9,28.43,75.22,3.82,15.820614455445506,52.71288612183167,0.0,0,0.0,0.3333,26.94,27.73,0.121,0.155
2018,9,Batticaloa,LK51,-1.0,-1.83697019872102e-16,0,1,0,0,48.8902439999999,153.3496,76.5001396666666,98.634146,27.9878048999999,158.643184333333,0,7.717,81.7,73.04,2.88,28.66,72.3,3.9,15.820614455445506,52.71288612183167,0.0,0,0.0,0.0,27.19,27.77,0.604,0.053
2018,10,Batticaloa,LK51,-0.866025403784438,0.5,0,0,1,0,231.13414,305.31707,134.655462333333,48.8902439999999,98.634146,76.5001396666666,0,7.717,81.7,80.72,2.86,28.72,73.04,2.88,15.820614455445506,52.71288612183167,0.3333,1,0.3333,0.0,27.62,27.42,0.684,0.121
2018,11,Batticaloa,LK51,-0.5,0.866025403784438,0,0,1,0,322.792686,581.699213333333,94.997775,231.13414,48.8902439999999,134.655462333333,0,7.717,81.7,82.84,3.2,27.44,80.72,2.86,15.820614455445506,52.71288612183167,0.3333,1,0.3333,0.3333,27.61,26.94,0.5,0.604
2018,12,Batticaloa,LK51,-2.4492935982947e-16,1.0,0,0,0,1,244.890253,776.101576666666,67.0655513333333,322.792686,231.13414,94.997775,1,7.717,81.7,83.17,3.73,27.11,82.84,3.2,15.820614455445506,52.71288612183167,0.0,0,0.0,0.3333,27.49,27.19,0.309,0.684
2019,1,Batticaloa,LK51,0.499999999999999,0.866025403784438,0,0,0,1,49.9756103999999,681.674766666666,27.4966974333333,244.890253,322.792686,67.0655513333333,0,7.717,81.7,80.51,4.4,26.57,83.17,3.73,15.52228358817534,52.38178317406239,0.6667,2,0.6667,0.0,27.19,27.62,0.387,0.5
2019,2,Batticaloa,LK51,0.866025403784438,0.5,0,0,0,1,143.792685,494.495963333333,109.322841666666,49.9756103999999,244.890253,27.4966974333333,1,7.717,81.7,79.83,3.82,26.03,80.51,4.4,15.52228358817534,52.38178317406239,0.3333,1,0.3333,0.6667,27.46,27.61,0.416,0.309
2019,3,Batticaloa,LK51,1.0,6.12323399573676e-17,1,0,0,0,9.2195119,249.292686666666,33.5976303333333,143.792685,49.9756103999999,109.322841666666,0,7.717,81.7,73.32,3.21,27.28,79.83,3.82,15.52228358817534,52.38178317406239,0.0,0,0.0,0.3333,28.09,27.49,0.225,0.387
2019,4,Batticaloa,LK51,0.866025403784438,-0.499999999999999,1,0,0,0,61.304878,207.349583333333,97.3710723333333,9.2195119,143.792685,33.5976303333333,0,7.717,81.7,72.02,2.71,28.19,73.32,3.21,15.52228358817534,52.38178317406239,0.0,0,0.0,0.0,28.44,27.19,0.258,0.416
2019,5,Batticaloa,LK51,0.499999999999999,-0.866025403784438,0,1,0,0,8.768293,84.4593546666666,59.6501233333333,61.304878,9.2195119,97.3710723333333,0,7.717,81.7,72.47,3.17,29.46,72.02,2.71,15.52228358817534,52.38178317406239,0.0,0,0.0,0.0,28.48,27.46,0.54,0.225
2019,6,Batticaloa,LK51,1.22464679914735e-16,-1.0,0,1,0,0,13.4756101999999,81.3414616666666,130.652226666666,8.768293,61.304878,59.6501233333333,0,7.717,81.7,69.67,3.3,30.42,72.47,3.17,15.52228358817534,52.38178317406239,0.3333,1,0.3333,0.0,28.18,28.09,0.605,0.258
2019,7,Batticaloa,LK51,-0.499999999999999,-0.866025403784438,0,1,0,0,35.317074,68.8577233333333,96.9109783333333,13.4756101999999,8.768293,130.652226666666,0,7.717,81.7,70.99,3.39,30.52,69.67,3.3,15.52228358817534,52.38178317406239,0.0,0,0.0,0.3333,27.64,28.44,0.597,0.54
2019,8,Batticaloa,LK51,-0.866025403784438,-0.5,0,1,0,0,136.524386,147.499996666666,220.989683333333,35.317074,13.4756101999999,96.9109783333333,0,7.717,81.7,72.44,3.76,29.69,70.99,3.39,15.52228358817534,52.38178317406239,0.0,0,0.0,0.0,26.9,28.48,0.436,0.605
2019,9,Batticaloa,LK51,-1.0,-1.83697019872102e-16,0,1,0,0,114.47561,241.678866666666,172.105503333333,136.524386,35.317074,220.989683333333,1,7.717,81.7,79.46,3.11,29.05,72.44,3.76,15.52228358817534,52.38178317406239,0.0,0,0.0,0.0,26.75,28.18,0.892,0.597
2019,10,Batticaloa,LK51,-0.866025403784438,0.5,0,0,1,0,300.963422,400.07725,135.995581999999,114.47561,136.524386,172.105503333333,1,7.717,81.7,82.2,2.42,28.13,79.46,3.11,15.52228358817534,52.38178317406239,0.3333,1,0.3333,0.0,27.2,27.64,0.964,0.436
2019,11,Batticaloa,LK51,-0.5,0.866025403784438,0,0,1,0,363.512203,606.272356666666,100.567279,300.963422,114.47561,135.995581999999,1,7.717,81.7,81.35,2.72,27.28,82.2,2.42,15.52228358817534,52.38178317406239,0.3333,1,0.3333,0.3333,27.22,26.9,0.835,0.892
2019,12,Batticaloa,LK51,-2.4492935982947e-16,1.0,0,0,0,1,479.329283,1120.17483333333,130.771846666666,363.512203,300.963422,100.567279,0,7.717,81.7,82.84,3.97,27.69,81.35,2.72,15.52228358817534,52.38178317406239,0.3333,1,0.3333,0.3333,27.12,26.75,0.243,0.964
2020,1,Batticaloa,LK51,0.499999999999999,0.866025403784438,0,0,0,1,23.0731707,1021.99191,16.50923,479.329283,363.512203,130.771846666666,0,7.717,81.7,78.62,3.96,27.07,82.84,3.97,15.223952720905173,52.0506802262931,0.3333,1,0.3333,0.3333,27.15,27.2,0.173,0.835
2020,2,Batticaloa,LK51,0.866025403784438,0.5,0,0,0,1,15.9756102,728.069133333333,27.3106193333333,23.0731707,479.329283,16.50923,0,7.717,81.7,78.01,4.23,26.94,78.62,3.96,15.223952720905173,52.0506802262931,0.6667,2,0.6667,0.3333,27.12,27.22,0.054,0.243
2020,3,Batticaloa,LK51,1.0,6.12323399573676e-17,1,0,0,0,11.5365857,121.674796666666,36.3572156666666,15.9756102,23.0731707,27.3106193333333,0,7.717,81.7,74.01,3.11,26.84,78.01,4.23,15.223952720905173,52.0506802262931,0.3333,1,0.3333,0.6667,27.76,27.12,0.019,0.173
2020,4,Batticaloa,LK51,0.866025403784438,-0.499999999999999,1,0,0,0,33.182926,56.2235746666666,61.656855,11.5365857,15.9756102,36.3572156666666,0,7.717,81.7,76.11,2.94,27.88,74.01,3.11,15.223952720905173,52.0506802262931,0.3333,1,0.3333,0.3333,28.18,27.15,-0.011,0.054
2020,5,Batticaloa,LK51,0.499999999999999,-0.866025403784438,0,1,0,0,50.268293,87.5,146.369063333333,33.182926,11.5365857,61.656855,0,7.717,81.7,76.32,2.87,29.11,76.11,2.94,15.223952720905173,52.0506802262931,0.0,0,0.0,0.3333,27.66,27.12,0.298,0.019
2020,6,Batticaloa,LK51,1.22464679914735e-16,-1.0,0,1,0,0,20.7073173,95.0406516666666,160.593487,50.268293,33.182926,146.369063333333,0,7.717,81.7,72.56,3.12,29.66,76.32,2.87,15.223952720905173,52.0506802262931,0.0,0,0.0,0.0,27.39,27.76,0.455,-0.011
2020,7,Batticaloa,LK51,-0.499999999999999,-0.866025403784438,0,1,0,0,72.914635,125.719511666666,167.818773333333,20.7073173,50.268293,160.593487,0,7.717,81.7,76.04,3.18,29.6,72.56,3.12,15.223952720905173,52.0506802262931,0.3333,1,0.3333,0.0,26.99,28.18,0.319,0.298
2020,8,Batticaloa,LK51,-0.866025403784438,-0.5,0,1,0,0,40.134146,133.890239999999,83.5135096666666,72.914635,20.7073173,167.818773333333,0,7.717,81.7,72.94,3.19,28.6,76.04,3.18,15.223952720905173,52.0506802262931,0.0,0,0.0,0.3333,26.26,27.66,-0.183,0.455
2020,9,Batticaloa,LK51,-1.0,-1.83697019872102e-16,0,1,0,0,178.012194,239.865853333333,245.108649999999,40.134146,72.914635,83.5135096666666,0,7.717,81.7,74.44,3.01,29.08,72.94,3.19,15.223952720905173,52.0506802262931,0.0,0,0.0,0.0,25.89,27.39,-0.189,0.319
2020,10,Batticaloa,LK51,-0.866025403784438,0.5,0,0,1,0,135.939018,318.711386666666,70.08673,178.012194,40.134146,245.108649999999,0,7.717,81.7,73.34,2.72,28.53,74.44,3.01,15.223952720905173,52.0506802262931,0.0,0,0.0,0.0,25.46,26.99,0.074,-0.183
2020,11,Batticaloa,LK51,-0.5,0.866025403784438,0,0,1,0,252.865852,510.686966666666,75.4396316666666,135.939018,178.012194,70.08673,0,7.717,81.7,82.69,2.98,28.82,73.34,2.72,15.223952720905173,52.0506802262931,0.0,0,0.0,0.0,25.28,26.26,0.02,-0.189
2020,12,Batticaloa,LK51,-2.4492935982947e-16,1.0,0,0,0,1,470.4634,755.3618,131.110453333333,252.865852,135.939018,75.4396316666666,0,7.717,81.7,84.05,3.8,27.54,82.69,2.98,15.223952720905173,52.0506802262931,0.0,0,0.0,0.0,25.44,25.89,0.031,0.074
2021,1,Batticaloa,LK51,0.499999999999999,0.866025403784438,0,0,0,1,416.63415,1108.04883333333,173.210383333333,470.4634,252.865852,131.110453333333,0,7.717,81.7,84.15,3.76,26.75,84.05,3.8,14.925621853635006,51.719577278523815,0.0,0,0.0,0.0,25.55,25.46,0.051,0.02
2021,2,Batticaloa,LK51,0.866025403784438,0.5,0,0,0,1,85.97561,1033.73989999999,72.8390023333333,416.63415,470.4634,173.210383333333,0,7.717,81.7,80.24,4.02,26.45,84.15,3.76,14.925621853635006,51.719577278523815,0.3333,1,0.3333,0.0,25.75,25.28,0.243,0.031
2021,3,Batticaloa,LK51,1.0,6.12323399573676e-17,1,0,0,0,75.9756089999999,709.308933333333,126.856896666666,85.97561,416.63415,72.8390023333333,0,7.717,81.7,78.72,2.94,26.68,80.24,4.02,14.925621853635006,51.719577278523815,0.3333,1,0.3333,0.3333,26.48,25.44,0.267,0.051
2021,4,Batticaloa,LK51,0.866025403784438,-0.499999999999999,1,0,0,0,67.073171,302.536596666666,102.194612666666,75.9756089999999,85.97561,126.856896666666,0,7.717,81.7,77.95,2.2,27.4,78.72,2.94,14.925621853635006,51.719577278523815,0.0,0,0.0,0.3333,27.1,25.55,0.25,0.243
2021,5,Batticaloa,LK51,0.499999999999999,-0.866025403784438,0,1,0,0,39.3414634,179.138213333333,125.294589999999,67.073171,75.9756089999999,102.194612666666,0,7.717,81.7,80.14,3.11,28.49,77.95,2.2,14.925621853635006,51.719577278523815,0.0,0,0.0,0.0,27.47,25.75,0.009,0.267
2021,6,Batticaloa,LK51,1.22464679914735e-16,-1.0,0,1,0,0,10.9756098,148.735776666666,118.99167,39.3414634,67.073171,125.294589999999,0,7.717,81.7,77.51,3.08,28.85,80.14,3.11,14.925621853635006,51.719577278523815,0.3333,1,0.3333,0.0,27.45,26.48,-0.002,0.25
2021,7,Batticaloa,LK51,-0.499999999999999,-0.866025403784438,0,1,0,0,64.219512,125.52439,155.990636666666,10.9756098,39.3414634,118.99167,0,7.717,81.7,76.98,3.61,28.76,77.51,3.08,14.925621853635006,51.719577278523815,0.0,0,0.0,0.3333,26.9,27.1,-0.229,0.009
2021,8,Batticaloa,LK51,-0.866025403784438,-0.5,0,1,0,0,65.829269,124.394311666666,115.889308333333,64.219512,10.9756098,155.990636666666,0,7.717,81.7,75.39,3.19,28.71,76.98,3.61,14.925621853635006,51.719577278523815,0.0,0,0.0,0.0,26.32,27.47,-0.099,-0.002
2021,9,Batticaloa,LK51,-1.0,-1.83697019872102e-16,0,1,0,0,113.707316999999,206.971553333333,158.826263333333,65.829269,64.219512,115.889308333333,0,7.717,81.7,78.32,2.76,28.62,75.39,3.19,14.925621853635006,51.719577278523815,0.0,0,0.0,0.0,26.17,27.45,-0.058,-0.229
2021,10,Batticaloa,LK51,-0.866025403784438,0.5,0,0,1,0,245.475609,359.601633333333,146.79321,113.707316999999,65.829269,158.826263333333,0,7.717,81.7,80.57,2.92,28.54,78.32,2.76,14.925621853635006,51.719577278523815,0.0,0,0.0,0.0,25.77,26.9,-0.091,-0.099
2021,11,Batticaloa,LK51,-0.5,0.866025403784438,0,0,1,0,434.08537,676.223586666666,124.18269,245.475609,113.707316999999,146.79321,0,7.717,81.7,82.5,2.93,27.94,80.57,2.92,14.925621853635006,51.719577278523815,0.0,0,0.0,0.0,25.76,26.32,0.069,-0.058
2021,12,Batticaloa,LK51,-2.4492935982947e-16,1.0,0,0,0,1,126.402441,808.28048,33.6528671999999,434.08537,245.475609,124.18269,1,7.717,81.7,80.0,3.62,27.27,82.5,2.93,14.925621853635006,51.719577278523815,0.0,0,0.0,0.0,25.54,26.17,-0.12,-0.091
2022,1,Batticaloa,LK51,0.499999999999999,0.866025403784438,0,0,0,1,72.8414631999999,706.056916666666,33.2923533333333,126.402441,434.08537,33.6528671999999,0,7.717,81.7,81.17,3.84,27.0,80.0,3.62,14.62729098636484,51.38847433075453,0.6667,2,0.6667,0.0,25.6,25.77,-0.056,0.069
2022,2,Batticaloa,LK51,0.866025403784438,0.5,0,0,0,1,204.475607,486.971543333333,198.586269999999,72.8414631999999,126.402441,33.2923533333333,0,7.717,81.7,80.57,3.88,26.54,81.17,3.84,14.62729098636484,51.38847433075453,0.6667,2,0.6667,0.6667,25.86,25.76,-0.082,-0.12
2022,3,Batticaloa,LK51,1.0,6.12323399573676e-17,1,0,0,0,92.2317046,398.089436666666,143.777241333333,204.475607,72.8414631999999,198.586269999999,1,7.717,81.7,81.03,3.27,26.62,80.57,3.88,14.62729098636484,51.38847433075453,0.0,0,0.0,0.6667,26.31,25.54,-0.093,-0.056
2022,4,Batticaloa,LK51,0.866025403784438,-0.499999999999999,1,0,0,0,83.8902446,374.398366666666,126.225979333333,92.2317046,204.475607,143.777241333333,1,7.717,81.7,80.17,2.22,27.69,81.03,3.27,14.62729098636484,51.38847433075453,0.6667,2,0.6667,0.0,26.7,25.6,-0.068,-0.082
2022,5,Batticaloa,LK51,0.499999999999999,-0.866025403784438,0,1,0,0,16.8292687,250.63821,73.96791,83.8902446,92.2317046,126.225979333333,0,7.717,81.7,80.91,3.33,28.41,80.17,2.22,14.62729098636484,51.38847433075453,0.0,0,0.0,0.6667,26.82,25.86,-0.122,-0.093
2022,6,Batticaloa,LK51,1.22464679914735e-16,-1.0,0,1,0,0,8.963415,116.223576666666,112.828073333333,16.8292687,83.8902446,73.96791,0,7.717,81.7,79.81,2.97,28.95,80.91,3.33,14.62729098636484,51.38847433075453,0.0,0,0.0,0.0,26.98,26.31,-0.335,-0.068
2022,7,Batticaloa,LK51,-0.499999999999999,-0.866025403784438,0,1,0,0,76.3414652,70.9634156666666,172.24734,8.963415,16.8292687,112.828073333333,0,7.717,81.7,77.2,3.33,28.35,79.81,2.97,14.62729098636484,51.38847433075453,0.0,0,0.0,0.0,26.6,26.7,-0.195,-0.122
2022,8,Batticaloa,LK51,-0.866025403784438,-0.5,0,1,0,0,136.8414627,171.894306666666,226.875542666666,76.3414652,8.963415,172.24734,0,7.717,81.7,77.32,3.33,28.25,77.2,3.33,14.62729098636484,51.38847433075453,0.0,0,0.0,0.0,25.88,26.82,-0.246,-0.335
2022,9,Batticaloa,LK51,-1.0,-1.83697019872102e-16,0,1,0,0,45.329268,254.1382,77.9640373333333,136.8414627,76.3414652,226.875542666666,0,7.717,81.7,77.03,2.54,28.09,77.32,3.33,14.62729098636484,51.38847433075453,0.3333,1,0.3333,0.0,25.65,26.98,-0.322,-0.195
2022,10,Batticaloa,LK51,-0.866025403784438,0.5,0,0,1,0,221.987809,358.138213333333,119.474245,45.329268,136.8414627,77.9640373333333,0,7.717,81.7,77.44,2.84,28.31,77.03,2.54,14.62729098636484,51.38847433075453,0.0,0,0.0,0.3333,25.73,26.6,-0.691,-0.246
2022,11,Batticaloa,LK51,-0.5,0.866025403784438,0,0,1,0,291.7439065,585.4756,88.010408,221.987809,45.329268,119.474245,0,7.717,81.7,81.64,3.06,27.87,77.44,2.84,14.62729098636484,51.38847433075453,0.0,0,0.0,0.0,25.8,25.88,-0.269,-0.322
2022,12,Batticaloa,LK51,-2.4492935982947e-16,1.0,0,0,0,1,440.036579999999,816.739833333333,121.722711333333,291.7439065,221.987809,88.010408,0,7.717,81.7,84.2,4.22,26.8,81.64,3.06,14.62729098636484,51.38847433075453,0.0,0,0.0,0.0,25.75,25.65,-0.091,-0.691
2023,1,Batticaloa,LK51,0.499999999999999,0.866025403784438,0,0,0,1,189.1585266,896.699246666666,99.6710963333333,440.036579999999,291.7439065,121.722711333333,1,7.717,81.7,80.92,4.72,26.38,84.2,4.22,14.328960119094674,51.057371382985245,0.6667,2,0.6667,0.0,25.83,25.73,0.11,-0.269
2023,2,Batticaloa,LK51,0.866025403784438,0.5,0,0,0,1,155.463416,770.91869,142.767841666666,189.1585266,440.036579999999,99.6710963333333,1,7.717,81.7,80.25,4.29,25.91,80.92,4.72,14.328960119094674,51.057371382985245,0.3333,1,0.3333,0.6667,26.29,25.8,0.157,-0.091
2023,3,Batticaloa,LK51,1.0,6.12323399573676e-17,1,0,0,0,147.719509999999,596.621953333333,235.449681666666,155.463416,189.1585266,142.767841666666,0,7.717,81.7,79.4,3.18,26.38,80.25,4.29,14.328960119094674,51.057371382985245,0.3333,1,0.3333,0.3333,27.17,25.75,0.414,0.11
2023,4,Batticaloa,LK51,0.866025403784438,-0.499999999999999,1,0,0,0,58.5121935999999,442.857716666666,97.0035196666666,147.719509999999,155.463416,235.449681666666,0,7.717,81.7,75.57,2.48,27.62,79.4,3.18,14.328960119094674,51.057371382985245,0.3333,1,0.3333,0.3333,27.96,25.83,0.56,0.157
2023,5,Batticaloa,LK51,0.499999999999999,-0.866025403784438,0,1,0,0,103.085372,341.43495,243.352763333333,58.5121935999999,147.719509999999,97.0035196666666,0,7.717,81.7,79.68,2.98,29.1,75.57,2.48,14.328960119094674,51.057371382985245,0.0,0,0.0,0.3333,28.39,26.29,0.443,0.414
2023,6,Batticaloa,LK51,1.22464679914735e-16,-1.0,0,1,0,0,32.304877,220.219509999999,220.53575,103.085372,58.5121935999999,243.352763333333,0,7.717,81.7,77.57,3.04,28.97,79.68,2.98,14.328960119094674,51.057371382985245,0.0,0,0.0,0.0,28.57,27.17,0.665,0.56
2023,7,Batticaloa,LK51,-0.499999999999999,-0.866025403784438,0,1,0,0,28.4146348,191.26017,86.0339953333333,32.304877,103.085372,220.53575,0,7.717,81.7,74.23,3.45,29.33,77.57,3.04,14.328960119094674,51.057371382985245,0.3333,1,0.3333,0.0,28.32,27.96,0.498,0.443
2023,8,Batticaloa,LK51,-0.866025403784438,-0.5,0,1,0,0,24.4756102,81.8495983333333,56.3732896666666,28.4146348,32.304877,86.0339953333333,0,7.717,81.7,72.68,2.94,29.19,74.23,3.45,14.328960119094674,51.057371382985245,0.0,0,0.0,0.3333,28.2,28.39,0.826,0.665
2023,9,Batticaloa,LK51,-1.0,-1.83697019872102e-16,0,1,0,0,131.243899,136.987812,171.426346666666,24.4756102,28.4146348,56.3732896666666,0,7.717,81.7,79.91,3.68,29.59,72.68,2.94,14.328960119094674,51.057371382985245,0.0,0,0.0,0.0,28.32,28.57,0.946,0.498
2023,10,Batticaloa,LK51,-0.866025403784438,0.5,0,0,1,0,191.292685,291.695123333333,113.487802333333,131.243899,24.4756102,171.426346666666,1,7.717,81.7,82.52,2.73,28.38,79.91,3.68,14.328960119094674,51.057371382985245,0.0,0,0.0,0.0,28.44,28.32,0.804,0.826
2023,11,Batticaloa,LK51,-0.5,0.866025403784438,0,0,1,0,372.58535,583.556893333333,108.764954666666,191.292685,131.243899,113.487802333333,0,7.717,81.7,83.21,2.6,27.62,82.52,2.73,14.328960119094674,51.057371382985245,0.0,0,0.0,0.0,28.72,28.2,0.92,0.946
2023,12,Batticaloa,LK51,-2.4492935982947e-16,1.0,0,0,0,1,499.32926,913.056916666666,135.358523333333,372.58535,191.292685,108.764954666666,0,7.717,81.7,86.3,4.03,27.61,83.21,2.6,14.328960119094674,51.057371382985245,0.0,0,0.0,0.0,28.62,28.32,0.852,0.804
2024,1,Batticaloa,LK51,0.499999999999999,0.866025403784438,0,0,0,1,378.780492,1273.9919,146.622001333333,499.32926,372.58535,135.358523333333,1,7.717,81.7,81.4,3.85,27.48,86.3,4.03,14.030629251824507,50.72626843521597,0.0,0,0.0,0.0,28.35,28.44,0.765,0.92
2024,2,Batticaloa,LK51,0.866025403784438,0.5,0,0,0,1,22.3780489999999,1014.07313333333,35.547088,378.780492,499.32926,146.622001333333,1,7.717,81.7,80.82,4.28,26.99,81.4,3.85,14.030629251824507,50.72626843521597,1.0,3,1.0,0.0,28.27,28.72,0.327,0.852
2024,3,Batticaloa,LK51,1.0,6.12323399573676e-17,1,0,0,0,34.707317,629.256126666666,69.4382763333333,22.3780489999999,378.780492,35.547088,1,7.717,81.7,77.21,3.17,27.49,80.82,4.28,14.030629251824507,50.72626843521597,1.0,3,1.0,1.0,28.41,28.62,0.421,0.765
2024,4,Batticaloa,LK51,0.866025403784438,-0.499999999999999,1,0,0,0,38.4390228,120.57317,66.0663233333333,34.707317,22.3780489999999,69.4382763333333,0,7.717,81.7,76.74,2.69,28.06,77.21,3.17,14.030629251824507,50.72626843521597,1.0,3,1.0,1.0,28.59,28.35,0.44,0.327
2024,5,Batticaloa,LK51,0.499999999999999,-0.866025403784438,0,1,0,0,42.731708,112.191048333333,134.447023333333,38.4390228,34.707317,66.0663233333333,0,7.717,81.7,79.29,3.15,29.76,76.74,2.69,14.030629251824507,50.72626843521597,0.0,0,0.0,1.0,28.16,28.27,0.298,0.421
2024,6,Batticaloa,LK51,1.22464679914735e-16,-1.0,0,1,0,0,6.7926826,104.524386666666,101.187966666666,42.731708,38.4390228,134.447023333333,0,7.717,81.7,76.19,3.54,29.82,79.29,3.15,14.030629251824507,50.72626843521597,0.0,0,0.0,0.0,27.9,28.41,0.197,0.44
2024,7,Batticaloa,LK51,-0.499999999999999,-0.866025403784438,0,1,0,0,15.6951217,73.4512199999999,59.5375866666666,6.7926826,42.731708,101.187966666666,0,7.717,81.7,71.37,3.75,29.59,76.19,3.54,14.030629251824507,50.72626843521597,0.0,0,0.0,0.0,27.34,28.59,0.033,0.298
2024,8,Batticaloa,LK51,-0.866025403784438,-0.5,0,1,0,0,75.97561,86.1422766666666,131.287204666666,15.6951217,6.7926826,59.5375866666666,0,7.717,81.7,74.89,3.06,29.81,71.37,3.75,14.030629251824507,50.72626843521597,0.0,0,0.0,0.0,26.73,28.16,0.267,0.197
2024,9,Batticaloa,LK51,-1.0,-1.83697019872102e-16,0,1,0,0,31.6707312,110.402436666666,55.0453503333333,75.97561,15.6951217,131.287204666666,0,7.717,81.7,72.87,3.14,29.42,74.89,3.06,14.030629251824507,50.72626843521597,0.0,0,0.0,0.0,26.45,27.9,0.115,0.033
2024,10,Batticaloa,LK51,-0.866025403784438,0.5,0,0,1,0,262.52439,285.17073,152.069871666666,31.6707312,75.97561,55.0453503333333,1,7.717,81.7,79.65,2.12,29.74,72.87,3.14,14.030629251824507,50.72626843521597,0.0,0,0.0,0.0,26.44,27.34,-0.196,0.267
2024,11,Batticaloa,LK51,-0.5,0.866025403784438,0,0,1,0,490.121943,564.85772,136.004951,262.52439,31.6707312,152.069871666666,1,7.717,81.7,83.96,3.78,28.39,79.65,2.12,14.030629251824507,50.72626843521597,1.0,3,1.0,0.0,26.45,26.73,-0.382,0.115
2024,12,Batticaloa,LK51,-2.4492935982947e-16,1.0,0,0,0,1,160.012192,851.398376666666,45.933975,490.121943,262.52439,136.004951,1,7.717,81.7,84.07,3.01,27.7,83.96,3.78,14.030629251824507,50.72626843521597,1.0,3,1.0,1.0,26.0,26.45,-0.331,-0.196
2017,1,Ampara,LK52,0.499999999999999,0.866025403784438,0,0,0,1,197.578229,484.433113333333,96.4727993333333,327.013602571428,327.047619957142,95.8643406190476,0,7.2913,81.6722,76.8,4.39,26.844285714285714,83.08571428571429,3.850000000000001,4.338587672759556,17.690260737052746,0.0,0,0.0,0.0,26.12,25.98,-0.086,-0.382
2017,2,Ampara,LK52,0.866025403784438,0.5,0,0,0,1,129.510208999999,441.87753,102.688726333333,197.578229,327.013602571428,96.4727993333333,0,7.2913,81.6722,73.72,3.88,26.21,76.8,4.39,4.338587672759556,17.690260737052746,0.5,3,0.5,0.0,26.67,25.94,0.101,-0.31
2017,3,Ampara,LK52,1.0,6.12323399573676e-17,1,0,0,0,140.5102063,470.943286666666,170.185317666666,129.510208999999,197.578229,102.688726333333,0,7.2913,81.6722,78.26,2.81,26.72,73.72,3.88,4.338587672759556,17.690260737052746,0.5,3,0.5,0.5,27.32,26.1,0.357,-0.086
2017,4,Ampara,LK52,0.866025403784438,-0.499999999999999,1,0,0,0,42.6938766,420.839016666666,50.5843879999999,140.5102063,129.510208999999,170.185317666666,0,7.2913,81.6722,73.4,2.17,27.52,78.26,2.81,4.338587672759556,17.690260737052746,0.0,0,0.0,0.5,28.03,26.12,0.498,0.101
2017,5,Ampara,LK52,0.499999999999999,-0.866025403784438,0,1,0,0,111.564625,300.1746,146.660981333333,42.6938766,140.5102063,50.5843879999999,0,7.2913,81.6722,75.31,2.97,29.31,73.4,2.17,4.338587672759556,17.690260737052746,0.1667,1,0.1667,0.0,28.3,26.67,0.536,0.357
2017,6,Ampara,LK52,1.22464679914735e-16,-1.0,0,1,0,0,39.9115649999999,200.199556666666,130.124299999999,111.564625,42.6938766,146.660981333333,0,7.2913,81.6722,73.3,3.46,29.43,75.31,2.97,4.338587672759556,17.690260737052746,0.0,0,0.0,0.1667,28.06,27.32,0.424,0.498
2017,7,Ampara,LK52,-0.499999999999999,-0.866025403784438,0,1,0,0,41.557822,192.056696666666,98.9144499999999,39.9115649999999,111.564625,130.124299999999,0,7.2913,81.6722,70.13,2.69,29.44,73.3,3.46,4.338587672759556,17.690260737052746,0.0,0,0.0,0.0,27.54,28.03,0.52,0.536
2017,8,Ampara,LK52,-0.866025403784438,-0.5,0,1,0,0,98.33333,208.94331,152.437293333333,41.557822,39.9115649999999,98.9144499999999,0,7.2913,81.6722,71.44,2.85,29.71,70.13,2.69,4.338587672759556,17.690260737052746,0.0,0,0.0,0.0,26.7,28.3,0.349,0.424
2017,9,Ampara,LK52,-1.0,-1.83697019872102e-16,0,1,0,0,79.523811,219.058966666666,128.230855,98.33333,41.557822,152.437293333333,1,7.2913,81.6722,75.55,2.84,29.44,71.44,2.85,4.338587672759556,17.690260737052746,0.0,0,0.0,0.0,26.29,28.06,0.035,0.52
2017,10,Ampara,LK52,-0.866025403784438,0.5,0,0,1,0,199.43537,301.616786666666,104.204934666666,79.523811,98.33333,128.230855,0,7.2913,81.6722,77.85,2.44,28.62,75.55,2.84,4.338587672759556,17.690260737052746,0.1667,1,0.1667,0.0,26.15,27.54,0.015,0.349
2017,11,Ampara,LK52,-0.5,0.866025403784438,0,0,1,0,386.66666,534.18593,116.461351333333,199.43537,79.523811,104.204934666666,0,7.2913,81.6722,84.03,3.47,28.39,77.85,2.44,4.338587672759556,17.690260737052746,0.1667,1,0.1667,0.1667,25.74,26.7,0.289,0.035
2017,12,Ampara,LK52,-2.4492935982947e-16,1.0,0,0,0,1,163.53741,720.911573333333,48.1003399999999,386.66666,199.43537,116.461351333333,1,7.2913,81.6722,81.04,3.58,27.17,84.03,3.47,4.338587672759556,17.690260737052746,0.1667,1,0.1667,0.1667,25.62,26.29,0.11,0.015
2018,1,Ampara,LK52,0.499999999999999,0.866025403784438,0,0,0,1,72.6530609,668.684853333333,39.192618,163.53741,386.66666,48.1003399999999,1,7.2913,81.6722,79.95,3.82,26.66,81.04,3.58,4.394051599005502,17.926235784560642,0.1667,1,0.1667,0.1667,25.57,26.15,-0.2,0.289
2018,2,Ampara,LK52,0.866025403784438,0.5,0,0,0,1,111.285716,444.301566666666,91.7938116666666,72.6530609,163.53741,39.192618,1,7.2913,81.6722,79.71,3.88,25.83,79.95,3.82,4.394051599005502,17.926235784560642,0.6667,4,0.6667,0.1667,25.97,25.74,0.216,0.11
2018,3,Ampara,LK52,1.0,6.12323399573676e-17,1,0,0,0,113.108844,307.05897,140.513973333333,111.285716,72.6530609,91.7938116666666,0,7.2913,81.6722,77.56,3.04,26.46,79.71,3.88,4.394051599005502,17.926235784560642,0.3333,2,0.3333,0.6667,26.48,25.62,-0.12,-0.2
2018,4,Ampara,LK52,0.866025403784438,-0.499999999999999,1,0,0,0,108.884351,350.439916666666,109.891288666666,113.108844,111.285716,140.513973333333,1,7.2913,81.6722,79.15,2.64,27.69,77.56,3.04,4.394051599005502,17.926235784560642,0.3333,2,0.3333,0.3333,27.31,25.57,-0.083,0.216
2018,5,Ampara,LK52,0.499999999999999,-0.866025403784438,0,1,0,0,192.761905,403.934266666666,226.97889,108.884351,113.108844,109.891288666666,1,7.2913,81.6722,82.24,2.82,28.5,79.15,2.64,4.394051599005502,17.926235784560642,0.5,3,0.5,0.3333,27.73,25.97,0.122,-0.12
2018,6,Ampara,LK52,1.22464679914735e-16,-1.0,0,1,0,0,37.5442175,361.467133333333,122.020983666666,192.761905,108.884351,226.97889,1,7.2913,81.6722,79.68,3.53,28.42,82.24,2.82,4.394051599005502,17.926235784560642,0.1667,1,0.1667,0.5,27.77,26.48,0.155,-0.083
2018,7,Ampara,LK52,-0.499999999999999,-0.866025403784438,0,1,0,0,34.4829924999999,279.358286666666,84.759912,37.5442175,192.761905,122.020983666666,0,7.2913,81.6722,75.22,3.82,28.46,79.68,3.53,4.394051599005502,17.926235784560642,0.1667,1,0.1667,0.1667,27.42,27.31,0.053,0.122
2018,8,Ampara,LK52,-0.866025403784438,-0.5,0,1,0,0,105.394554,202.916103333333,152.966603333333,34.4829924999999,37.5442175,84.759912,0,7.2913,81.6722,72.3,3.9,28.43,75.22,3.82,4.394051599005502,17.926235784560642,0.0,0,0.0,0.1667,26.94,27.73,0.121,0.155
2018,9,Ampara,LK52,-1.0,-1.83697019872102e-16,0,1,0,0,59.4081626999999,176.102026666666,86.343236,105.394554,34.4829924999999,152.966603333333,0,7.2913,81.6722,73.04,2.88,28.66,72.3,3.9,4.394051599005502,17.926235784560642,0.0,0,0.0,0.0,27.19,27.77,0.604,0.053
2018,10,Ampara,LK52,-0.866025403784438,0.5,0,0,1,0,276.258502,347.741496666666,153.487027999999,59.4081626999999,105.394554,86.343236,0,7.2913,81.6722,80.72,2.86,28.72,73.04,2.88,4.394051599005502,17.926235784560642,0.0,0,0.0,0.0,27.62,27.42,0.684,0.121
2018,11,Ampara,LK52,-0.5,0.866025403784438,0,0,1,0,288.619041,607.596376666666,90.0675386666666,276.258502,59.4081626999999,153.487027999999,0,7.2913,81.6722,82.84,3.2,27.44,80.72,2.86,4.394051599005502,17.926235784560642,0.1667,1,0.1667,0.0,27.61,26.94,0.5,0.604
2018,12,Ampara,LK52,-2.4492935982947e-16,1.0,0,0,0,1,253.925176,803.12925,74.6066913333333,288.619041,276.258502,90.0675386666666,0,7.2913,81.6722,83.17,3.73,27.11,82.84,3.2,4.394051599005502,17.926235784560642,0.0,0,0.0,0.1667,27.49,27.19,0.309,0.684
2019,1,Ampara,LK52,0.499999999999999,0.866025403784438,0,0,0,1,69.5986386,692.21998,35.3769053333333,253.925176,288.619041,74.6066913333333,1,7.2913,81.6722,80.51,4.4,26.57,83.17,3.73,4.449515525251449,18.162210832068546,0.5,3,0.5,0.0,27.19,27.62,0.387,0.5
2019,2,Ampara,LK52,0.866025403784438,0.5,0,0,0,1,213.945581,563.380966666666,136.408363333333,69.5986386,253.925176,35.3769053333333,0,7.2913,81.6722,79.83,3.82,26.03,80.51,4.4,4.449515525251449,18.162210832068546,0.0,0,0.0,0.5,27.46,27.61,0.416,0.309
2019,3,Ampara,LK52,1.0,6.12323399573676e-17,1,0,0,0,17.9863948,344.897936666666,36.1947536666666,213.945581,69.5986386,136.408363333333,0,7.2913,81.6722,73.32,3.21,27.28,79.83,3.82,4.449515525251449,18.162210832068546,0.1667,1,0.1667,0.0,28.09,27.49,0.225,0.387
2019,4,Ampara,LK52,0.866025403784438,-0.499999999999999,1,0,0,0,100.306123,313.165553333333,101.833196,17.9863948,213.945581,36.1947536666666,0,7.2913,81.6722,72.02,2.71,28.19,73.32,3.21,4.449515525251449,18.162210832068546,0.0,0,0.0,0.1667,28.44,27.19,0.258,0.416
2019,5,Ampara,LK52,0.499999999999999,-0.866025403784438,0,1,0,0,42.0544204,177.072563333333,63.8870476666666,100.306123,17.9863948,101.833196,0,7.2913,81.6722,72.47,3.17,29.46,72.02,2.71,4.449515525251449,18.162210832068546,0.0,0,0.0,0.0,28.48,27.46,0.54,0.225
2019,6,Ampara,LK52,1.22464679914735e-16,-1.0,0,1,0,0,40.591836,176.9365,129.355316666666,42.0544204,100.306123,63.8870476666666,0,7.2913,81.6722,69.67,3.3,30.42,72.47,3.17,4.449515525251449,18.162210832068546,0.1667,1,0.1667,0.0,28.18,28.09,0.605,0.258
2019,7,Ampara,LK52,-0.499999999999999,-0.866025403784438,0,1,0,0,52.6394559999999,160.43537,115.978241333333,40.591836,42.0544204,129.355316666666,0,7.2913,81.6722,70.99,3.39,30.52,69.67,3.3,4.449515525251449,18.162210832068546,0.0,0,0.0,0.1667,27.64,28.44,0.597,0.54
2019,8,Ampara,LK52,-0.866025403784438,-0.5,0,1,0,0,149.564628,217.562356666666,217.754123333333,52.6394559999999,40.591836,115.978241333333,0,7.2913,81.6722,72.44,3.76,29.69,70.99,3.39,4.449515525251449,18.162210832068546,0.0,0,0.0,0.0,26.9,28.48,0.436,0.605
2019,9,Ampara,LK52,-1.0,-1.83697019872102e-16,0,1,0,0,116.149659,278.43992,169.37687,149.564628,52.6394559999999,217.754123333333,1,7.2913,81.6722,79.46,3.11,29.05,72.44,3.76,4.449515525251449,18.162210832068546,0.0,0,0.0,0.0,26.75,28.18,0.892,0.597
2019,10,Ampara,LK52,-0.866025403784438,0.5,0,0,1,0,348.965994,460.9093,168.341226666666,116.149659,149.564628,169.37687,0,7.2913,81.6722,82.2,2.42,28.13,79.46,3.11,4.449515525251449,18.162210832068546,0.1667,1,0.1667,0.0,27.2,27.64,0.964,0.436
2019,11,Ampara,LK52,-0.5,0.866025403784438,0,0,1,0,395.068036,680.4195,117.623175999999,348.965994,116.149659,168.341226666666,0,7.2913,81.6722,81.35,2.72,27.28,82.2,2.42,4.449515525251449,18.162210832068546,0.1667,1,0.1667,0.1667,27.22,26.9,0.835,0.892
2019,12,Ampara,LK52,-2.4492935982947e-16,1.0,0,0,0,1,432.013614,1153.61903333333,124.325236666666,395.068036,348.965994,117.623175999999,0,7.2913,81.6722,82.84,3.97,27.69,81.35,2.72,4.449515525251449,18.162210832068546,0.1667,1,0.1667,0.1667,27.12,26.75,0.243,0.964
2020,1,Ampara,LK52,0.499999999999999,0.866025403784438,0,0,0,1,53.6666653,1022.64178333333,30.3304866666666,432.013614,395.068036,124.325236666666,1,7.2913,81.6722,78.62,3.96,27.07,82.84,3.97,4.504979451497396,18.39818587957644,0.6667,4,0.6667,0.1667,27.15,27.2,0.173,0.835
2020,2,Ampara,LK52,0.866025403784438,0.5,0,0,0,1,27.013605,726.09072,28.383746,53.6666653,432.013614,30.3304866666666,0,7.2913,81.6722,78.01,4.23,26.94,78.62,3.96,4.504979451497396,18.39818587957644,0.8333,5,0.8333,0.6667,27.12,27.22,0.054,0.243
2020,3,Ampara,LK52,1.0,6.12323399573676e-17,1,0,0,0,16.9047622999999,167.93197,34.9061053333333,27.013605,53.6666653,28.383746,0,7.2913,81.6722,74.01,3.11,26.84,78.01,4.23,4.504979451497396,18.39818587957644,0.3333,2,0.3333,0.8333,27.76,27.12,0.019,0.173
2020,4,Ampara,LK52,0.866025403784438,-0.499999999999999,1,0,0,0,57.4829923,105.301588333333,63.8943636666666,16.9047622999999,27.013605,34.9061053333333,0,7.2913,81.6722,76.11,2.94,27.88,74.01,3.11,4.504979451497396,18.39818587957644,0.0,0,0.0,0.3333,28.18,27.15,-0.011,0.054
2020,5,Ampara,LK52,0.499999999999999,-0.866025403784438,0,1,0,0,179.448978,206.67121,207.466373333333,57.4829923,16.9047622999999,63.8943636666666,0,7.2913,81.6722,76.32,2.87,29.11,76.11,2.94,4.504979451497396,18.39818587957644,0.0,0,0.0,0.0,27.66,27.12,0.298,0.019
2020,6,Ampara,LK52,1.22464679914735e-16,-1.0,0,1,0,0,51.4625855,268.56462,160.200986666666,179.448978,57.4829923,207.466373333333,1,7.2913,81.6722,72.56,3.12,29.66,76.32,2.87,4.504979451497396,18.39818587957644,0.0,0,0.0,0.0,27.39,27.76,0.455,-0.011
2020,7,Ampara,LK52,-0.499999999999999,-0.866025403784438,0,1,0,0,84.530611,309.226786666666,169.642793333333,51.4625855,179.448978,160.200986666666,0,7.2913,81.6722,76.04,3.18,29.6,72.56,3.12,4.504979451497396,18.39818587957644,0.0,0,0.0,0.0,26.99,28.18,0.319,0.298
2020,8,Ampara,LK52,-0.866025403784438,-0.5,0,1,0,0,52.4081616,230.609979999999,91.6463033333333,84.530611,51.4625855,169.642793333333,0,7.2913,81.6722,72.94,3.19,28.6,76.04,3.18,4.504979451497396,18.39818587957644,0.0,0,0.0,0.0,26.26,27.66,-0.183,0.455
2020,9,Ampara,LK52,-1.0,-1.83697019872102e-16,0,1,0,0,144.761903,258.056689999999,206.614503333333,52.4081616,84.530611,91.6463033333333,0,7.2913,81.6722,74.44,3.01,29.08,72.94,3.19,4.504979451497396,18.39818587957644,0.0,0,0.0,0.0,25.89,27.39,-0.189,0.319
2020,10,Ampara,LK52,-0.866025403784438,0.5,0,0,1,0,128.959182,298.421773333333,69.3823533333333,144.761903,52.4081616,206.614503333333,0,7.2913,81.6722,73.34,2.72,28.53,74.44,3.01,4.504979451497396,18.39818587957644,0.0,0,0.0,0.0,25.46,26.99,0.074,-0.183
2020,11,Ampara,LK52,-0.5,0.866025403784438,0,0,1,0,222.727896,446.886616666666,71.3198166666666,128.959182,144.761903,69.3823533333333,0,7.2913,81.6722,82.69,2.98,28.82,73.34,2.72,4.504979451497396,18.39818587957644,0.1667,1,0.1667,0.0,25.28,26.26,0.02,-0.189
2020,12,Ampara,LK52,-2.4492935982947e-16,1.0,0,0,0,1,386.476185,662.541926666666,114.578813333333,222.727896,128.959182,71.3198166666666,0,7.2913,81.6722,84.05,3.8,27.54,82.69,2.98,4.504979451497396,18.39818587957644,0.1667,1,0.1667,0.1667,25.44,25.89,0.031,0.074
2021,1,Ampara,LK52,0.499999999999999,0.866025403784438,0,0,0,1,369.5238,952.709713333333,152.185526666666,386.476185,222.727896,114.578813333333,1,7.2913,81.6722,84.15,3.76,26.75,84.05,3.8,4.560443377743342,18.63416092708433,0.0,0,0.0,0.1667,25.55,25.46,0.051,0.02
2021,2,Ampara,LK52,0.866025403784438,0.5,0,0,0,1,127.231296,932.891166666666,82.5480286666666,369.5238,386.476185,152.185526666666,1,7.2913,81.6722,80.24,4.02,26.45,84.15,3.76,4.560443377743342,18.63416092708433,0.1667,1,0.1667,0.0,25.75,25.28,0.243,0.031
2021,3,Ampara,LK52,1.0,6.12323399573676e-17,1,0,0,0,133.605444,695.693853333333,161.430436666666,127.231296,369.5238,82.5480286666666,0,7.2913,81.6722,78.72,2.94,26.68,80.24,4.02,4.560443377743342,18.63416092708433,0.1667,1,0.1667,0.1667,26.48,25.44,0.267,0.051
2021,4,Ampara,LK52,0.866025403784438,-0.499999999999999,1,0,0,0,85.4557825,399.666666666666,87.4142616666666,133.605444,127.231296,161.430436666666,0,7.2913,81.6722,77.95,2.2,27.4,78.72,2.94,4.560443377743342,18.63416092708433,0.1667,1,0.1667,0.1667,27.1,25.55,0.25,0.243
2021,5,Ampara,LK52,0.499999999999999,-0.866025403784438,0,1,0,0,141.136056,329.201853333333,167.70172,85.4557825,133.605444,87.4142616666666,0,7.2913,81.6722,80.14,3.11,28.49,77.95,2.2,4.560443377743342,18.63416092708433,0.0,0,0.0,0.1667,27.47,25.75,0.009,0.267
2021,6,Ampara,LK52,1.22464679914735e-16,-1.0,0,1,0,0,34.503401,310.834466666666,113.430773333333,141.136056,85.4557825,167.70172,0,7.2913,81.6722,77.51,3.08,28.85,80.14,3.11,4.560443377743342,18.63416092708433,0.1667,1,0.1667,0.0,27.45,26.48,-0.002,0.25
2021,7,Ampara,LK52,-0.499999999999999,-0.866025403784438,0,1,0,0,84.163265,271.229013333333,174.797436666666,34.503401,141.136056,113.430773333333,0,7.2913,81.6722,76.98,3.61,28.76,77.51,3.08,4.560443377743342,18.63416092708433,0.0,0,0.0,0.1667,26.9,27.1,-0.229,0.009
2021,8,Ampara,LK52,-0.866025403784438,-0.5,0,1,0,0,92.278909,219.573703333333,139.271383333333,84.163265,34.503401,174.797436666666,0,7.2913,81.6722,75.39,3.19,28.71,76.98,3.61,4.560443377743342,18.63416092708433,0.0,0,0.0,0.0,26.32,27.47,-0.099,-0.002
2021,9,Ampara,LK52,-1.0,-1.83697019872102e-16,0,1,0,0,111.795918,258.136036666666,162.179023333333,92.278909,84.163265,139.271383333333,0,7.2913,81.6722,78.32,2.76,28.62,75.39,3.19,4.560443377743342,18.63416092708433,0.0,0,0.0,0.0,26.17,27.45,-0.058,-0.229
2021,10,Ampara,LK52,-0.866025403784438,0.5,0,0,1,0,224.006806999999,372.324233333333,130.773146666666,111.795918,92.278909,162.179023333333,0,7.2913,81.6722,80.57,2.92,28.54,78.32,2.76,4.560443377743342,18.63416092708433,0.0,0,0.0,0.0,25.77,26.9,-0.091,-0.099
2021,11,Ampara,LK52,-0.5,0.866025403784438,0,0,1,0,429.57142,647.668916666666,130.165810666666,224.006806999999,111.795918,130.773146666666,0,7.2913,81.6722,82.5,2.93,27.94,80.57,2.92,4.560443377743342,18.63416092708433,0.0,0,0.0,0.0,25.76,26.32,0.069,-0.058
2021,12,Ampara,LK52,-2.4492935982947e-16,1.0,0,0,0,1,139.231293,792.049889999999,39.8905146666666,429.57142,224.006806999999,130.165810666666,1,7.2913,81.6722,80.0,3.62,27.27,82.5,2.93,4.560443377743342,18.63416092708433,0.0,0,0.0,0.0,25.54,26.17,-0.12,-0.091
2022,1,Ampara,LK52,0.499999999999999,0.866025403784438,0,0,0,1,78.7210887,713.365046666666,35.9039296666666,139.231293,429.57142,39.8905146666666,0,7.2913,81.6722,81.17,3.84,27.0,80.0,3.62,4.615907303989289,18.87013597459224,0.1667,1,0.1667,0.0,25.6,25.77,-0.056,0.069
2022,2,Ampara,LK52,0.866025403784438,0.5,0,0,0,1,210.414965,519.45579,147.927073333333,78.7210887,139.231293,35.9039296666666,0,7.2913,81.6722,80.57,3.88,26.54,81.17,3.84,4.615907303989289,18.87013597459224,0.1667,1,0.1667,0.1667,25.86,25.76,-0.082,-0.12
2022,3,Ampara,LK52,1.0,6.12323399573676e-17,1,0,0,0,104.639457499999,410.687073333333,131.619756,210.414965,78.7210887,147.927073333333,1,7.2913,81.6722,81.03,3.27,26.62,80.57,3.88,4.615907303989289,18.87013597459224,0.3333,2,0.3333,0.1667,26.31,25.54,-0.093,-0.056
2022,4,Ampara,LK52,0.866025403784438,-0.499999999999999,1,0,0,0,121.44898,423.94329,121.927978,104.639457499999,210.414965,131.619756,0,7.2913,81.6722,80.17,2.22,27.69,81.03,3.27,4.615907303989289,18.87013597459224,0.1667,1,0.1667,0.3333,26.7,25.6,-0.068,-0.082
2022,5,Ampara,LK52,0.499999999999999,-0.866025403784438,0,1,0,0,56.040817,327.56235,77.8940143333333,121.44898,104.639457499999,121.927978,0,7.2913,81.6722,80.91,3.33,28.41,80.17,2.22,4.615907303989289,18.87013597459224,0.1667,1,0.1667,0.1667,26.82,25.86,-0.122,-0.093
2022,6,Ampara,LK52,1.22464679914735e-16,-1.0,0,1,0,0,36.1972783999999,222.693893333333,123.65634,56.040817,121.44898,77.8940143333333,0,7.2913,81.6722,79.81,2.97,28.95,80.91,3.33,4.615907303989289,18.87013597459224,0.1667,1,0.1667,0.1667,26.98,26.31,-0.335,-0.068
2022,7,Ampara,LK52,-0.499999999999999,-0.866025403784438,0,1,0,0,86.5170053,152.854876666666,170.783261,36.1972783999999,56.040817,123.65634,0,7.2913,81.6722,77.2,3.33,28.35,79.81,2.97,4.615907303989289,18.87013597459224,0.1667,1,0.1667,0.1667,26.6,26.7,-0.195,-0.122
2022,8,Ampara,LK52,-0.866025403784438,-0.5,0,1,0,0,150.108844,234.727883333333,221.842205,86.5170053,36.1972783999999,170.783261,1,7.2913,81.6722,77.32,3.33,28.25,77.2,3.33,4.615907303989289,18.87013597459224,0.0,0,0.0,0.1667,25.88,26.82,-0.246,-0.335
2022,9,Ampara,LK52,-1.0,-1.83697019872102e-16,0,1,0,0,49.6938756,291.25849,85.6160479999999,150.108844,86.5170053,221.842205,0,7.2913,81.6722,77.03,2.54,28.09,77.32,3.33,4.615907303989289,18.87013597459224,0.0,0,0.0,0.0,25.65,26.98,-0.322,-0.195
2022,10,Ampara,LK52,-0.866025403784438,0.5,0,0,1,0,253.557826,399.283446666666,134.716706666666,49.6938756,150.108844,85.6160479999999,0,7.2913,81.6722,77.44,2.84,28.31,77.03,2.54,4.615907303989289,18.87013597459224,0.0,0,0.0,0.0,25.73,26.6,-0.691,-0.246
2022,11,Ampara,LK52,-0.5,0.866025403784438,0,0,1,0,249.0884367,578.365096666666,80.0787553333333,253.557826,49.6938756,134.716706666666,0,7.2913,81.6722,81.64,3.06,27.87,77.44,2.84,4.615907303989289,18.87013597459224,0.1667,1,0.1667,0.0,25.8,25.88,-0.269,-0.322
2022,12,Ampara,LK52,-2.4492935982947e-16,1.0,0,0,0,1,372.17006,747.768753333333,110.037176666666,249.0884367,253.557826,80.0787553333333,1,7.2913,81.6722,84.2,4.22,26.8,81.64,3.06,4.615907303989289,18.87013597459224,0.0,0,0.0,0.1667,25.75,25.65,-0.091,-0.691
2023,1,Ampara,LK52,0.499999999999999,0.866025403784438,0,0,0,1,172.91156,812.356089999999,82.0332566666666,372.17006,249.0884367,110.037176666666,1,7.2913,81.6722,80.92,4.72,26.38,84.2,4.22,4.671371230235235,19.10611102210013,0.3333,2,0.3333,0.0,25.83,25.73,0.11,-0.269
2023,2,Ampara,LK52,0.866025403784438,0.5,0,0,0,1,209.46939,727.614523333333,144.2628,172.91156,372.17006,82.0332566666666,1,7.2913,81.6722,80.25,4.29,25.91,80.92,4.72,4.671371230235235,19.10611102210013,0.3333,2,0.3333,0.3333,26.29,25.8,0.157,-0.091
2023,3,Ampara,LK52,1.0,6.12323399573676e-17,1,0,0,0,165.9863923,641.575996666666,199.873341666666,209.46939,172.91156,144.2628,1,7.2913,81.6722,79.4,3.18,26.38,80.25,4.29,4.671371230235235,19.10611102210013,0.1667,1,0.1667,0.3333,27.17,25.75,0.414,0.11
2023,4,Ampara,LK52,0.866025403784438,-0.499999999999999,1,0,0,0,96.367344,505.140606666666,99.3085566666666,165.9863923,209.46939,199.873341666666,0,7.2913,81.6722,75.57,2.48,27.62,79.4,3.18,4.671371230235235,19.10611102210013,0.0,0,0.0,0.1667,27.96,25.83,0.56,0.157
2023,5,Ampara,LK52,0.499999999999999,-0.866025403784438,0,1,0,0,242.081627,519.83672,266.871543333333,96.367344,165.9863923,99.3085566666666,0,7.2913,81.6722,79.68,2.98,29.1,75.57,2.48,4.671371230235235,19.10611102210013,0.0,0,0.0,0.0,28.39,26.29,0.443,0.414
2023,6,Ampara,LK52,1.22464679914735e-16,-1.0,0,1,0,0,98.653059,437.344686666666,277.761943333333,242.081627,96.367344,266.871543333333,0,7.2913,81.6722,77.57,3.04,28.97,79.68,2.98,4.671371230235235,19.10611102210013,0.0,0,0.0,0.0,28.57,27.17,0.665,0.56
2023,7,Ampara,LK52,-0.499999999999999,-0.866025403784438,0,1,0,0,42.22449,424.848083333333,101.584878,98.653059,242.081627,277.761943333333,0,7.2913,81.6722,74.23,3.45,29.33,77.57,3.04,4.671371230235235,19.10611102210013,0.1667,1,0.1667,0.0,28.32,27.96,0.498,0.443
2023,8,Ampara,LK52,-0.866025403784438,-0.5,0,1,0,0,43.163267,205.589566666666,75.1881013333333,42.22449,98.653059,101.584878,0,7.2913,81.6722,72.68,2.94,29.19,74.23,3.45,4.671371230235235,19.10611102210013,0.0,0,0.0,0.1667,28.2,28.39,0.826,0.665
2023,9,Ampara,LK52,-1.0,-1.83697019872102e-16,0,1,0,0,103.22449,183.249436666666,145.702766666666,43.163267,42.22449,75.1881013333333,0,7.2913,81.6722,79.91,3.68,29.59,72.68,2.94,4.671371230235235,19.10611102210013,0.0,0,0.0,0.0,28.32,28.57,0.946,0.498
2023,10,Ampara,LK52,-0.866025403784438,0.5,0,0,1,0,274.877554,356.12018,166.576204333333,103.22449,43.163267,145.702766666666,0,7.2913,81.6722,82.52,2.73,28.38,79.91,3.68,4.671371230235235,19.10611102210013,0.0,0,0.0,0.0,28.44,28.32,0.804,0.826
2023,11,Ampara,LK52,-0.5,0.866025403784438,0,0,1,0,317.59185,620.963716666666,99.8627053333333,274.877554,103.22449,166.576204333333,0,7.2913,81.6722,83.21,2.6,27.62,82.52,2.73,4.671371230235235,19.10611102210013,0.1667,1,0.1667,0.0,28.72,28.2,0.92,0.946
2023,12,Ampara,LK52,-2.4492935982947e-16,1.0,0,0,0,1,541.74148,950.258466666666,159.511611666666,317.59185,274.877554,99.8627053333333,0,7.2913,81.6722,86.3,4.03,27.61,83.21,2.6,4.671371230235235,19.10611102210013,0.0,0,0.0,0.1667,28.62,28.32,0.852,0.804
2024,1,Ampara,LK52,0.499999999999999,0.866025403784438,0,0,0,1,412.4149625,1308.04766666666,158.332653,541.74148,317.59185,159.511611666666,1,7.2913,81.6722,81.4,3.85,27.48,86.3,4.03,4.726835156481182,19.34208606960803,0.0,0,0.0,0.0,28.35,28.44,0.765,0.92
2024,2,Ampara,LK52,0.866025403784438,0.5,0,0,0,1,40.741496,1074.47383333333,37.834138,412.4149625,541.74148,158.332653,1,7.2913,81.6722,80.82,4.28,26.99,81.4,3.85,4.726835156481182,19.34208606960803,0.6667,4,0.6667,0.0,28.27,28.72,0.327,0.852
2024,3,Ampara,LK52,1.0,6.12323399573676e-17,1,0,0,0,52.9795935,711.455759999999,73.6615326666666,40.741496,412.4149625,37.834138,1,7.2913,81.6722,77.21,3.17,27.49,80.82,4.28,4.726835156481182,19.34208606960803,0.6667,4,0.6667,0.6667,28.41,28.62,0.421,0.765
2024,4,Ampara,LK52,0.866025403784438,-0.499999999999999,1,0,0,0,71.190477,178.38549,74.7447739999999,52.9795935,40.741496,73.6615326666666,0,7.2913,81.6722,76.74,2.69,28.06,77.21,3.17,4.726835156481182,19.34208606960803,0.6667,4,0.6667,0.6667,28.59,28.35,0.44,0.327
2024,5,Ampara,LK52,0.499999999999999,-0.866025403784438,0,1,0,0,124.319735,224.736959999999,147.343766666666,71.190477,52.9795935,74.7447739999999,0,7.2913,81.6722,79.29,3.15,29.76,76.74,2.69,4.726835156481182,19.34208606960803,0.0,0,0.0,0.6667,28.16,28.27,0.298,0.421
2024,6,Ampara,LK52,1.22464679914735e-16,-1.0,0,1,0,0,21.2040823,237.149676666666,83.8758866666666,124.319735,71.190477,147.343766666666,0,7.2913,81.6722,76.19,3.54,29.82,79.29,3.15,4.726835156481182,19.34208606960803,0.0,0,0.0,0.0,27.9,28.41,0.197,0.44
2024,7,Ampara,LK52,-0.499999999999999,-0.866025403784438,0,1,0,0,24.3605445,187.439916666666,67.93164,21.2040823,124.319735,83.8758866666666,0,7.2913,81.6722,71.37,3.75,29.59,76.19,3.54,4.726835156481182,19.34208606960803,0.0,0,0.0,0.0,27.34,28.59,0.033,0.298
2024,8,Ampara,LK52,-0.866025403784438,-0.5,0,1,0,0,94.530611,146.730163333333,140.787816666666,24.3605445,21.2040823,67.93164,0,7.2913,81.6722,74.89,3.06,29.81,71.37,3.75,4.726835156481182,19.34208606960803,0.0,0,0.0,0.0,26.73,28.16,0.267,0.197
2024,9,Ampara,LK52,-1.0,-1.83697019872102e-16,0,1,0,0,34.8299326,143.775506666666,61.3836533333333,94.530611,24.3605445,140.787816666666,0,7.2913,81.6722,72.87,3.14,29.42,74.89,3.06,4.726835156481182,19.34208606960803,0.0,0,0.0,0.0,26.45,27.9,0.115,0.033
2024,10,Ampara,LK52,-0.866025403784438,0.5,0,0,1,0,276.129245999999,324.374136666666,161.581753333333,34.8299326,94.530611,61.3836533333333,1,7.2913,81.6722,79.65,2.12,29.74,72.87,3.14,4.726835156481182,19.34208606960803,0.0,0,0.0,0.0,26.44,27.34,-0.196,0.267
2024,11,Ampara,LK52,-0.5,0.866025403784438,0,0,1,0,466.721092,605.512466666666,139.952139999999,276.129245999999,34.8299326,161.581753333333,1,7.2913,81.6722,83.96,3.78,28.39,79.65,2.12,4.726835156481182,19.34208606960803,0.6667,4,0.6667,0.0,26.45,26.73,-0.382,0.115
2024,12,Ampara,LK52,-2.4492935982947e-16,1.0,0,0,0,1,201.775511,864.4059,60.9510813333333,466.721092,276.129245999999,139.952139999999,1,7.2913,81.6722,84.07,3.01,27.7,83.96,3.78,4.726835156481182,19.34208606960803,0.6667,4,0.6667,0.6667,26.0,26.45,-0.331,-0.196
2017,1,Trincomalee,LK53,0.499999999999999,0.866025403784438,0,0,0,1,205.2048256,557.204826666666,139.222485333333,321.055077428571,386.101547085714,100.470858714285,0,8.5874,81.2152,76.47,4.43,26.53857142857143,83.17428571428572,4.057142857142857,13.10511894155577,30.180352773368185,0.0,0,0.0,0.0,26.12,25.98,-0.086,-0.382
2017,2,Trincomalee,LK53,0.866025403784438,0.5,0,0,0,1,39.7951807,462.923666666666,91.383578,205.2048256,321.055077428571,139.222485333333,0,8.5874,81.2152,72.73,3.78,25.76,76.47,4.43,13.10511894155577,30.180352773368185,0.5,2,0.5,0.0,26.67,25.94,0.101,-0.31
2017,3,Trincomalee,LK53,1.0,6.12323399573676e-17,1,0,0,0,76.7349404,361.397583333333,160.720251333333,39.7951807,205.2048256,91.383578,0,8.5874,81.2152,78.93,2.82,26.25,72.73,3.78,13.10511894155577,30.180352773368185,0.5,2,0.5,0.5,27.32,26.1,0.357,-0.086
2017,4,Trincomalee,LK53,0.866025403784438,-0.499999999999999,1,0,0,0,14.4216866,260.244963333333,38.0456196666666,76.7349404,39.7951807,160.720251333333,0,8.5874,81.2152,73.99,2.84,27.29,78.93,2.82,13.10511894155577,30.180352773368185,0.0,0,0.0,0.5,28.03,26.12,0.498,0.101
2017,5,Trincomalee,LK53,0.499999999999999,-0.866025403784438,0,1,0,0,104.120483999999,164.97992,138.577298,14.4216866,76.7349404,38.0456196666666,0,8.5874,81.2152,76.02,4.73,29.4,73.99,2.84,13.10511894155577,30.180352773368185,0.5,2,0.5,0.0,28.3,26.67,0.536,0.357
2017,6,Trincomalee,LK53,1.22464679914735e-16,-1.0,0,1,0,0,8.2650602,133.333328333333,106.023803333333,104.120483999999,14.4216866,138.577298,0,8.5874,81.2152,74.57,6.3,29.44,76.02,4.73,13.10511894155577,30.180352773368185,0.25,1,0.25,0.5,28.06,27.32,0.424,0.498
2017,7,Trincomalee,LK53,-0.499999999999999,-0.866025403784438,0,1,0,0,87.301206,176.963856666666,154.068656666666,8.2650602,104.120483999999,106.023803333333,0,8.5874,81.2152,72.18,5.34,29.16,74.57,6.3,13.10511894155577,30.180352773368185,0.0,0,0.0,0.25,27.54,28.03,0.52,0.536
2017,8,Trincomalee,LK53,-0.866025403784438,-0.5,0,1,0,0,126.614457,230.90362,186.10442,87.301206,8.2650602,154.068656666666,0,8.5874,81.2152,74.3,5.44,29.4,72.18,5.34,13.10511894155577,30.180352773368185,0.0,0,0.0,0.0,26.7,28.3,0.349,0.424
2017,9,Trincomalee,LK53,-1.0,-1.83697019872102e-16,0,1,0,0,106.3012045,303.59038,120.978634666666,126.614457,87.301206,186.10442,0,8.5874,81.2152,75.92,4.74,29.03,74.3,5.44,13.10511894155577,30.180352773368185,0.0,0,0.0,0.0,26.29,28.06,0.035,0.52
2017,10,Trincomalee,LK53,-0.866025403784438,0.5,0,0,1,0,193.168676,366.397603333333,92.8352913333333,106.3012045,126.614457,120.978634666666,0,8.5874,81.2152,76.81,4.16,28.6,75.92,4.74,13.10511894155577,30.180352773368185,0.25,1,0.25,0.0,26.15,27.54,0.015,0.349
2017,11,Trincomalee,LK53,-0.5,0.866025403784438,0,0,1,0,356.361463,583.164633333333,94.4537746666666,193.168676,106.3012045,92.8352913333333,0,8.5874,81.2152,84.56,4.07,28.48,76.81,4.16,13.10511894155577,30.180352773368185,0.25,1,0.25,0.25,25.74,26.7,0.289,0.035
2017,12,Trincomalee,LK53,-2.4492935982947e-16,1.0,0,0,0,1,97.542166,643.590403333333,31.677344,356.361463,193.168676,94.4537746666666,0,8.5874,81.2152,80.31,3.68,26.99,84.56,4.07,13.10511894155577,30.180352773368185,0.0,0,0.0,0.25,25.62,26.29,0.11,0.015
2018,1,Trincomalee,LK53,0.499999999999999,0.866025403784438,0,0,0,1,39.9638546,565.903633333333,31.2095453333333,97.542166,356.361463,31.677344,0,8.5874,81.2152,78.4,3.81,26.36,80.31,3.68,13.186828104184968,30.045245863397803,0.0,0,0.0,0.0,25.57,26.15,-0.2,0.289
2018,2,Trincomalee,LK53,0.866025403784438,0.5,0,0,0,1,33.2048205,267.0,79.9017503333333,39.9638546,97.542166,31.2095453333333,0,8.5874,81.2152,76.73,4.08,25.51,78.4,3.81,13.186828104184968,30.045245863397803,0.5,2,0.5,0.0,25.97,25.74,0.216,0.11
2018,3,Trincomalee,LK53,1.0,6.12323399573676e-17,1,0,0,0,63.8072265,139.253006666666,149.614893333333,33.2048205,39.9638546,79.9017503333333,0,8.5874,81.2152,75.96,3.32,26.36,76.73,4.08,13.186828104184968,30.045245863397803,0.25,1,0.25,0.5,26.48,25.62,-0.12,-0.2
2018,4,Trincomalee,LK53,0.866025403784438,-0.499999999999999,1,0,0,0,44.4578307999999,145.024096666666,77.7715526666666,63.8072265,33.2048205,149.614893333333,0,8.5874,81.2152,77.55,3.1,27.66,75.96,3.32,13.186828104184968,30.045245863397803,0.5,2,0.5,0.25,27.31,25.57,-0.083,0.216
2018,5,Trincomalee,LK53,0.499999999999999,-0.866025403784438,0,1,0,0,255.819276,286.622496666666,280.062193333333,44.4578307999999,63.8072265,77.7715526666666,0,8.5874,81.2152,81.65,3.41,28.79,77.55,3.1,13.186828104184968,30.045245863397803,0.5,2,0.5,0.5,27.73,25.97,0.122,-0.12
2018,6,Trincomalee,LK53,1.22464679914735e-16,-1.0,0,1,0,0,6.8433734,324.626513333333,98.93145,255.819276,44.4578307999999,280.062193333333,0,8.5874,81.2152,82.36,6.5,28.46,81.65,3.41,13.186828104184968,30.045245863397803,0.0,0,0.0,0.5,27.77,26.48,0.155,-0.083
2018,7,Trincomalee,LK53,-0.499999999999999,-0.866025403784438,0,1,0,0,55.771084,311.99601,107.690086666666,6.8433734,255.819276,98.93145,0,8.5874,81.2152,76.32,6.33,28.06,82.36,6.5,13.186828104184968,30.045245863397803,0.0,0,0.0,0.0,27.42,27.31,0.053,0.122
2018,8,Trincomalee,LK53,-0.866025403784438,-0.5,0,1,0,0,61.048193,189.823279999999,94.03553,55.771084,6.8433734,107.690086666666,0,8.5874,81.2152,73.9,6.16,28.37,76.32,6.33,13.186828104184968,30.045245863397803,0.0,0,0.0,0.0,26.94,27.73,0.121,0.155
2018,9,Trincomalee,LK53,-1.0,-1.83697019872102e-16,0,1,0,0,51.0602404,145.128513333333,59.1447863333333,61.048193,55.771084,94.03553,1,8.5874,81.2152,70.8,4.06,28.44,73.9,6.16,13.186828104184968,30.045245863397803,0.0,0,0.0,0.0,27.19,27.77,0.604,0.053
2018,10,Trincomalee,LK53,-0.866025403784438,0.5,0,0,1,0,248.867472,287.566263333333,129.212248,51.0602404,61.048193,59.1447863333333,0,8.5874,81.2152,81.46,2.85,28.93,70.8,4.06,13.186828104184968,30.045245863397803,0.0,0,0.0,0.0,27.62,27.42,0.684,0.121
2018,11,Trincomalee,LK53,-0.5,0.866025403784438,0,0,1,0,310.120472,581.232916666666,84.9091243333333,248.867472,51.0602404,129.212248,0,8.5874,81.2152,82.83,3.62,27.37,81.46,2.85,13.186828104184968,30.045245863397803,0.5,2,0.5,0.0,27.61,26.94,0.5,0.604
2018,12,Trincomalee,LK53,-2.4492935982947e-16,1.0,0,0,0,1,200.409635,739.265,63.0878536666666,310.120472,248.867472,84.9091243333333,1,8.5874,81.2152,83.08,3.87,26.88,82.83,3.62,13.186828104184968,30.045245863397803,0.25,1,0.25,0.5,27.49,27.19,0.309,0.684
2019,1,Trincomalee,LK53,0.499999999999999,0.866025403784438,0,0,0,1,24.554217,617.100383333333,22.3223016666666,200.409635,310.120472,63.0878536666666,0,8.5874,81.2152,78.34,4.22,26.26,83.08,3.87,13.268537266814162,29.910138953427417,0.75,3,0.75,0.25,27.19,27.62,0.387,0.5
2019,2,Trincomalee,LK53,0.866025403784438,0.5,0,0,0,1,116.8072308,396.67069,133.380935333333,24.554217,200.409635,22.3223016666666,0,8.5874,81.2152,79.16,3.9,25.57,78.34,4.22,13.268537266814162,29.910138953427417,0.25,1,0.25,0.75,27.46,27.61,0.416,0.309
2019,3,Trincomalee,LK53,1.0,6.12323399573676e-17,1,0,0,0,3.6024097,189.58636,34.568584,116.8072308,24.554217,133.380935333333,0,8.5874,81.2152,72.54,3.46,26.92,79.16,3.9,13.268537266814162,29.910138953427417,0.25,1,0.25,0.25,28.09,27.49,0.225,0.387
2019,4,Trincomalee,LK53,0.866025403784438,-0.499999999999999,1,0,0,0,52.0481933,157.903606666666,85.2166266666666,3.6024097,116.8072308,34.568584,0,8.5874,81.2152,70.73,3.14,28.11,72.54,3.46,13.268537266814162,29.910138953427417,0.0,0,0.0,0.25,28.44,27.19,0.258,0.416
2019,5,Trincomalee,LK53,0.499999999999999,-0.866025403784438,0,1,0,0,27.1325296,72.1526113333333,48.0332743333333,52.0481933,3.6024097,85.2166266666666,0,8.5874,81.2152,69.6,4.17,29.75,70.73,3.14,13.268537266814162,29.910138953427417,0.25,1,0.25,0.0,28.48,27.46,0.54,0.225
2019,6,Trincomalee,LK53,1.22464679914735e-16,-1.0,0,1,0,0,16.8795189499999,94.0120516666666,138.59794,27.1325296,52.0481933,48.0332743333333,0,8.5874,81.2152,69.86,6.26,30.85,69.6,4.17,13.268537266814162,29.910138953427417,0.25,1,0.25,0.25,28.18,28.09,0.605,0.258
2019,7,Trincomalee,LK53,-0.499999999999999,-0.866025403784438,0,1,0,0,46.0361446,94.29719,91.0510953333333,16.8795189499999,27.1325296,138.59794,0,8.5874,81.2152,68.7,5.62,30.45,69.86,6.26,13.268537266814162,29.910138953427417,0.0,0,0.0,0.25,27.64,28.44,0.597,0.54
2019,8,Trincomalee,LK53,-0.866025403784438,-0.5,0,1,0,0,98.746989,147.646586666666,149.117413333333,46.0361446,16.8795189499999,91.0510953333333,0,8.5874,81.2152,73.45,6.42,29.98,68.7,5.62,13.268537266814162,29.910138953427417,0.25,1,0.25,0.0,26.9,28.48,0.436,0.605
2019,9,Trincomalee,LK53,-1.0,-1.83697019872102e-16,0,1,0,0,157.048196,239.389543333333,168.68747,98.746989,46.0361446,149.117413333333,0,8.5874,81.2152,76.72,4.51,28.8,73.45,6.42,13.268537266814162,29.910138953427417,0.0,0,0.0,0.25,26.75,28.18,0.892,0.597
2019,10,Trincomalee,LK53,-0.866025403784438,0.5,0,0,1,0,252.385539,388.51405,106.193649333333,157.048196,98.746989,168.68747,1,8.5874,81.2152,82.31,2.7,28.38,76.72,4.51,13.268537266814162,29.910138953427417,0.25,1,0.25,0.0,27.2,27.64,0.964,0.436
2019,11,Trincomalee,LK53,-0.5,0.866025403784438,0,0,1,0,360.204819,584.746973333333,90.3653049999999,252.385539,157.048196,106.193649333333,1,8.5874,81.2152,81.72,3.03,27.26,82.31,2.7,13.268537266814162,29.910138953427417,0.5,2,0.5,0.25,27.22,26.9,0.835,0.892
2019,12,Trincomalee,LK53,-2.4492935982947e-16,1.0,0,0,0,1,458.614458,1068.7711,144.85879,360.204819,252.385539,90.3653049999999,0,8.5874,81.2152,83.2,4.23,27.51,81.72,3.03,13.268537266814162,29.910138953427417,0.5,2,0.5,0.5,27.12,26.75,0.243,0.964
2020,1,Trincomalee,LK53,0.499999999999999,0.866025403784438,0,0,0,1,17.4096382,967.927666666666,18.2722003333333,458.614458,360.204819,144.85879,0,8.5874,81.2152,78.07,3.93,26.75,83.2,4.23,13.35024642944336,29.77503204345703,0.75,3,0.75,0.5,27.15,27.2,0.173,0.835
2020,2,Trincomalee,LK53,0.866025403784438,0.5,0,0,0,1,22.5903612,699.530096666666,60.859834,17.4096382,458.614458,18.2722003333333,0,8.5874,81.2152,76.43,4.29,26.56,78.07,3.93,13.35024642944336,29.77503204345703,0.5,2,0.5,0.75,27.12,27.22,0.054,0.243
2020,3,Trincomalee,LK53,1.0,6.12323399573676e-17,1,0,0,0,6.7590362,113.212852333333,40.118009,22.5903612,17.4096382,60.859834,1,8.5874,81.2152,73.52,3.46,26.64,76.43,4.29,13.35024642944336,29.77503204345703,0.25,1,0.25,0.5,27.76,27.12,0.019,0.173
2020,4,Trincomalee,LK53,0.866025403784438,-0.499999999999999,1,0,0,0,30.2168665,55.1967886666666,58.342954,6.7590362,22.5903612,40.118009,0,8.5874,81.2152,74.16,3.32,27.77,73.52,3.46,13.35024642944336,29.77503204345703,0.0,0,0.0,0.25,28.18,27.15,-0.011,0.054
2020,5,Trincomalee,LK53,0.499999999999999,-0.866025403784438,0,1,0,0,151.421680999999,163.46988,153.102611666666,30.2168665,6.7590362,58.342954,0,8.5874,81.2152,78.47,4.18,29.42,74.16,3.32,13.35024642944336,29.77503204345703,0.0,0,0.0,0.0,27.66,27.12,0.298,0.019
2020,6,Trincomalee,LK53,1.22464679914735e-16,-1.0,0,1,0,0,21.6987952,196.160646666666,164.26378,151.421680999999,30.2168665,153.102611666666,0,8.5874,81.2152,76.6,5.72,29.39,78.47,4.18,13.35024642944336,29.77503204345703,0.0,0,0.0,0.0,27.39,27.76,0.455,-0.011
2020,7,Trincomalee,LK53,-0.499999999999999,-0.866025403784438,0,1,0,0,195.144578,307.024083333333,313.880406666666,21.6987952,151.421680999999,164.26378,0,8.5874,81.2152,78.35,4.75,29.02,76.6,5.72,13.35024642944336,29.77503204345703,0.0,0,0.0,0.0,26.99,28.18,0.319,0.298
2020,8,Trincomalee,LK53,-0.866025403784438,-0.5,0,1,0,0,30.2771075,274.004013333333,60.1019736666666,195.144578,21.6987952,313.880406666666,0,8.5874,81.2152,74.73,5.27,28.12,78.35,4.75,13.35024642944336,29.77503204345703,0.25,1,0.25,0.0,26.26,27.66,-0.183,0.455
2020,9,Trincomalee,LK53,-1.0,-1.83697019872102e-16,0,1,0,0,219.662649999999,392.686746666666,222.10062,30.2771075,195.144578,60.1019736666666,0,8.5874,81.2152,78.35,5.59,28.83,74.73,5.27,13.35024642944336,29.77503204345703,0.0,0,0.0,0.25,25.89,27.39,-0.189,0.319
2020,10,Trincomalee,LK53,-0.866025403784438,0.5,0,0,1,0,73.204823,362.75101,39.7740949999999,219.662649999999,30.2771075,222.10062,0,8.5874,81.2152,76.0,4.95,28.04,78.35,5.59,13.35024642944336,29.77503204345703,0.0,0,0.0,0.0,25.46,26.99,0.074,-0.183
2020,11,Trincomalee,LK53,-0.5,0.866025403784438,0,0,1,0,393.168665,600.192753333333,105.692240333333,73.204823,219.662649999999,39.7740949999999,0,8.5874,81.2152,83.7,3.5,28.45,76.0,4.95,13.35024642944336,29.77503204345703,0.25,1,0.25,0.0,25.28,26.26,0.02,-0.189
2020,12,Trincomalee,LK53,-2.4492935982947e-16,1.0,0,0,0,1,548.77108,880.530123333333,175.558303333333,393.168665,73.204823,105.692240333333,0,8.5874,81.2152,84.47,4.08,27.36,83.7,3.5,13.35024642944336,29.77503204345703,0.25,1,0.25,0.25,25.44,25.89,0.031,0.074
2021,1,Trincomalee,LK53,0.499999999999999,0.866025403784438,0,0,0,1,368.38555,1261.9839,200.214583333333,548.77108,393.168665,175.558303333333,0,8.5874,81.2152,84.76,3.82,26.4,84.47,4.08,13.431955592072557,29.63992513348665,0.25,1,0.25,0.25,25.55,25.46,0.051,0.02
2021,2,Trincomalee,LK53,0.866025403784438,0.5,0,0,0,1,30.3132528,1039.53808333333,56.5317976666666,368.38555,548.77108,200.214583333333,0,8.5874,81.2152,79.48,3.96,26.11,84.76,3.82,13.431955592072557,29.63992513348665,0.25,1,0.25,0.25,25.75,25.28,0.243,0.031
2021,3,Trincomalee,LK53,1.0,6.12323399573676e-17,1,0,0,0,29.0481927,612.4578,81.5693766666666,30.3132528,368.38555,56.5317976666666,0,8.5874,81.2152,78.14,3.13,26.11,79.48,3.96,13.431955592072557,29.63992513348665,0.25,1,0.25,0.25,26.48,25.44,0.267,0.051
2021,4,Trincomalee,LK53,0.866025403784438,-0.499999999999999,1,0,0,0,82.7951818,191.345366666666,123.973523333333,29.0481927,30.3132528,81.5693766666666,0,8.5874,81.2152,77.18,2.76,27.33,78.14,3.13,13.431955592072557,29.63992513348665,0.25,1,0.25,0.25,27.1,25.55,0.25,0.243
2021,5,Trincomalee,LK53,0.499999999999999,-0.866025403784438,0,1,0,0,95.26506,181.883536666666,106.570279999999,82.7951818,29.0481927,123.973523333333,0,8.5874,81.2152,80.87,4.64,28.7,77.18,2.76,13.431955592072557,29.63992513348665,0.0,0,0.0,0.25,27.47,25.75,0.009,0.267
2021,6,Trincomalee,LK53,1.22464679914735e-16,-1.0,0,1,0,0,16.57831355,203.236946666666,136.953403333333,95.26506,82.7951818,106.570279999999,0,8.5874,81.2152,79.02,5.52,28.73,80.87,4.64,13.431955592072557,29.63992513348665,0.25,1,0.25,0.0,27.45,26.48,-0.002,0.25
2021,7,Trincomalee,LK53,-0.499999999999999,-0.866025403784438,0,1,0,0,110.469879,228.24899,193.841158333333,16.57831355,95.26506,136.953403333333,0,8.5874,81.2152,78.51,5.95,28.71,79.02,5.52,13.431955592072557,29.63992513348665,0.0,0,0.0,0.25,26.9,27.1,-0.229,0.009
2021,8,Trincomalee,LK53,-0.866025403784438,-0.5,0,1,0,0,69.5421667,194.71887,103.813661333333,110.469879,16.57831355,193.841158333333,0,8.5874,81.2152,75.76,5.63,28.54,78.51,5.95,13.431955592072557,29.63992513348665,0.0,0,0.0,0.0,26.32,27.47,-0.099,-0.002
2021,9,Trincomalee,LK53,-1.0,-1.83697019872102e-16,0,1,0,0,164.987954,285.273089999999,161.624646666666,69.5421667,110.469879,103.813661333333,0,8.5874,81.2152,77.21,5.13,28.53,75.76,5.63,13.431955592072557,29.63992513348665,0.0,0,0.0,0.0,26.17,27.45,-0.058,-0.229
2021,10,Trincomalee,LK53,-0.866025403784438,0.5,0,0,1,0,257.397591,426.646553333333,134.753443333333,164.987954,69.5421667,161.624646666666,0,8.5874,81.2152,81.74,4.18,28.58,77.21,5.13,13.431955592072557,29.63992513348665,0.0,0,0.0,0.0,25.77,26.9,-0.091,-0.099
2021,11,Trincomalee,LK53,-0.5,0.866025403784438,0,0,1,0,570.62649,846.060186666666,149.41127,257.397591,164.987954,134.753443333333,0,8.5874,81.2152,86.68,3.98,27.75,81.74,4.18,13.431955592072557,29.63992513348665,0.0,0,0.0,0.0,25.76,26.32,0.069,-0.058
2021,12,Trincomalee,LK53,-2.4492935982947e-16,1.0,0,0,0,1,98.638556,959.048146666666,31.3076823333333,570.62649,257.397591,149.41127,1,8.5874,81.2152,79.78,3.61,26.79,86.68,3.98,13.431955592072557,29.63992513348665,0.0,0,0.0,0.0,25.54,26.17,-0.12,-0.091
2022,1,Trincomalee,LK53,0.499999999999999,0.866025403784438,0,0,0,1,56.4216859999999,809.28112,35.702352,98.638556,570.62649,31.3076823333333,1,8.5874,81.2152,80.95,3.94,26.71,79.78,3.61,13.513664754701752,29.50481822351626,0.5,2,0.5,0.0,25.6,25.77,-0.056,0.069
2022,2,Trincomalee,LK53,0.866025403784438,0.5,0,0,0,1,141.5301238,432.746976666666,241.904915,56.4216859999999,98.638556,35.702352,0,8.5874,81.2152,79.3,3.88,26.24,80.95,3.94,13.513664754701752,29.50481822351626,0.5,2,0.5,0.5,25.86,25.76,-0.082,-0.12
2022,3,Trincomalee,LK53,1.0,6.12323399573676e-17,1,0,0,0,71.0481906,291.285136666666,149.162207333333,141.5301238,56.4216859999999,241.904915,1,8.5874,81.2152,80.23,3.49,26.29,79.3,3.88,13.513664754701752,29.50481822351626,0.0,0,0.0,0.5,26.31,25.54,-0.093,-0.056
2022,4,Trincomalee,LK53,0.866025403784438,-0.499999999999999,1,0,0,0,90.855423,290.124483333333,138.631103333333,71.0481906,141.5301238,149.162207333333,0,8.5874,81.2152,80.83,2.57,27.59,80.23,3.49,13.513664754701752,29.50481822351626,0.25,1,0.25,0.0,26.7,25.6,-0.068,-0.082
2022,5,Trincomalee,LK53,0.499999999999999,-0.866025403784438,0,1,0,0,42.759035,238.13253,57.4740349999999,90.855423,71.0481906,138.631103333333,0,8.5874,81.2152,84.09,5.84,28.27,80.83,2.57,13.513664754701752,29.50481822351626,0.5,2,0.5,0.25,26.82,25.86,-0.122,-0.093
2022,6,Trincomalee,LK53,1.22464679914735e-16,-1.0,0,1,0,0,13.4819276,150.62249,135.721978666666,42.759035,90.855423,57.4740349999999,0,8.5874,81.2152,80.68,5.38,28.37,84.09,5.84,13.513664754701752,29.50481822351626,0.25,1,0.25,0.5,26.98,26.31,-0.335,-0.068
2022,7,Trincomalee,LK53,-0.499999999999999,-0.866025403784438,0,1,0,0,80.5301197,109.630523333333,135.672202,13.4819276,42.759035,135.721978666666,0,8.5874,81.2152,77.12,5.15,28.15,80.68,5.38,13.513664754701752,29.50481822351626,0.0,0,0.0,0.25,26.6,26.7,-0.195,-0.122
2022,8,Trincomalee,LK53,-0.866025403784438,-0.5,0,1,0,0,137.13253,172.506026666666,191.420478333333,80.5301197,13.4819276,135.672202,0,8.5874,81.2152,77.72,5.44,28.28,77.12,5.15,13.513664754701752,29.50481822351626,0.0,0,0.0,0.0,25.88,26.82,-0.246,-0.335
2022,9,Trincomalee,LK53,-1.0,-1.83697019872102e-16,0,1,0,0,44.506021,258.566263333333,56.7562306666666,137.13253,80.5301197,191.420478333333,0,8.5874,81.2152,76.9,5.18,28.08,77.72,5.44,13.513664754701752,29.50481822351626,0.25,1,0.25,0.0,25.65,26.98,-0.322,-0.195
2022,10,Trincomalee,LK53,-0.866025403784438,0.5,0,0,1,0,200.337357,359.11246,105.184303333333,44.506021,137.13253,56.7562306666666,0,8.5874,81.2152,78.49,3.79,28.21,76.9,5.18,13.513664754701752,29.50481822351626,0.0,0,0.0,0.25,25.73,26.6,-0.691,-0.246
2022,11,Trincomalee,LK53,-0.5,0.866025403784438,0,0,1,0,291.4337306,578.771113333333,81.7049219,200.337357,44.506021,105.184303333333,0,8.5874,81.2152,82.88,3.38,27.71,78.49,3.79,13.513664754701752,29.50481822351626,0.0,0,0.0,0.0,25.8,25.88,-0.269,-0.322
2022,12,Trincomalee,LK53,-2.4492935982947e-16,1.0,0,0,0,1,464.92772,838.722916666666,143.825233333333,291.4337306,200.337357,81.7049219,1,8.5874,81.2152,84.6,4.63,26.5,82.88,3.38,13.513664754701752,29.50481822351626,0.0,0,0.0,0.0,25.75,25.65,-0.091,-0.691
2023,1,Trincomalee,LK53,0.499999999999999,0.866025403784438,0,0,0,1,181.2770975,910.763063333333,117.970524,464.92772,291.4337306,143.825233333333,0,8.5874,81.2152,79.56,4.49,26.09,84.6,4.63,13.59537391733095,29.36971131354588,0.25,1,0.25,0.0,25.83,25.73,0.11,-0.269
2023,2,Trincomalee,LK53,0.866025403784438,0.5,0,0,0,1,151.168676,802.666693333333,187.801845,181.2770975,464.92772,117.970524,0,8.5874,81.2152,79.77,4.05,25.46,79.56,4.49,13.59537391733095,29.36971131354588,0.5,2,0.5,0.25,26.29,25.8,0.157,-0.091
2023,3,Trincomalee,LK53,1.0,6.12323399573676e-17,1,0,0,0,44.5180694,488.445773333333,115.152662666666,151.168676,181.2770975,187.801845,0,8.5874,81.2152,79.51,3.32,25.86,79.77,4.05,13.59537391733095,29.36971131354588,0.25,1,0.25,0.5,27.17,25.75,0.414,0.11
2023,4,Trincomalee,LK53,0.866025403784438,-0.499999999999999,1,0,0,0,51.7590358,316.200803333333,84.6342766666666,44.5180694,151.168676,115.152662666666,0,8.5874,81.2152,76.97,2.61,27.41,79.51,3.32,13.59537391733095,29.36971131354588,0.25,1,0.25,0.25,27.96,25.83,0.56,0.157
2023,5,Trincomalee,LK53,0.499999999999999,-0.866025403784438,0,1,0,0,339.55422,418.0,327.40423,51.7590358,44.5180694,84.6342766666666,0,8.5874,81.2152,82.92,4.13,28.8,76.97,2.61,13.59537391733095,29.36971131354588,0.0,0,0.0,0.25,28.39,26.29,0.443,0.414
2023,6,Trincomalee,LK53,1.22464679914735e-16,-1.0,0,1,0,0,21.951807,418.698813333333,175.662973333333,339.55422,51.7590358,327.40423,0,8.5874,81.2152,79.38,5.68,28.52,82.92,4.13,13.59537391733095,29.36971131354588,0.0,0,0.0,0.0,28.57,27.17,0.665,0.56
2023,7,Trincomalee,LK53,-0.499999999999999,-0.866025403784438,0,1,0,0,45.6747,428.29719,93.4054336666666,21.951807,339.55422,175.662973333333,0,8.5874,81.2152,73.57,5.97,28.94,79.38,5.68,13.59537391733095,29.36971131354588,0.5,2,0.5,0.0,28.32,27.96,0.498,0.443
2023,8,Trincomalee,LK53,-0.866025403784438,-0.5,0,1,0,0,23.6867473,117.489961666666,49.3020526666666,45.6747,21.951807,93.4054336666666,0,8.5874,81.2152,68.81,4.63,29.2,73.57,5.97,13.59537391733095,29.36971131354588,0.0,0,0.0,0.5,28.2,28.39,0.826,0.665
2023,9,Trincomalee,LK53,-1.0,-1.83697019872102e-16,0,1,0,0,91.493977,130.132533333333,97.4666199999999,23.6867473,45.6747,49.3020526666666,0,8.5874,81.2152,74.21,5.73,30.11,68.81,4.63,13.59537391733095,29.36971131354588,0.0,0,0.0,0.0,28.32,28.57,0.946,0.498
2023,10,Trincomalee,LK53,-0.866025403784438,0.5,0,0,1,0,184.951803999999,235.783136666666,93.4261766666666,91.493977,23.6867473,97.4666199999999,0,8.5874,81.2152,79.25,3.1,28.97,74.21,5.73,13.59537391733095,29.36971131354588,0.0,0,0.0,0.0,28.44,28.32,0.804,0.826
2023,11,Trincomalee,LK53,-0.5,0.866025403784438,0,0,1,0,420.79519,589.30123,112.215466666666,184.951803999999,91.493977,93.4261766666666,0,8.5874,81.2152,83.83,2.54,28.05,79.25,3.1,13.59537391733095,29.36971131354588,0.25,1,0.25,0.0,28.72,28.2,0.92,0.946
2023,12,Trincomalee,LK53,-2.4492935982947e-16,1.0,0,0,0,1,378.481927,933.481983333333,112.980804333333,420.79519,184.951803999999,112.215466666666,0,8.5874,81.2152,86.78,4.3,27.42,83.83,2.54,13.59537391733095,29.36971131354588,0.0,0,0.0,0.25,28.62,28.32,0.852,0.804
2024,1,Trincomalee,LK53,0.499999999999999,0.866025403784438,0,0,0,1,234.493972,1100.8434,113.531302333333,378.481927,420.79519,112.980804333333,1,8.5874,81.2152,81.25,3.99,27.2,86.78,4.3,13.677083079960145,29.23460440357549,0.0,0,0.0,0.0,28.35,28.44,0.765,0.92
2024,2,Trincomalee,LK53,0.866025403784438,0.5,0,0,0,1,12.7590361,739.87951,41.6320783333333,234.493972,378.481927,113.531302333333,1,8.5874,81.2152,80.66,4.33,26.54,81.25,3.99,13.677083079960145,29.23460440357549,1.0,4,1.0,0.0,28.27,28.72,0.327,0.852
2024,3,Trincomalee,LK53,1.0,6.12323399573676e-17,1,0,0,0,15.3975909,345.678716666666,56.9100066666666,12.7590361,234.493972,41.6320783333333,1,8.5874,81.2152,76.26,3.24,27.1,80.66,4.33,13.677083079960145,29.23460440357549,1.0,4,1.0,1.0,28.41,28.62,0.421,0.765
2024,4,Trincomalee,LK53,0.866025403784438,-0.499999999999999,1,0,0,0,23.939759,49.1686746666666,49.9682333333333,15.3975909,12.7590361,56.9100066666666,0,8.5874,81.2152,75.12,3.02,27.84,76.26,3.24,13.677083079960145,29.23460440357549,1.0,4,1.0,1.0,28.59,28.35,0.44,0.327
2024,5,Trincomalee,LK53,0.499999999999999,-0.866025403784438,0,1,0,0,157.457831,144.670679999999,165.476158,23.939759,15.3975909,49.9682333333333,0,8.5874,81.2152,79.6,4.1,29.96,75.12,3.02,13.677083079960145,29.23460440357549,0.0,0,0.0,1.0,28.16,28.27,0.298,0.421
2024,6,Trincomalee,LK53,1.22464679914735e-16,-1.0,0,1,0,0,11.8313248,198.80723,118.724749999999,157.457831,23.939759,165.476158,0,8.5874,81.2152,78.52,5.73,29.7,79.6,4.1,13.677083079960145,29.23460440357549,0.0,0,0.0,0.0,27.9,28.41,0.197,0.44
2024,7,Trincomalee,LK53,-0.499999999999999,-0.866025403784438,0,1,0,0,27.975903,199.610446666666,66.0010146666666,11.8313248,157.457831,118.724749999999,0,8.5874,81.2152,73.36,6.28,29.15,78.52,5.73,13.677083079960145,29.23460440357549,0.0,0,0.0,0.0,27.34,28.59,0.033,0.298
2024,8,Trincomalee,LK53,-0.866025403784438,-0.5,0,1,0,0,112.253013,176.437753333333,170.42033,27.975903,11.8313248,66.0010146666666,0,8.5874,81.2152,76.52,4.83,29.48,73.36,6.28,13.677083079960145,29.23460440357549,0.0,0,0.0,0.0,26.73,28.16,0.267,0.197
2024,9,Trincomalee,LK53,-1.0,-1.83697019872102e-16,0,1,0,0,38.578314,169.036136666666,50.270529,112.253013,27.975903,170.42033,0,8.5874,81.2152,75.35,5.76,29.02,76.52,4.83,13.677083079960145,29.23460440357549,0.0,0,0.0,0.0,26.45,27.9,0.115,0.033
2024,10,Trincomalee,LK53,-0.866025403784438,0.5,0,0,1,0,247.397589999999,327.433746666666,134.54411,38.578314,112.253013,50.270529,1,8.5874,81.2152,80.3,3.36,29.34,75.35,5.76,13.677083079960145,29.23460440357549,0.0,0,0.0,0.0,26.44,27.34,-0.196,0.267
2024,11,Trincomalee,LK53,-0.5,0.866025403784438,0,0,1,0,548.313245,591.514083333333,138.240213333333,247.397589999999,38.578314,134.54411,1,8.5874,81.2152,84.6,4.13,28.27,80.3,3.36,13.677083079960145,29.23460440357549,1.0,4,1.0,0.0,26.45,26.73,-0.382,0.115
2024,12,Trincomalee,LK53,-2.4492935982947e-16,1.0,0,0,0,1,127.518065499999,875.329346666666,41.9011213333333,548.313245,247.397589999999,138.240213333333,1,8.5874,81.2152,85.33,3.62,27.52,84.6,4.13,13.677083079960145,29.23460440357549,1.0,4,1.0,1.0,26.0,26.45,-0.331,-0.196
2017,1,Kurunegala,LK61,0.499999999999999,0.866025403784438,0,0,0,1,107.8037981,398.141333333333,131.816631,155.735082214285,319.415914,99.3093427142857,1,7.4863,80.3647,77.95,2.45,23.752857142857145,90.36428571428571,2.174285714285714,4.753929531330267,32.733853156295694,0.0,0,0.0,0.0,26.12,25.98,-0.086,-0.382
2017,2,Kurunegala,LK61,0.866025403784438,0.5,0,0,0,1,55.791139,251.985233333333,96.7992433333333,107.8037981,155.735082214285,131.816631,0,7.4863,80.3647,71.52,2.3,23.61,77.95,2.45,4.753929531330267,32.733853156295694,0.5,3,0.5,0.0,26.67,25.94,0.101,-0.31
2017,3,Kurunegala,LK61,1.0,6.12323399573676e-17,1,0,0,0,274.78481,388.478893333333,241.071785,55.791139,107.8037981,96.7992433333333,0,7.4863,80.3647,80.06,1.29,24.76,71.52,2.3,4.753929531330267,32.733853156295694,0.0,0,0.0,0.5,27.32,26.1,0.357,-0.086
2017,4,Kurunegala,LK61,0.866025403784438,-0.499999999999999,1,0,0,0,78.563289,462.48525,42.611154,274.78481,55.791139,241.071785,0,7.4863,80.3647,76.11,1.67,25.54,80.06,1.29,4.753929531330267,32.733853156295694,0.1667,1,0.1667,0.0,28.03,26.12,0.498,0.101
2017,5,Kurunegala,LK61,0.499999999999999,-0.866025403784438,0,1,0,0,324.53165,580.208869999999,190.7589,78.563289,274.78481,42.611154,0,7.4863,80.3647,77.47,2.77,27.37,76.11,1.67,4.753929531330267,32.733853156295694,0.1667,1,0.1667,0.1667,28.3,26.67,0.536,0.357
2017,6,Kurunegala,LK61,1.22464679914735e-16,-1.0,0,1,0,0,132.759492,553.968356666666,130.69642,324.53165,78.563289,190.7589,0,7.4863,80.3647,80.6,4.29,27.28,77.47,2.77,4.753929531330267,32.733853156295694,0.1667,1,0.1667,0.1667,28.06,27.32,0.424,0.498
2017,7,Kurunegala,LK61,-0.499999999999999,-0.866025403784438,0,1,0,0,63.6392389999999,509.24894,96.7102366666666,132.759492,324.53165,130.69642,0,7.4863,80.3647,78.33,4.05,26.14,80.6,4.29,4.753929531330267,32.733853156295694,0.0,0,0.0,0.1667,27.54,28.03,0.52,0.536
2017,8,Kurunegala,LK61,-0.866025403784438,-0.5,0,1,0,0,123.968354,414.253153333333,192.199346666666,63.6392389999999,132.759492,96.7102366666666,0,7.4863,80.3647,79.95,4.08,26.33,78.33,4.05,4.753929531330267,32.733853156295694,0.0,0,0.0,0.0,26.7,28.3,0.349,0.424
2017,9,Kurunegala,LK61,-1.0,-1.83697019872102e-16,0,1,0,0,147.968356,355.55485,141.518113333333,123.968354,63.6392389999999,192.199346666666,0,7.4863,80.3647,80.85,3.39,26.0,79.95,4.08,4.753929531330267,32.733853156295694,0.0,0,0.0,0.0,26.29,28.06,0.035,0.52
2017,10,Kurunegala,LK61,-0.866025403784438,0.5,0,0,1,0,240.841774,434.66879,72.8262879999999,147.968356,123.968354,141.518113333333,0,7.4863,80.3647,83.06,2.82,25.83,80.85,3.39,4.753929531330267,32.733853156295694,0.0,0,0.0,0.0,26.15,27.54,0.015,0.349
2017,11,Kurunegala,LK61,-0.5,0.866025403784438,0,0,1,0,302.462025,623.575933333333,99.1725866666666,240.841774,147.968356,72.8262879999999,0,7.4863,80.3647,88.53,2.12,25.75,83.06,2.82,4.753929531330267,32.733853156295694,0.0,0,0.0,0.0,25.74,26.7,0.289,0.035
2017,12,Kurunegala,LK61,-2.4492935982947e-16,1.0,0,0,0,1,94.1519,640.881883333333,64.00902,302.462025,240.841774,99.1725866666666,0,7.4863,80.3647,88.01,1.97,24.4,88.53,2.12,4.753929531330267,32.733853156295694,0.0,0,0.0,0.0,25.62,26.29,0.11,0.015
2018,1,Kurunegala,LK61,0.499999999999999,0.866025403784438,0,0,0,1,25.6329119999999,515.084366666666,42.7166323333333,94.1519,302.462025,64.00902,1,7.4863,80.3647,85.06,1.99,23.58,88.01,1.97,4.644796874716765,32.8819037121578,0.0,0,0.0,0.0,25.57,26.15,-0.2,0.289
2018,2,Kurunegala,LK61,0.866025403784438,0.5,0,0,0,1,62.392405,258.244733333333,101.543949333333,25.6329119999999,94.1519,42.7166323333333,0,7.4863,80.3647,80.74,2.42,22.72,85.06,1.99,4.644796874716765,32.8819037121578,0.1667,1,0.1667,0.0,25.97,25.74,0.216,0.11
2018,3,Kurunegala,LK61,1.0,6.12323399573676e-17,1,0,0,0,119.905064,190.757373333333,109.74708,62.392405,25.6329119999999,101.543949333333,0,7.4863,80.3647,77.65,1.79,24.27,80.74,2.42,4.644796874716765,32.8819037121578,0.3333,2,0.3333,0.1667,26.48,25.62,-0.12,-0.2
2018,4,Kurunegala,LK61,0.866025403784438,-0.499999999999999,1,0,0,0,204.145563,325.738383333333,97.55662,119.905064,62.392405,109.74708,1,7.4863,80.3647,76.63,1.13,25.87,77.65,1.79,4.644796874716765,32.8819037121578,0.5,3,0.5,0.3333,27.31,25.57,-0.083,0.216
2018,5,Kurunegala,LK61,0.499999999999999,-0.866025403784438,0,1,0,0,377.550629999999,608.337543333333,209.155816666666,204.145563,119.905064,97.55662,0,7.4863,80.3647,86.89,2.13,27.13,76.63,1.13,4.644796874716765,32.8819037121578,0.0,0,0.0,0.5,27.73,25.97,0.122,-0.12
2018,6,Kurunegala,LK61,1.22464679914735e-16,-1.0,0,1,0,0,130.01266,728.662453333333,120.301995333333,377.550629999999,204.145563,209.155816666666,1,7.4863,80.3647,87.56,4.38,25.87,86.89,2.13,4.644796874716765,32.8819037121578,0.1667,1,0.1667,0.0,27.77,26.48,0.155,-0.083
2018,7,Kurunegala,LK61,-0.499999999999999,-0.866025403784438,0,1,0,0,46.379746,613.7975,74.844229,130.01266,377.550629999999,120.301995333333,1,7.4863,80.3647,83.36,4.45,25.29,87.56,4.38,4.644796874716765,32.8819037121578,0.0,0,0.0,0.1667,27.42,27.31,0.053,0.122
2018,8,Kurunegala,LK61,-0.866025403784438,-0.5,0,1,0,0,72.164557,335.77636,108.266257666666,46.379746,130.01266,74.844229,1,7.4863,80.3647,81.69,4.61,25.21,83.36,4.45,4.644796874716765,32.8819037121578,0.0,0,0.0,0.0,26.94,27.73,0.121,0.155
2018,9,Kurunegala,LK61,-1.0,-1.83697019872102e-16,0,1,0,0,109.816454,195.430383333333,88.3082066666666,72.164557,46.379746,108.266257666666,0,7.4863,80.3647,76.61,2.95,25.17,81.69,4.61,4.644796874716765,32.8819037121578,0.1667,1,0.1667,0.0,27.19,27.77,0.604,0.053
2018,10,Kurunegala,LK61,-0.866025403784438,0.5,0,0,1,0,439.392406,513.54218,149.642776666666,109.816454,72.164557,88.3082066666666,0,7.4863,80.3647,85.48,1.49,26.07,76.61,2.95,4.644796874716765,32.8819037121578,0.3333,2,0.3333,0.1667,27.62,27.42,0.684,0.121
2018,11,Kurunegala,LK61,-0.5,0.866025403784438,0,0,1,0,247.670889999999,765.8903,82.243236,439.392406,109.816454,149.642776666666,1,7.4863,80.3647,88.95,1.73,24.98,85.48,1.49,4.644796874716765,32.8819037121578,0.3333,2,0.3333,0.3333,27.61,26.94,0.5,0.604
2018,12,Kurunegala,LK61,-2.4492935982947e-16,1.0,0,0,0,1,74.734179,792.0338,53.654087,247.670889999999,439.392406,82.243236,0,7.4863,80.3647,89.74,1.93,24.23,88.95,1.73,4.644796874716765,32.8819037121578,0.1667,1,0.1667,0.3333,27.49,27.19,0.309,0.684
2019,1,Kurunegala,LK61,0.499999999999999,0.866025403784438,0,0,0,1,13.9810129,452.447223333333,30.2023263333333,74.734179,247.670889999999,53.654087,1,7.4863,80.3647,86.74,2.42,23.33,89.74,1.93,4.535664218103264,33.0299542680199,0.3333,2,0.3333,0.1667,27.19,27.62,0.387,0.5
2019,2,Kurunegala,LK61,0.866025403784438,0.5,0,0,0,1,81.493672,226.31012,115.929797666666,13.9810129,74.734179,30.2023263333333,0,7.4863,80.3647,83.58,2.19,22.72,86.74,2.42,4.535664218103264,33.0299542680199,0.6667,4,0.6667,0.3333,27.46,27.61,0.416,0.309
2019,3,Kurunegala,LK61,1.0,6.12323399573676e-17,1,0,0,0,31.3670869999999,143.626586666666,36.9220883333333,81.493672,13.9810129,115.929797666666,0,7.4863,80.3647,68.16,1.75,24.79,83.58,2.19,4.535664218103264,33.0299542680199,0.0,0,0.0,0.6667,28.09,27.49,0.225,0.387
2019,4,Kurunegala,LK61,0.866025403784438,-0.499999999999999,1,0,0,0,175.6075925,208.875519999999,82.4135823333333,31.3670869999999,81.493672,36.9220883333333,0,7.4863,80.3647,64.44,1.14,26.87,68.16,1.75,4.535664218103264,33.0299542680199,0.0,0,0.0,0.0,28.44,27.19,0.258,0.416
2019,5,Kurunegala,LK61,0.499999999999999,-0.866025403784438,0,1,0,0,66.708864,254.040076666666,46.530442,175.6075925,31.3670869999999,82.4135823333333,0,7.4863,80.3647,72.45,3.24,28.96,64.44,1.14,4.535664218103264,33.0299542680199,0.1667,1,0.1667,0.0,28.48,27.46,0.54,0.225
2019,6,Kurunegala,LK61,1.22464679914735e-16,-1.0,0,1,0,0,168.962022,388.130786666666,152.730947999999,66.708864,175.6075925,46.530442,0,7.4863,80.3647,75.27,4.52,28.34,72.45,3.24,4.535664218103264,33.0299542680199,0.0,0,0.0,0.1667,28.18,28.09,0.605,0.258
2019,7,Kurunegala,LK61,-0.499999999999999,-0.866025403784438,0,1,0,0,55.664556,358.018983333333,86.3396666666666,168.962022,66.708864,152.730947999999,0,7.4863,80.3647,75.43,4.12,27.49,75.27,4.52,4.535664218103264,33.0299542680199,0.0,0,0.0,0.0,27.64,28.44,0.597,0.54
2019,8,Kurunegala,LK61,-0.866025403784438,-0.5,0,1,0,0,138.430385,355.679316666666,220.226233333333,55.664556,168.962022,86.3396666666666,0,7.4863,80.3647,78.67,4.5,26.77,75.43,4.12,4.535664218103264,33.0299542680199,0.0,0,0.0,0.0,26.9,28.48,0.436,0.605
2019,9,Kurunegala,LK61,-1.0,-1.83697019872102e-16,0,1,0,0,178.367094,330.68778,154.273546666666,138.430385,55.664556,220.226233333333,0,7.4863,80.3647,81.83,3.06,25.89,78.67,4.5,4.535664218103264,33.0299542680199,0.0,0,0.0,0.0,26.75,28.18,0.892,0.597
2019,10,Kurunegala,LK61,-0.866025403784438,0.5,0,0,1,0,436.424049999999,617.29538,135.460061333333,178.367094,138.430385,154.273546666666,1,7.4863,80.3647,88.14,1.28,25.59,81.83,3.06,4.535664218103264,33.0299542680199,0.1667,1,0.1667,0.0,27.2,27.64,0.964,0.436
2019,11,Kurunegala,LK61,-0.5,0.866025403784438,0,0,1,0,250.664556,791.622353333333,84.6123426666666,436.424049999999,178.367094,135.460061333333,1,7.4863,80.3647,88.87,1.69,24.74,88.14,1.28,4.535664218103264,33.0299542680199,0.1667,1,0.1667,0.1667,27.22,26.9,0.835,0.892
2019,12,Kurunegala,LK61,-2.4492935982947e-16,1.0,0,0,0,1,205.898742,921.79539,127.656396666666,250.664556,436.424049999999,84.6123426666666,1,7.4863,80.3647,91.9,2.31,24.75,88.87,1.69,4.535664218103264,33.0299542680199,0.6667,4,0.6667,0.1667,27.12,26.75,0.243,0.964
2020,1,Kurunegala,LK61,0.499999999999999,0.866025403784438,0,0,0,1,17.1962026,620.512666666666,33.51064,205.898742,250.664556,127.656396666666,1,7.4863,80.3647,88.25,2.35,23.89,91.9,2.31,4.426531561489763,33.178004823882006,0.6667,4,0.6667,0.6667,27.15,27.2,0.173,0.835
2020,2,Kurunegala,LK61,0.866025403784438,0.5,0,0,0,1,11.8607594,342.303799999999,34.283929,17.1962026,205.898742,33.51064,1,7.4863,80.3647,85.19,2.61,23.26,88.25,2.35,4.426531561489763,33.178004823882006,0.5,3,0.5,0.6667,27.12,27.22,0.054,0.243
2020,3,Kurunegala,LK61,1.0,6.12323399573676e-17,1,0,0,0,50.50633,111.052746666666,53.2677986666666,11.8607594,17.1962026,34.283929,0,7.4863,80.3647,71.19,1.67,23.7,85.19,2.61,4.426531561489763,33.178004823882006,0.0,0,0.0,0.5,27.76,27.12,0.019,0.173
2020,4,Kurunegala,LK61,0.866025403784438,-0.499999999999999,1,0,0,0,126.265819999999,141.599151333333,62.2428446666666,50.50633,11.8607594,53.2677986666666,0,7.4863,80.3647,71.34,1.35,26.57,71.19,1.67,4.426531561489763,33.178004823882006,0.0,0,0.0,0.0,28.18,27.15,-0.011,0.054
2020,5,Kurunegala,LK61,0.499999999999999,-0.866025403784438,0,1,0,0,334.25317,433.80591,177.647266666666,126.265819999999,50.50633,62.2428446666666,0,7.4863,80.3647,83.42,2.6,28.18,71.34,1.35,4.426531561489763,33.178004823882006,0.0,0,0.0,0.0,27.66,27.12,0.298,0.019
2020,6,Kurunegala,LK61,1.22464679914735e-16,-1.0,0,1,0,0,148.6962,575.84805,142.54211,334.25317,126.265819999999,177.647266666666,0,7.4863,80.3647,83.19,3.89,26.82,83.42,2.6,4.426531561489763,33.178004823882006,0.0,0,0.0,0.0,27.39,27.76,0.455,-0.011
2020,7,Kurunegala,LK61,-0.499999999999999,-0.866025403784438,0,1,0,0,176.556963,653.62235,234.350526666666,148.6962,334.25317,142.54211,0,7.4863,80.3647,84.58,3.12,25.92,83.19,3.89,4.426531561489763,33.178004823882006,0.0,0,0.0,0.0,26.99,28.18,0.319,0.298
2020,8,Kurunegala,LK61,-0.866025403784438,-0.5,0,1,0,0,56.721518,443.53375,101.201286666666,176.556963,148.6962,234.350526666666,1,7.4863,80.3647,82.44,3.82,25.22,84.58,3.12,4.426531561489763,33.178004823882006,0.1667,1,0.1667,0.0,26.26,27.66,-0.183,0.455
2020,9,Kurunegala,LK61,-1.0,-1.83697019872102e-16,0,1,0,0,200.050631,422.436706666666,170.209051666666,56.721518,176.556963,101.201286666666,0,7.4863,80.3647,84.37,3.83,25.66,82.44,3.82,4.426531561489763,33.178004823882006,0.0,0,0.0,0.1667,25.89,27.39,-0.189,0.319
2020,10,Kurunegala,LK61,-0.866025403784438,0.5,0,0,1,0,98.386079,371.9135,32.4207813333333,200.050631,56.721518,170.209051666666,0,7.4863,80.3647,81.91,3.48,25.09,84.37,3.83,4.426531561489763,33.178004823882006,0.0,0,0.0,0.0,25.46,26.99,0.074,-0.183
2020,11,Kurunegala,LK61,-0.5,0.866025403784438,0,0,1,0,266.898733,525.16036,88.9828006666666,98.386079,200.050631,32.4207813333333,0,7.4863,80.3647,88.04,1.7,25.64,81.91,3.48,4.426531561489763,33.178004823882006,0.5,3,0.5,0.0,25.28,26.26,0.02,-0.189
2020,12,Kurunegala,LK61,-2.4492935982947e-16,1.0,0,0,0,1,185.018984,566.350216666666,115.072546666666,266.898733,98.386079,88.9828006666666,0,7.4863,80.3647,90.23,2.29,24.91,88.04,1.7,4.426531561489763,33.178004823882006,0.5,3,0.5,0.5,25.44,25.89,0.031,0.074
2021,1,Kurunegala,LK61,0.499999999999999,0.866025403784438,0,0,0,1,154.987341,622.056916666666,169.97945,185.018984,266.898733,115.072546666666,0,7.4863,80.3647,91.37,1.96,23.86,90.23,2.29,4.317398904876262,33.32605537974411,0.3333,2,0.3333,0.5,25.55,25.46,0.051,0.02
2021,2,Kurunegala,LK61,0.866025403784438,0.5,0,0,0,1,16.3924044999999,408.681403333333,40.8379623333333,154.987341,185.018984,169.97945,1,7.4863,80.3647,87.65,2.3,23.37,91.37,1.96,4.317398904876262,33.32605537974411,0.3333,2,0.3333,0.3333,25.75,25.28,0.243,0.031
2021,3,Kurunegala,LK61,1.0,6.12323399573676e-17,1,0,0,0,104.101266,281.53165,93.7715683333333,16.3924044999999,154.987341,40.8379623333333,1,7.4863,80.3647,83.54,1.82,23.42,87.65,2.3,4.317398904876262,33.32605537974411,0.1667,1,0.1667,0.3333,26.48,25.44,0.267,0.051
2021,4,Kurunegala,LK61,0.866025403784438,-0.499999999999999,1,0,0,0,123.765818,221.44725,60.5492386666666,104.101266,16.3924044999999,93.7715683333333,0,7.4863,80.3647,83.28,1.38,24.54,83.54,1.82,4.317398904876262,33.32605537974411,0.6667,4,0.6667,0.1667,27.1,25.55,0.25,0.243
2021,5,Kurunegala,LK61,0.499999999999999,-0.866025403784438,0,1,0,0,375.90506,488.643466666666,209.72689,123.765818,104.101266,60.5492386666666,0,7.4863,80.3647,87.41,2.71,26.14,83.28,1.38,4.317398904876262,33.32605537974411,0.3333,2,0.3333,0.6667,27.47,25.75,0.009,0.267
2021,6,Kurunegala,LK61,1.22464679914735e-16,-1.0,0,1,0,0,189.018984,693.704636666666,167.154033333333,375.90506,123.765818,209.72689,0,7.4863,80.3647,88.23,3.5,25.93,87.41,2.71,4.317398904876262,33.32605537974411,0.1667,1,0.1667,0.3333,27.45,26.48,-0.002,0.25
2021,7,Kurunegala,LK61,-0.499999999999999,-0.866025403784438,0,1,0,0,105.1518985,706.62238,145.001022333333,189.018984,375.90506,167.154033333333,0,7.4863,80.3647,87.87,4.02,25.3,88.23,3.5,4.317398904876262,33.32605537974411,0.0,0,0.0,0.1667,26.9,27.1,-0.229,0.009
2021,8,Kurunegala,LK61,-0.866025403784438,-0.5,0,1,0,0,74.044304,461.118123333333,116.779303333333,105.1518985,189.018984,145.001022333333,0,7.4863,80.3647,86.49,3.86,25.14,87.87,4.02,4.317398904876262,33.32605537974411,0.0,0,0.0,0.0,26.32,27.47,-0.099,-0.002
2021,9,Kurunegala,LK61,-1.0,-1.83697019872102e-16,0,1,0,0,119.082277,283.55907,102.780653333333,74.044304,105.1518985,116.779303333333,0,7.4863,80.3647,85.62,3.62,24.94,86.49,3.86,4.317398904876262,33.32605537974411,0.0,0,0.0,0.0,26.17,27.45,-0.058,-0.229
2021,10,Kurunegala,LK61,-0.866025403784438,0.5,0,0,1,0,401.83544,435.73207,121.751506666666,119.082277,74.044304,102.780653333333,0,7.4863,80.3647,87.43,2.65,25.43,85.62,3.62,4.317398904876262,33.32605537974411,0.0,0,0.0,0.0,25.77,26.9,-0.091,-0.099
2021,11,Kurunegala,LK61,-0.5,0.866025403784438,0,0,1,0,462.31013,876.917713333333,149.58212,401.83544,119.082277,121.751506666666,0,7.4863,80.3647,91.18,2.24,25.01,87.43,2.65,4.317398904876262,33.32605537974411,0.0,0,0.0,0.0,25.76,26.32,0.069,-0.058
2021,12,Kurunegala,LK61,-2.4492935982947e-16,1.0,0,0,0,1,63.4999985,964.018946666666,45.003462,462.31013,401.83544,149.58212,1,7.4863,80.3647,89.82,2.05,24.21,91.18,2.24,4.317398904876262,33.32605537974411,0.1667,1,0.1667,0.0,25.54,26.17,-0.12,-0.091
2022,1,Kurunegala,LK61,0.499999999999999,0.866025403784438,0,0,0,1,25.113925,717.79955,40.8394056666666,63.4999985,462.31013,45.003462,1,7.4863,80.3647,87.69,2.12,23.6,89.82,2.05,4.208266248262761,33.47410593560621,0.6667,4,0.6667,0.1667,25.6,25.77,-0.056,0.069
2022,2,Kurunegala,LK61,0.866025403784438,0.5,0,0,0,1,99.031646,291.983123333333,152.724196666666,25.113925,63.4999985,40.8394056666666,1,7.4863,80.3647,87.22,2.11,23.51,87.69,2.12,4.208266248262761,33.47410593560621,0.6667,4,0.6667,0.6667,25.86,25.76,-0.082,-0.12
2022,3,Kurunegala,LK61,1.0,6.12323399573676e-17,1,0,0,0,83.221517,190.05696,78.7640473333333,99.031646,25.113925,152.724196666666,0,7.4863,80.3647,85.48,1.67,23.3,87.22,2.11,4.208266248262761,33.47410593560621,0.8333,5,0.8333,0.6667,26.31,25.54,-0.093,-0.056
2022,4,Kurunegala,LK61,0.866025403784438,-0.499999999999999,1,0,0,0,276.8038,384.094963333333,132.668643333333,83.221517,99.031646,78.7640473333333,0,7.4863,80.3647,85.83,1.29,25.12,85.48,1.67,4.208266248262761,33.47410593560621,0.0,0,0.0,0.8333,26.7,25.6,-0.068,-0.082
2022,5,Kurunegala,LK61,0.499999999999999,-0.866025403784438,0,1,0,0,141.936705,469.04641,90.0820353333333,276.8038,83.221517,132.668643333333,0,7.4863,80.3647,88.01,4.01,25.89,85.83,1.29,4.208266248262761,33.47410593560621,0.1667,1,0.1667,0.0,26.82,25.86,-0.122,-0.093
2022,6,Kurunegala,LK61,1.22464679914735e-16,-1.0,0,1,0,0,95.613923,515.504213333333,96.2235383333333,141.936705,276.8038,90.0820353333333,0,7.4863,80.3647,87.21,3.62,25.81,88.01,4.01,4.208266248262761,33.47410593560621,0.3333,2,0.3333,0.1667,26.98,26.31,-0.335,-0.068
2022,7,Kurunegala,LK61,-0.499999999999999,-0.866025403784438,0,1,0,0,110.500003,366.12024,155.959797,95.613923,141.936705,96.2235383333333,0,7.4863,80.3647,83.98,3.59,25.26,87.21,3.62,4.208266248262761,33.47410593560621,0.1667,1,0.1667,0.3333,26.6,26.7,-0.195,-0.122
2022,8,Kurunegala,LK61,-0.866025403784438,-0.5,0,1,0,0,130.79114,335.170893333333,187.577912,110.500003,95.613923,155.959797,0,7.4863,80.3647,85.12,4.06,25.26,83.98,3.59,4.208266248262761,33.47410593560621,0.0,0,0.0,0.1667,25.88,26.82,-0.246,-0.335
2022,9,Kurunegala,LK61,-1.0,-1.83697019872102e-16,0,1,0,0,78.2468355,333.761593333333,76.1820596666666,130.79114,110.500003,187.577912,0,7.4863,80.3647,84.18,3.65,24.94,85.12,4.06,4.208266248262761,33.47410593560621,0.0,0,0.0,0.0,25.65,26.98,-0.322,-0.195
2022,10,Kurunegala,LK61,-0.866025403784438,0.5,0,0,1,0,257.265817999999,428.58861,78.2037233333333,78.2468355,130.79114,76.1820596666666,0,7.4863,80.3647,85.35,2.69,25.13,84.18,3.65,4.208266248262761,33.47410593560621,0.0,0,0.0,0.0,25.73,26.6,-0.691,-0.246
2022,11,Kurunegala,LK61,-0.5,0.866025403784438,0,0,1,0,214.373414,584.267933333333,71.6952543333333,257.265817999999,78.2468355,78.2037233333333,0,7.4863,80.3647,89.17,1.59,24.81,85.35,2.69,4.208266248262761,33.47410593560621,0.0,0,0.0,0.0,25.8,25.88,-0.269,-0.322
2022,12,Kurunegala,LK61,-2.4492935982947e-16,1.0,0,0,0,1,234.07595,635.571716666666,147.988946666666,214.373414,257.265817999999,71.6952543333333,0,7.4863,80.3647,90.32,2.27,23.69,89.17,1.59,4.208266248262761,33.47410593560621,0.0,0,0.0,0.0,25.75,25.65,-0.091,-0.691
2023,1,Kurunegala,LK61,0.499999999999999,0.866025403784438,0,0,0,1,68.6772165,586.116013333333,87.4529733333333,234.07595,214.373414,147.988946666666,0,7.4863,80.3647,89.95,2.49,23.36,90.32,2.27,4.099133591649259,33.62215649146832,0.0,0,0.0,0.0,25.83,25.73,0.11,-0.269
2023,2,Kurunegala,LK61,0.866025403784438,0.5,0,0,0,1,75.1645555,398.343876666666,107.877944,68.6772165,234.07595,87.4529733333333,0,7.4863,80.3647,88.75,2.49,22.17,89.95,2.49,4.099133591649259,33.62215649146832,0.3333,2,0.3333,0.0,26.29,25.8,0.157,-0.091
2023,3,Kurunegala,LK61,1.0,6.12323399573676e-17,1,0,0,0,88.8481,274.995783333333,80.6568046666666,75.1645555,68.6772165,107.877944,0,7.4863,80.3647,84.72,1.69,22.83,88.75,2.49,4.099133591649259,33.62215649146832,0.0,0,0.0,0.3333,27.17,25.75,0.414,0.11
2023,4,Kurunegala,LK61,0.866025403784438,-0.499999999999999,1,0,0,0,190.645572,312.763693333333,92.1083066666666,88.8481,75.1645555,80.6568046666666,0,7.4863,80.3647,81.63,1.2,25.06,84.72,1.69,4.099133591649259,33.62215649146832,0.0,0,0.0,0.0,27.96,25.83,0.56,0.157
2023,5,Kurunegala,LK61,0.499999999999999,-0.866025403784438,0,1,0,0,394.632898999999,638.9114,197.49066,190.645572,88.8481,92.1083066666666,0,7.4863,80.3647,87.03,2.55,26.35,81.63,1.2,4.099133591649259,33.62215649146832,0.0,0,0.0,0.0,28.39,26.29,0.443,0.414
2023,6,Kurunegala,LK61,1.22464679914735e-16,-1.0,0,1,0,0,155.044301,719.0865,153.233394333333,394.632898999999,190.645572,197.49066,0,7.4863,80.3647,84.6,4.0,25.96,87.03,2.55,4.099133591649259,33.62215649146832,0.0,0,0.0,0.0,28.57,27.17,0.665,0.56
2023,7,Kurunegala,LK61,-0.499999999999999,-0.866025403784438,0,1,0,0,53.113924,667.016913333333,82.5738286666666,155.044301,394.632898999999,153.233394333333,0,7.4863,80.3647,80.99,4.34,26.14,84.6,4.0,4.099133591649259,33.62215649146832,0.1667,1,0.1667,0.0,28.32,27.96,0.498,0.443
2023,8,Kurunegala,LK61,-0.866025403784438,-0.5,0,1,0,0,41.936708,276.56748,74.4093786666666,53.113924,155.044301,82.5738286666666,0,7.4863,80.3647,75.26,3.87,26.08,80.99,4.34,4.099133591649259,33.62215649146832,0.0,0,0.0,0.1667,28.2,28.39,0.826,0.665
2023,9,Kurunegala,LK61,-1.0,-1.83697019872102e-16,0,1,0,0,103.797468,220.31857,92.4534386666666,41.936708,53.113924,74.4093786666666,0,7.4863,80.3647,81.56,3.85,27.09,75.26,3.87,4.099133591649259,33.62215649146832,0.0,0,0.0,0.0,28.32,28.57,0.946,0.498
2023,10,Kurunegala,LK61,-0.866025403784438,0.5,0,0,1,0,432.5443,435.314353333333,135.808518333333,103.797468,41.936708,92.4534386666666,0,7.4863,80.3647,87.82,1.74,25.89,81.56,3.85,4.099133591649259,33.62215649146832,0.0,0,0.0,0.0,28.44,28.32,0.804,0.826
2023,11,Kurunegala,LK61,-0.5,0.866025403784438,0,0,1,0,491.53165,936.1519,158.714636666666,432.5443,103.797468,135.808518333333,0,7.4863,80.3647,89.89,1.26,25.1,87.82,1.74,4.099133591649259,33.62215649146832,0.0,0,0.0,0.0,28.72,28.2,0.92,0.946
2023,12,Kurunegala,LK61,-2.4492935982947e-16,1.0,0,0,0,1,232.765822,1150.68983333333,141.78094,491.53165,432.5443,158.714636666666,0,7.4863,80.3647,92.53,2.4,24.96,89.89,1.26,4.099133591649259,33.62215649146832,0.0,0,0.0,0.0,28.62,28.32,0.852,0.804
2024,1,Kurunegala,LK61,0.499999999999999,0.866025403784438,0,0,0,1,146.177214,1011.32493333333,155.110734333333,232.765822,491.53165,141.78094,1,7.4863,80.3647,90.94,2.25,24.65,92.53,2.4,3.9900009350357575,33.770207047330416,0.0,0,0.0,0.0,28.35,28.44,0.765,0.92
2024,2,Kurunegala,LK61,0.866025403784438,0.5,0,0,0,1,10.3544305,496.90717,32.933287,146.177214,232.765822,155.110734333333,1,7.4863,80.3647,88.39,2.68,23.55,90.94,2.25,3.9900009350357575,33.770207047330416,0.5,3,0.5,0.0,28.27,28.72,0.327,0.852
2024,3,Kurunegala,LK61,1.0,6.12323399573676e-17,1,0,0,0,20.012658,216.18776,27.385253,10.3544305,146.177214,32.933287,1,7.4863,80.3647,80.47,1.81,24.43,88.39,2.68,3.9900009350357575,33.770207047330416,0.5,3,0.5,0.5,28.41,28.62,0.421,0.765
2024,4,Kurunegala,LK61,0.866025403784438,-0.499999999999999,1,0,0,0,133.367088,123.11393,65.6067313333333,20.012658,10.3544305,27.385253,0,7.4863,80.3647,73.76,1.19,25.31,80.47,1.81,3.9900009350357575,33.770207047330416,0.5,3,0.5,0.5,28.59,28.35,0.44,0.327
2024,5,Kurunegala,LK61,0.499999999999999,-0.866025403784438,0,1,0,0,372.575955,395.16666,209.09501,133.367088,20.012658,65.6067313333333,0,7.4863,80.3647,81.26,2.89,28.58,73.76,1.19,3.9900009350357575,33.770207047330416,0.0,0,0.0,0.5,28.16,28.27,0.298,0.421
2024,6,Kurunegala,LK61,1.22464679914735e-16,-1.0,0,1,0,0,89.7658199999999,586.487353333333,86.861578,372.575955,133.367088,209.09501,0,7.4863,80.3647,82.81,3.98,27.58,81.26,2.89,3.9900009350357575,33.770207047330416,0.0,0,0.0,0.0,27.9,28.41,0.197,0.44
2024,7,Kurunegala,LK61,-0.499999999999999,-0.866025403784438,0,1,0,0,44.132911,545.8017,72.182977,89.7658199999999,372.575955,86.861578,0,7.4863,80.3647,80.47,4.27,26.52,82.81,3.98,3.9900009350357575,33.770207047330416,0.0,0,0.0,0.0,27.34,28.59,0.033,0.298
2024,8,Kurunegala,LK61,-0.866025403784438,-0.5,0,1,0,0,84.9810119999999,326.24262,131.891581666666,44.132911,89.7658199999999,72.182977,0,7.4863,80.3647,82.05,3.39,26.39,80.47,4.27,3.9900009350357575,33.770207047330416,0.0,0,0.0,0.0,26.73,28.16,0.267,0.197
2024,9,Kurunegala,LK61,-1.0,-1.83697019872102e-16,0,1,0,0,56.2215175,177.25105,51.2247426666666,84.9810119999999,44.132911,131.891581666666,0,7.4863,80.3647,80.41,4.07,26.08,82.05,3.39,3.9900009350357575,33.770207047330416,0.0,0,0.0,0.0,26.45,27.9,0.115,0.033
2024,10,Kurunegala,LK61,-0.866025403784438,0.5,0,0,1,0,336.019,382.333353333333,111.085726666666,56.2215175,84.9810119999999,51.2247426666666,1,7.4863,80.3647,83.48,2.32,26.62,80.41,4.07,3.9900009350357575,33.770207047330416,0.0,0,0.0,0.0,26.44,27.34,-0.196,0.267
2024,11,Kurunegala,LK61,-0.5,0.866025403784438,0,0,1,0,416.89241,678.883993333333,136.224533333333,336.019,56.2215175,111.085726666666,1,7.4863,80.3647,89.22,2.06,25.89,83.48,2.32,3.9900009350357575,33.770207047330416,0.5,3,0.5,0.0,26.45,26.73,-0.382,0.115
2024,12,Kurunegala,LK61,-2.4492935982947e-16,1.0,0,0,0,1,107.310128999999,844.187719999999,73.87888,416.89241,336.019,136.224533333333,1,7.4863,80.3647,89.64,1.8,24.94,89.22,2.06,3.9900009350357575,33.770207047330416,0.5,3,0.5,0.5,26.0,26.45,-0.331,-0.196
2017,1,Puttalam,LK62,0.499999999999999,0.866025403784438,0,0,0,1,90.5887877,358.470393333333,142.920886666666,134.463284228571,297.279037485714,97.8403264761904,0,8.0362,79.8283,73.17,4.21,25.92,85.69857142857144,3.6942857142857135,2.1610722586815405,19.80870724011751,0.0,0,0.0,0.0,26.12,25.98,-0.086,-0.382
2017,2,Puttalam,LK62,0.866025403784438,0.5,0,0,0,1,41.205606,220.99689,108.155636666666,90.5887877,134.463284228571,142.920886666666,0,8.0362,79.8283,68.53,3.73,25.82,73.17,4.21,2.1610722586815405,19.80870724011751,0.75,3,0.75,0.0,26.67,25.94,0.101,-0.31
2017,3,Puttalam,LK62,1.0,6.12323399573676e-17,1,0,0,0,201.373829,289.92834,230.653173333333,41.205606,90.5887877,108.155636666666,0,8.0362,79.8283,75.16,2.24,26.52,68.53,3.73,2.1610722586815405,19.80870724011751,0.0,0,0.0,0.75,27.32,26.1,0.357,-0.086
2017,4,Puttalam,LK62,0.866025403784438,-0.499999999999999,1,0,0,0,71.1495308,354.513996666666,45.5063413333333,201.373829,41.205606,230.653173333333,0,8.0362,79.8283,76.39,3.11,27.75,75.16,2.24,2.1610722586815405,19.80870724011751,0.0,0,0.0,0.0,28.03,26.12,0.498,0.101
2017,5,Puttalam,LK62,0.499999999999999,-0.866025403784438,0,1,0,0,213.831775,425.548306666666,175.11053,71.1495308,201.373829,45.5063413333333,0,8.0362,79.8283,78.72,4.44,29.02,76.39,3.11,2.1610722586815405,19.80870724011751,0.25,1,0.25,0.0,28.3,26.67,0.536,0.357
2017,6,Puttalam,LK62,1.22464679914735e-16,-1.0,0,1,0,0,56.028038,376.747703333333,119.59683,213.831775,71.1495308,175.11053,0,8.0362,79.8283,79.01,5.9,28.7,78.72,4.44,2.1610722586815405,19.80870724011751,0.25,1,0.25,0.25,28.06,27.32,0.424,0.498
2017,7,Puttalam,LK62,-0.499999999999999,-0.866025403784438,0,1,0,0,26.214953,301.105946666666,97.4730483333333,56.028038,213.831775,119.59683,0,8.0362,79.8283,76.71,5.42,28.06,79.01,5.9,2.1610722586815405,19.80870724011751,0.0,0,0.0,0.25,27.54,28.03,0.52,0.536
2017,8,Puttalam,LK62,-0.866025403784438,-0.5,0,1,0,0,81.3364469999999,219.489086666666,197.62607,26.214953,56.028038,97.4730483333333,0,8.0362,79.8283,78.77,5.45,28.2,76.71,5.42,2.1610722586815405,19.80870724011751,0.0,0,0.0,0.0,26.7,28.3,0.349,0.424
2017,9,Puttalam,LK62,-1.0,-1.83697019872102e-16,0,1,0,0,155.485981,253.90342,162.496034333333,81.3364469999999,26.214953,197.62607,0,8.0362,79.8283,80.17,4.98,27.83,78.77,5.45,2.1610722586815405,19.80870724011751,0.0,0,0.0,0.0,26.29,28.06,0.035,0.52
2017,10,Puttalam,LK62,-0.866025403784438,0.5,0,0,1,0,172.747665,341.317733333333,65.325789,155.485981,81.3364469999999,162.496034333333,0,8.0362,79.8283,81.34,4.06,27.54,80.17,4.98,2.1610722586815405,19.80870724011751,0.0,0,0.0,0.0,26.15,27.54,0.015,0.349
2017,11,Puttalam,LK62,-0.5,0.866025403784438,0,0,1,0,257.887849,525.22428,91.2455323333333,172.747665,155.485981,65.325789,0,8.0362,79.8283,83.86,3.43,27.57,81.34,4.06,2.1610722586815405,19.80870724011751,0.0,0,0.0,0.0,25.74,26.7,0.289,0.035
2017,12,Puttalam,LK62,-2.4492935982947e-16,1.0,0,0,0,1,72.607477,514.267893333333,58.522754,257.887849,172.747665,91.2455323333333,0,8.0362,79.8283,82.26,3.43,26.57,83.86,3.43,2.1610722586815405,19.80870724011751,0.0,0,0.0,0.0,25.62,26.29,0.11,0.015
2018,1,Puttalam,LK62,0.499999999999999,0.866025403784438,0,0,0,1,21.3457945999999,423.800626666666,47.8258576666666,72.607477,257.887849,58.522754,0,8.0362,79.8283,74.73,3.79,25.83,82.26,3.43,2.2507469226516457,20.27600450418345,0.0,0,0.0,0.0,25.57,26.15,-0.2,0.289
2018,2,Puttalam,LK62,0.866025403784438,0.5,0,0,0,1,27.6822428,197.43925,79.5915466666666,21.3457945999999,72.607477,47.8258576666666,0,8.0362,79.8283,69.45,3.99,25.59,74.73,3.79,2.2507469226516457,20.27600450418345,0.25,1,0.25,0.0,25.97,25.74,0.216,0.11
2018,3,Puttalam,LK62,1.0,6.12323399573676e-17,1,0,0,0,87.607475,122.252333333333,110.192814333333,27.6822428,21.3457945999999,79.5915466666666,0,8.0362,79.8283,69.66,3.02,27.31,69.45,3.99,2.2507469226516457,20.27600450418345,0.25,1,0.25,0.25,26.48,25.62,-0.12,-0.2
2018,4,Puttalam,LK62,0.866025403784438,-0.499999999999999,1,0,0,0,159.95327,225.028033333333,91.045667,87.607475,27.6822428,110.192814333333,0,8.0362,79.8283,74.27,2.02,28.64,69.66,3.02,2.2507469226516457,20.27600450418345,0.25,1,0.25,0.25,27.31,25.57,-0.083,0.216
2018,5,Puttalam,LK62,0.499999999999999,-0.866025403784438,0,1,0,0,289.75701,457.96884,215.418833333333,159.95327,87.607475,91.045667,1,8.0362,79.8283,84.96,3.77,29.02,74.27,2.02,2.2507469226516457,20.27600450418345,0.25,1,0.25,0.25,27.73,25.97,0.122,-0.12
2018,6,Puttalam,LK62,1.22464679914735e-16,-1.0,0,1,0,0,60.0841125,530.046719999999,119.433413666666,289.75701,159.95327,215.418833333333,0,8.0362,79.8283,86.38,5.85,27.72,84.96,3.77,2.2507469226516457,20.27600450418345,0.0,0,0.0,0.25,27.77,26.48,0.155,-0.083
2018,7,Puttalam,LK62,-0.499999999999999,-0.866025403784438,0,1,0,0,15.906542,418.987546666666,73.479996,60.0841125,289.75701,119.433413666666,0,8.0362,79.8283,83.94,5.51,27.21,86.38,5.85,2.2507469226516457,20.27600450418345,0.25,1,0.25,0.0,27.42,27.31,0.053,0.122
2018,8,Puttalam,LK62,-0.866025403784438,-0.5,0,1,0,0,34.6822432,184.517143333333,91.8253746666666,15.906542,60.0841125,73.479996,0,8.0362,79.8283,81.66,5.6,26.9,83.94,5.51,2.2507469226516457,20.27600450418345,0.25,1,0.25,0.25,26.94,27.73,0.121,0.155
2018,9,Puttalam,LK62,-1.0,-1.83697019872102e-16,0,1,0,0,103.242992,108.825551333333,89.17168,34.6822432,15.906542,91.8253746666666,0,8.0362,79.8283,76.5,4.45,26.82,81.66,5.6,2.2507469226516457,20.27600450418345,0.25,1,0.25,0.25,27.19,27.77,0.604,0.053
2018,10,Puttalam,LK62,-0.866025403784438,0.5,0,0,1,0,353.71027,397.766333333333,150.235546666666,103.242992,34.6822432,89.17168,0,8.0362,79.8283,82.55,2.5,27.6,76.5,4.45,2.2507469226516457,20.27600450418345,0.0,0,0.0,0.25,27.62,27.42,0.684,0.121
2018,11,Puttalam,LK62,-0.5,0.866025403784438,0,0,1,0,218.299068,643.981296666666,77.0037823333333,353.71027,103.242992,150.235546666666,0,8.0362,79.8283,84.73,2.87,26.9,82.55,2.5,2.2507469226516457,20.27600450418345,0.25,1,0.25,0.0,27.61,26.94,0.5,0.604
2018,12,Puttalam,LK62,-2.4492935982947e-16,1.0,0,0,0,1,56.299065,666.548249999999,48.4696096666666,218.299068,353.71027,77.0037823333333,0,8.0362,79.8283,84.45,3.44,26.3,84.73,2.87,2.2507469226516457,20.27600450418345,0.5,2,0.5,0.25,27.49,27.19,0.309,0.684
2019,1,Puttalam,LK62,0.499999999999999,0.866025403784438,0,0,0,1,9.4205607,379.0,31.8282173333333,56.299065,218.299068,48.4696096666666,0,8.0362,79.8283,77.35,4.09,25.66,84.45,3.44,2.340421586621751,20.743301768249395,0.25,1,0.25,0.5,27.19,27.62,0.387,0.5
2019,2,Puttalam,LK62,0.866025403784438,0.5,0,0,0,1,49.9813085,159.373833333333,109.002918666666,9.4205607,56.299065,31.8282173333333,0,8.0362,79.8283,75.46,3.37,25.33,77.35,4.09,2.340421586621751,20.743301768249395,1.0,4,1.0,0.25,27.46,27.61,0.416,0.309
2019,3,Puttalam,LK62,1.0,6.12323399573676e-17,1,0,0,0,27.112149,96.0436133333333,43.9614733333333,49.9813085,9.4205607,109.002918666666,0,8.0362,79.8283,62.72,2.86,27.3,75.46,3.37,2.340421586621751,20.743301768249395,0.0,0,0.0,1.0,28.09,27.49,0.225,0.387
2019,4,Puttalam,LK62,0.866025403784438,-0.499999999999999,1,0,0,0,141.9345813,153.01558,80.1507996666666,27.112149,49.9813085,43.9614733333333,0,8.0362,79.8283,66.09,2.17,29.49,62.72,2.86,2.340421586621751,20.743301768249395,0.0,0,0.0,0.0,28.44,27.19,0.258,0.416
2019,5,Puttalam,LK62,0.499999999999999,-0.866025403784438,0,1,0,0,40.5046744,197.009363333333,44.1182453333333,141.9345813,27.112149,80.1507996666666,0,8.0362,79.8283,75.14,5.02,30.31,66.09,2.17,2.340421586621751,20.743301768249395,0.25,1,0.25,0.0,28.48,27.46,0.54,0.225
2019,6,Puttalam,LK62,1.22464679914735e-16,-1.0,0,1,0,0,76.429907,255.168243333333,143.11928,40.5046744,141.9345813,44.1182453333333,0,8.0362,79.8283,76.33,6.03,29.51,75.14,5.02,2.340421586621751,20.743301768249395,0.0,0,0.0,0.25,28.18,28.09,0.605,0.258
2019,7,Puttalam,LK62,-0.499999999999999,-0.866025403784438,0,1,0,0,19.8878505,199.604373333333,83.0914666666666,76.429907,40.5046744,143.11928,0,8.0362,79.8283,74.13,5.64,29.08,76.33,6.03,2.340421586621751,20.743301768249395,0.0,0,0.0,0.0,27.64,28.44,0.597,0.54
2019,8,Puttalam,LK62,-0.866025403784438,-0.5,0,1,0,0,73.5233619999999,170.177553333333,194.804306666666,19.8878505,76.429907,83.0914666666666,0,8.0362,79.8283,77.71,5.95,28.6,74.13,5.64,2.340421586621751,20.743301768249395,0.0,0,0.0,0.0,26.9,28.48,0.436,0.605
2019,9,Puttalam,LK62,-1.0,-1.83697019872102e-16,0,1,0,0,186.261685,214.423676666666,176.895875333333,73.5233619999999,19.8878505,194.804306666666,0,8.0362,79.8283,80.23,4.61,27.78,77.71,5.95,2.340421586621751,20.743301768249395,0.0,0,0.0,0.0,26.75,28.18,0.892,0.597
2019,10,Puttalam,LK62,-0.866025403784438,0.5,0,0,1,0,396.570085,522.06541,153.559246666666,186.261685,73.5233619999999,176.895875333333,0,8.0362,79.8283,85.53,2.47,27.51,80.23,4.61,2.340421586621751,20.743301768249395,0.25,1,0.25,0.0,27.2,27.64,0.964,0.436
2019,11,Puttalam,LK62,-0.5,0.866025403784438,0,0,1,0,198.560745,715.669766666666,73.7701743333333,396.570085,186.261685,153.559246666666,1,8.0362,79.8283,85.35,2.78,26.53,85.53,2.47,2.340421586621751,20.743301768249395,0.5,2,0.5,0.25,27.22,26.9,0.835,0.892
2019,12,Puttalam,LK62,-2.4492935982947e-16,1.0,0,0,0,1,172.588781999999,815.872253333333,120.572266666666,198.560745,396.570085,73.7701743333333,1,8.0362,79.8283,87.35,3.76,26.73,85.35,2.78,2.340421586621751,20.743301768249395,0.75,3,0.75,0.5,27.12,26.75,0.243,0.964
2020,1,Puttalam,LK62,0.499999999999999,0.866025403784438,0,0,0,1,17.1775703,522.943906666666,41.9136986666666,172.588781999999,198.560745,120.572266666666,0,8.0362,79.8283,82.73,3.74,26.02,87.35,3.76,2.430096250591856,21.21059903231534,0.75,3,0.75,0.75,27.15,27.2,0.173,0.835
2020,2,Puttalam,LK62,0.866025403784438,0.5,0,0,0,1,10.4579434999999,280.672906666666,46.026069,17.1775703,172.588781999999,41.9136986666666,0,8.0362,79.8283,77.25,4.09,25.61,82.73,3.74,2.430096250591856,21.21059903231534,0.75,3,0.75,0.75,27.12,27.22,0.054,0.243
2020,3,Puttalam,LK62,1.0,6.12323399573676e-17,1,0,0,0,31.280373,79.0155753333333,48.8896326666666,10.4579434999999,17.1775703,46.026069,0,8.0362,79.8283,65.3,2.85,26.39,77.25,4.09,2.430096250591856,21.21059903231534,0.25,1,0.25,0.75,27.76,27.12,0.019,0.173
2020,4,Puttalam,LK62,0.866025403784438,-0.499999999999999,1,0,0,0,91.037382,92.82243,55.3979746666666,31.280373,10.4579434999999,48.8896326666666,0,8.0362,79.8283,70.23,2.3,29.1,65.3,2.85,2.430096250591856,21.21059903231534,0.0,0,0.0,0.25,28.18,27.15,-0.011,0.054
2020,5,Puttalam,LK62,0.499999999999999,-0.866025403784438,0,1,0,0,215.224294,293.414323333333,151.439678,91.037382,31.280373,55.3979746666666,0,8.0362,79.8283,81.24,3.97,29.84,70.23,2.3,2.430096250591856,21.21059903231534,0.0,0,0.0,0.0,27.66,27.12,0.298,0.019
2020,6,Puttalam,LK62,1.22464679914735e-16,-1.0,0,1,0,0,87.299066,379.666649999999,166.599798666666,215.224294,91.037382,151.439678,0,8.0362,79.8283,80.87,5.39,28.73,81.24,3.97,2.430096250591856,21.21059903231534,0.0,0,0.0,0.0,27.39,27.76,0.455,-0.011
2020,7,Puttalam,LK62,-0.499999999999999,-0.866025403784438,0,1,0,0,88.859816,410.439266666666,245.525786666666,87.299066,215.224294,166.599798666666,0,8.0362,79.8283,81.03,4.69,28.03,80.87,5.39,2.430096250591856,21.21059903231534,0.0,0,0.0,0.0,26.99,28.18,0.319,0.298
2020,8,Puttalam,LK62,-0.866025403784438,-0.5,0,1,0,0,30.626168,245.4268,98.038889,88.859816,87.299066,245.525786666666,0,8.0362,79.8283,79.38,5.38,27.28,81.03,4.69,2.430096250591856,21.21059903231534,0.25,1,0.25,0.0,26.26,27.66,-0.183,0.455
2020,9,Puttalam,LK62,-1.0,-1.83697019872102e-16,0,1,0,0,178.345797,274.090366666666,167.96366,30.626168,88.859816,98.038889,0,8.0362,79.8283,82.56,5.28,27.66,79.38,5.38,2.430096250591856,21.21059903231534,0.25,1,0.25,0.25,25.89,27.39,-0.189,0.319
2020,10,Puttalam,LK62,-0.866025403784438,0.5,0,0,1,0,66.028038,272.61682,28.6177153333333,178.345797,30.626168,167.96366,0,8.0362,79.8283,79.43,4.65,27.06,82.56,5.28,2.430096250591856,21.21059903231534,0.0,0,0.0,0.25,25.46,26.99,0.074,-0.183
2020,11,Puttalam,LK62,-0.5,0.866025403784438,0,0,1,0,288.355136,479.666673333333,100.889711333333,66.028038,178.345797,28.6177153333333,1,8.0362,79.8283,84.48,3.0,27.54,79.43,4.65,2.430096250591856,21.21059903231534,0.25,1,0.25,0.0,25.28,26.26,0.02,-0.189
2020,12,Puttalam,LK62,-2.4492935982947e-16,1.0,0,0,0,1,180.514021,545.981296666666,125.428122333333,288.355136,66.028038,100.889711333333,1,8.0362,79.8283,86.51,4.0,26.91,84.48,3.0,2.430096250591856,21.21059903231534,0.25,1,0.25,0.25,25.44,25.89,0.031,0.074
2021,1,Puttalam,LK62,0.499999999999999,0.866025403784438,0,0,0,1,121.990655,598.5296,170.94811,180.514021,288.355136,125.428122333333,1,8.0362,79.8283,86.9,3.49,25.84,86.51,4.0,2.519770914561961,21.677896296381284,0.25,1,0.25,0.25,25.55,25.46,0.051,0.02
2021,2,Puttalam,LK62,0.866025403784438,0.5,0,0,0,1,14.0560742,376.118376666666,50.7273176666666,121.990655,180.514021,170.94811,0,8.0362,79.8283,82.57,3.77,25.41,86.9,3.49,2.519770914561961,21.677896296381284,0.25,1,0.25,0.25,25.75,25.28,0.243,0.031
2021,3,Puttalam,LK62,1.0,6.12323399573676e-17,1,0,0,0,79.747665,225.875396666666,96.9549256666666,14.0560742,121.990655,50.7273176666666,1,8.0362,79.8283,77.88,3.05,25.39,82.57,3.77,2.519770914561961,21.677896296381284,0.5,2,0.5,0.25,26.48,25.44,0.267,0.051
2021,4,Puttalam,LK62,0.866025403784438,-0.499999999999999,1,0,0,0,101.654203,173.395636666666,60.230895,79.747665,14.0560742,96.9549256666666,0,8.0362,79.8283,77.97,2.54,27.05,77.88,3.05,2.519770914561961,21.677896296381284,0.75,3,0.75,0.5,27.1,25.55,0.25,0.243
2021,5,Puttalam,LK62,0.499999999999999,-0.866025403784438,0,1,0,0,273.532716,375.33021,205.378083333333,101.654203,79.747665,60.230895,0,8.0362,79.8283,84.0,4.1,28.45,77.97,2.54,2.519770914561961,21.677896296381284,0.25,1,0.25,0.75,27.47,25.75,0.009,0.267
2021,6,Puttalam,LK62,1.22464679914735e-16,-1.0,0,1,0,0,98.869165,488.5296,173.864201333333,273.532716,101.654203,205.378083333333,0,8.0362,79.8283,84.99,5.09,27.96,84.0,4.1,2.519770914561961,21.677896296381284,0.0,0,0.0,0.25,27.45,26.48,-0.002,0.25
2021,7,Puttalam,LK62,-0.499999999999999,-0.866025403784438,0,1,0,0,39.990655,450.489116666666,129.94182,98.869165,273.532716,173.864201333333,0,8.0362,79.8283,84.42,5.45,27.46,84.99,5.09,2.519770914561961,21.677896296381284,0.0,0,0.0,0.0,26.9,27.1,-0.229,0.009
2021,8,Puttalam,LK62,-0.866025403784438,-0.5,0,1,0,0,36.11215,241.707166666666,99.5198233333333,39.990655,98.869165,129.94182,0,8.0362,79.8283,82.29,5.3,27.26,84.42,5.45,2.519770914561961,21.677896296381284,0.0,0,0.0,0.0,26.32,27.47,-0.099,-0.002
2021,9,Puttalam,LK62,-1.0,-1.83697019872102e-16,0,1,0,0,113.186916,158.454826666666,108.854553,36.11215,39.990655,99.5198233333333,0,8.0362,79.8283,81.72,5.12,27.14,82.29,5.3,2.519770914561961,21.677896296381284,0.0,0,0.0,0.0,26.17,27.45,-0.058,-0.229
2021,10,Puttalam,LK62,-0.866025403784438,0.5,0,0,1,0,321.23365,332.93769,119.994720666666,113.186916,36.11215,108.854553,0,8.0362,79.8283,84.06,3.92,27.54,81.72,5.12,2.519770914561961,21.677896296381284,0.0,0,0.0,0.0,25.77,26.9,-0.091,-0.099
2021,11,Puttalam,LK62,-0.5,0.866025403784438,0,0,1,0,457.308413999999,772.423666666666,157.455698,321.23365,113.186916,119.994720666666,1,8.0362,79.8283,88.0,3.48,27.04,84.06,3.92,2.519770914561961,21.677896296381284,0.0,0,0.0,0.0,25.76,26.32,0.069,-0.058
2021,12,Puttalam,LK62,-2.4492935982947e-16,1.0,0,0,0,1,46.2429915999999,860.077833333333,39.798846,457.308413999999,321.23365,157.455698,1,8.0362,79.8283,84.47,3.38,26.23,88.0,3.48,2.519770914561961,21.677896296381284,0.0,0,0.0,0.0,25.54,26.17,-0.12,-0.091
2022,1,Puttalam,LK62,0.499999999999999,0.866025403784438,0,0,0,1,25.0467292,664.937703333333,51.1512593333333,46.2429915999999,457.308413999999,39.798846,1,8.0362,79.8283,82.77,3.54,25.79,84.47,3.38,2.6094455785320663,22.14519356044723,0.75,3,0.75,0.0,25.6,25.77,-0.056,0.069
2022,2,Puttalam,LK62,0.866025403784438,0.5,0,0,0,1,61.336449,247.850479999999,139.396824666666,25.0467292,46.2429915999999,51.1512593333333,1,8.0362,79.8283,80.58,3.65,25.81,82.77,3.54,2.6094455785320663,22.14519356044723,0.75,3,0.75,0.75,25.86,25.76,-0.082,-0.12
2022,3,Puttalam,LK62,1.0,6.12323399573676e-17,1,0,0,0,59.2336449999999,129.096574666666,76.1990333333333,61.336449,25.0467292,139.396824666666,0,8.0362,79.8283,77.4,3.15,25.72,80.58,3.65,2.6094455785320663,22.14519356044723,0.5,2,0.5,0.75,26.31,25.54,-0.093,-0.056
2022,4,Puttalam,LK62,0.866025403784438,-0.499999999999999,1,0,0,0,304.261685,351.090333333333,172.633515333333,59.2336449999999,61.336449,76.1990333333333,0,8.0362,79.8283,81.8,2.29,27.73,77.4,3.15,2.6094455785320663,22.14519356044723,0.0,0,0.0,0.5,26.7,25.6,-0.068,-0.082
2022,5,Puttalam,LK62,0.499999999999999,-0.866025403784438,0,1,0,0,81.35514,428.283476666666,75.9950616666666,304.261685,59.2336449999999,172.633515333333,0,8.0362,79.8283,84.46,5.65,27.88,81.8,2.29,2.6094455785320663,22.14519356044723,0.25,1,0.25,0.0,26.82,25.86,-0.122,-0.093
2022,6,Puttalam,LK62,1.22464679914735e-16,-1.0,0,1,0,0,45.1495309999999,442.09347,99.129065,81.35514,304.261685,75.9950616666666,0,8.0362,79.8283,84.48,5.09,27.96,84.46,5.65,2.6094455785320663,22.14519356044723,0.25,1,0.25,0.25,26.98,26.31,-0.335,-0.068
2022,7,Puttalam,LK62,-0.499999999999999,-0.866025403784438,0,1,0,0,50.7009344,228.5919,154.995862333333,45.1495309999999,81.35514,99.129065,0,8.0362,79.8283,81.6,4.71,27.22,84.48,5.09,2.6094455785320663,22.14519356044723,0.0,0,0.0,0.25,26.6,26.7,-0.195,-0.122
2022,8,Puttalam,LK62,-0.866025403784438,-0.5,0,1,0,0,70.3271003,161.44237,152.203806666666,50.7009344,45.1495309999999,154.995862333333,0,8.0362,79.8283,81.67,5.44,27.19,81.6,4.71,2.6094455785320663,22.14519356044723,0.0,0,0.0,0.0,25.88,26.82,-0.246,-0.335
2022,9,Puttalam,LK62,-1.0,-1.83697019872102e-16,0,1,0,0,60.4766354,183.330216666666,65.948085,70.3271003,50.7009344,152.203806666666,0,8.0362,79.8283,80.77,5.14,27.0,81.67,5.44,2.6094455785320663,22.14519356044723,0.0,0,0.0,0.0,25.65,26.98,-0.322,-0.195
2022,10,Puttalam,LK62,-0.866025403784438,0.5,0,0,1,0,192.018687,279.068533333333,74.8474786666666,60.4766354,70.3271003,65.948085,0,8.0362,79.8283,81.61,3.9,27.14,80.77,5.14,2.6094455785320663,22.14519356044723,0.0,0,0.0,0.0,25.73,26.6,-0.691,-0.246
2022,11,Puttalam,LK62,-0.5,0.866025403784438,0,0,1,0,191.4392504,458.24298,67.677163,192.018687,60.4766354,74.8474786666666,0,8.0362,79.8283,83.54,2.76,26.9,81.61,3.9,2.6094455785320663,22.14519356044723,0.25,1,0.25,0.0,25.8,25.88,-0.269,-0.322
2022,12,Puttalam,LK62,-2.4492935982947e-16,1.0,0,0,0,1,195.439253,525.280386666666,142.317983333333,191.4392504,192.018687,67.677163,0,8.0362,79.8283,85.56,3.86,25.92,83.54,2.76,2.6094455785320663,22.14519356044723,0.0,0,0.0,0.25,25.75,25.65,-0.091,-0.691
2023,1,Puttalam,LK62,0.499999999999999,0.866025403784438,0,0,0,1,56.925232,493.498416666666,93.0026166666666,195.439253,191.4392504,142.317983333333,0,8.0362,79.8283,83.24,4.15,25.72,85.56,3.86,2.6991202425021714,22.61249082451317,0.0,0,0.0,0.0,25.83,25.73,0.11,-0.269
2023,2,Puttalam,LK62,0.866025403784438,0.5,0,0,0,1,50.6915901,325.838013333333,107.355296666666,56.925232,195.439253,93.0026166666666,0,8.0362,79.8283,82.94,3.94,24.53,83.24,4.15,2.6991202425021714,22.61249082451317,0.25,1,0.25,0.0,26.29,25.8,0.157,-0.091
2023,3,Puttalam,LK62,1.0,6.12323399573676e-17,1,0,0,0,56.53271,201.233646666666,72.469205,50.6915901,56.925232,107.355296666666,0,8.0362,79.8283,78.94,2.77,25.16,82.94,3.94,2.6991202425021714,22.61249082451317,0.0,0,0.0,0.25,27.17,25.75,0.414,0.11
2023,4,Puttalam,LK62,0.866025403784438,-0.499999999999999,1,0,0,0,148.8317818,221.959523333333,87.7235259999999,56.53271,50.6915901,72.469205,0,8.0362,79.8283,77.25,2.23,27.41,78.94,2.77,2.6991202425021714,22.61249082451317,0.0,0,0.0,0.0,27.96,25.83,0.56,0.157
2023,5,Puttalam,LK62,0.499999999999999,-0.866025403784438,0,1,0,0,335.785058,523.18381,217.555929333333,148.8317818,56.53271,87.7235259999999,0,8.0362,79.8283,83.29,4.08,28.59,77.25,2.23,2.6991202425021714,22.61249082451317,0.0,0,0.0,0.0,28.39,26.29,0.443,0.414
2023,6,Puttalam,LK62,1.22464679914735e-16,-1.0,0,1,0,0,63.336445,552.5857,132.311469999999,335.785058,148.8317818,217.555929333333,0,8.0362,79.8283,81.13,5.58,28.17,83.29,4.08,2.6991202425021714,22.61249082451317,0.0,0,0.0,0.0,28.57,27.17,0.665,0.56
2023,7,Puttalam,LK62,-0.499999999999999,-0.866025403784438,0,1,0,0,21.1028032,473.199356666666,85.28003,63.336445,335.785058,132.311469999999,0,8.0362,79.8283,78.62,5.63,28.35,81.13,5.58,2.6991202425021714,22.61249082451317,0.25,1,0.25,0.0,28.32,27.96,0.498,0.443
2023,8,Puttalam,LK62,-0.866025403784438,-0.5,0,1,0,0,18.299065,115.66667,65.0217633333333,21.1028032,63.336445,85.28003,0,8.0362,79.8283,74.87,5.21,28.06,78.62,5.63,2.6991202425021714,22.61249082451317,0.0,0,0.0,0.25,28.2,28.39,0.826,0.665
2023,9,Puttalam,LK62,-1.0,-1.83697019872102e-16,0,1,0,0,69.588784,105.763241333333,72.6864166666666,18.299065,21.1028032,65.0217633333333,0,8.0362,79.8283,78.26,5.63,28.7,74.87,5.21,2.6991202425021714,22.61249082451317,0.0,0,0.0,0.0,28.32,28.57,0.946,0.498
2023,10,Puttalam,LK62,-0.866025403784438,0.5,0,0,1,0,295.915885,281.15576,115.272243333333,69.588784,18.299065,72.6864166666666,0,8.0362,79.8283,83.5,3.12,27.95,78.26,5.63,2.6991202425021714,22.61249082451317,0.0,0,0.0,0.0,28.44,28.32,0.804,0.826
2023,11,Puttalam,LK62,-0.5,0.866025403784438,0,0,1,0,469.1028,734.694666666666,160.128816666666,295.915885,69.588784,115.272243333333,0,8.0362,79.8283,86.36,2.1,27.09,83.5,3.12,2.6991202425021714,22.61249082451317,0.0,0,0.0,0.0,28.72,28.2,0.92,0.946
2023,12,Puttalam,LK62,-2.4492935982947e-16,1.0,0,0,0,1,217.5514,969.39875,149.772703333333,469.1028,295.915885,160.128816666666,0,8.0362,79.8283,89.29,3.99,26.8,86.36,2.1,2.6991202425021714,22.61249082451317,0.0,0,0.0,0.0,28.62,28.32,0.852,0.804
2024,1,Puttalam,LK62,0.499999999999999,0.866025403784438,0,0,0,1,102.102802,886.887876666666,138.152786666666,217.5514,469.1028,149.772703333333,1,8.0362,79.8283,85.58,3.81,26.58,89.29,3.99,2.788794906472277,23.079788088579114,0.0,0,0.0,0.0,28.35,28.44,0.765,0.92
2024,2,Puttalam,LK62,0.866025403784438,0.5,0,0,0,1,9.3551403,434.872246666666,43.8030713333333,102.102802,217.5514,138.152786666666,1,8.0362,79.8283,83.07,4.06,25.67,85.58,3.81,2.788794906472277,23.079788088579114,0.75,3,0.75,0.0,28.27,28.72,0.327,0.852
2024,3,Puttalam,LK62,1.0,6.12323399573676e-17,1,0,0,0,19.0373832,163.766356666666,35.243425,9.3551403,102.102802,43.8030713333333,1,8.0362,79.8283,72.04,2.99,26.57,83.07,4.06,2.788794906472277,23.079788088579114,0.75,3,0.75,0.75,28.41,28.62,0.421,0.765
2024,4,Puttalam,LK62,0.866025403784438,-0.499999999999999,1,0,0,0,116.252335,105.89097,68.4660106666666,19.0373832,9.3551403,35.243425,0,8.0362,79.8283,70.37,2.08,28.21,72.04,2.99,2.788794906472277,23.079788088579114,0.75,3,0.75,0.75,28.59,28.35,0.44,0.327
2024,5,Puttalam,LK62,0.499999999999999,-0.866025403784438,0,1,0,0,310.448593,341.386296666666,229.245756666666,116.252335,19.0373832,68.4660106666666,0,8.0362,79.8283,80.54,4.13,30.54,70.37,2.08,2.788794906472277,23.079788088579114,0.0,0,0.0,0.75,28.16,28.27,0.298,0.421
2024,6,Puttalam,LK62,1.22464679914735e-16,-1.0,0,1,0,0,47.560747,472.794373333333,98.2648233333333,310.448593,116.252335,229.245756666666,0,8.0362,79.8283,84.68,5.33,29.16,80.54,4.13,2.788794906472277,23.079788088579114,0.0,0,0.0,0.0,27.9,28.41,0.197,0.44
2024,7,Puttalam,LK62,-0.499999999999999,-0.866025403784438,0,1,0,0,20.299065,421.006206666666,83.7604949999999,47.560747,310.448593,98.2648233333333,0,8.0362,79.8283,80.67,5.42,27.94,84.68,5.33,2.788794906472277,23.079788088579114,0.0,0,0.0,0.0,27.34,28.59,0.033,0.298
2024,8,Puttalam,LK62,-0.866025403784438,-0.5,0,1,0,0,57.6915879999999,214.940809999999,149.231788,20.299065,47.560747,83.7604949999999,0,8.0362,79.8283,81.85,4.79,28.09,80.67,5.42,2.788794906472277,23.079788088579114,0.0,0,0.0,0.0,26.73,28.16,0.267,0.197
2024,9,Puttalam,LK62,-1.0,-1.83697019872102e-16,0,1,0,0,44.009346,110.900311333333,46.9713206666666,57.6915879999999,20.299065,149.231788,0,8.0362,79.8283,79.45,5.29,27.75,81.85,4.79,2.788794906472277,23.079788088579114,0.0,0,0.0,0.0,26.45,27.9,0.115,0.033
2024,10,Puttalam,LK62,-0.866025403784438,0.5,0,0,1,0,265.878507,296.560756666666,113.323941333333,44.009346,57.6915879999999,46.9713206666666,1,8.0362,79.8283,83.77,3.5,28.39,79.45,5.29,2.788794906472277,23.079788088579114,0.0,0,0.0,0.0,26.44,27.34,-0.196,0.267
2024,11,Puttalam,LK62,-0.5,0.866025403784438,0,0,1,0,393.850446,572.89098,138.44384,265.878507,44.009346,113.323941333333,1,8.0362,79.8283,85.55,3.46,27.46,83.77,3.5,2.788794906472277,23.079788088579114,0.75,3,0.75,0.0,26.45,26.73,-0.382,0.115
2024,12,Puttalam,LK62,-2.4492935982947e-16,1.0,0,0,0,1,72.112152,722.909633333333,61.0590446666666,393.850446,265.878507,138.44384,1,8.0362,79.8283,85.24,3.14,26.93,85.55,3.46,2.788794906472277,23.079788088579114,0.75,3,0.75,0.75,26.0,26.45,-0.331,-0.196
2017,1,Anuradhapura,LK71,0.499999999999999,0.866025403784438,0,0,0,1,159.71915,411.927636666666,159.7919,237.029789714285,317.537993857142,96.7388332380952,1,8.3114,80.4037,76.72,2.74,25.00714285714286,88.83285714285714,2.404285714285714,4.320186176685065,17.509345634656402,0.0,0,0.0,0.0,26.12,25.98,-0.086,-0.382
2017,2,Anuradhapura,LK71,0.866025403784438,0.5,0,0,0,1,39.3787243,322.455323333333,102.896021333333,159.71915,237.029789714285,159.7919,0,8.3114,80.4037,71.91,2.46,24.69,76.72,2.74,4.320186176685065,17.509345634656402,0.125,1,0.125,0.0,26.67,25.94,0.101,-0.31
2017,3,Anuradhapura,LK71,1.0,6.12323399573676e-17,1,0,0,0,143.808509999999,343.072346666666,203.159073333333,39.3787243,159.71915,102.896021333333,0,8.3114,80.4037,78.96,1.67,25.25,71.91,2.46,4.320186176685065,17.509345634656402,0.125,1,0.125,0.125,27.32,26.1,0.357,-0.086
2017,4,Anuradhapura,LK71,0.866025403784438,-0.499999999999999,1,0,0,0,55.2978729999999,329.073766666666,45.9092183333333,143.808509999999,39.3787243,203.159073333333,1,8.3114,80.4037,71.06,2.06,26.6,78.96,1.67,4.320186176685065,17.509345634656402,0.0,0,0.0,0.125,28.03,26.12,0.498,0.101
2017,5,Anuradhapura,LK71,0.499999999999999,-0.866025403784438,0,1,0,0,193.808514,340.469506666666,179.137133333333,55.2978729999999,143.808509999999,45.9092183333333,1,8.3114,80.4037,75.88,3.06,29.3,71.06,2.06,4.320186176685065,17.509345634656402,0.125,1,0.125,0.0,28.3,26.67,0.536,0.357
2017,6,Anuradhapura,LK71,1.22464679914735e-16,-1.0,0,1,0,0,6.22127643,281.28936,102.168536666666,193.808514,55.2978729999999,179.137133333333,0,8.3114,80.4037,73.68,4.71,28.8,75.88,3.06,4.320186176685065,17.509345634656402,0.0,0,0.0,0.125,28.06,27.32,0.424,0.498
2017,7,Anuradhapura,LK71,-0.499999999999999,-0.866025403784438,0,1,0,0,52.502128,244.91915,137.933513333333,6.22127643,193.808514,102.168536666666,0,8.3114,80.4037,69.4,4.19,28.38,73.68,4.71,4.320186176685065,17.509345634656402,0.0,0,0.0,0.0,27.54,28.03,0.52,0.536
2017,8,Anuradhapura,LK71,-0.866025403784438,-0.5,0,1,0,0,118.595741,211.31206,216.691143333333,52.502128,6.22127643,137.933513333333,0,8.3114,80.4037,73.88,4.19,28.92,69.4,4.19,4.320186176685065,17.509345634656402,0.0,0,0.0,0.0,26.7,28.3,0.349,0.424
2017,9,Anuradhapura,LK71,-1.0,-1.83697019872102e-16,0,1,0,0,123.710636999999,271.443963333333,125.410085666666,118.595741,52.502128,216.691143333333,0,8.3114,80.4037,76.26,3.68,28.25,73.88,4.19,4.320186176685065,17.509345634656402,0.0,0,0.0,0.0,26.29,28.06,0.035,0.52
2017,10,Anuradhapura,LK71,-0.866025403784438,0.5,0,0,1,0,203.199999,369.678013333333,79.261,123.710636999999,118.595741,125.410085666666,0,8.3114,80.4037,77.56,3.08,27.75,76.26,3.68,4.320186176685065,17.509345634656402,0.125,1,0.125,0.0,26.15,27.54,0.015,0.349
2017,11,Anuradhapura,LK71,-0.5,0.866025403784438,0,0,1,0,281.382984999999,553.777279999999,90.00613,203.199999,123.710636999999,79.261,0,8.3114,80.4037,87.91,2.34,27.65,77.56,3.08,4.320186176685065,17.509345634656402,0.0,0,0.0,0.125,25.74,26.7,0.289,0.035
2017,12,Anuradhapura,LK71,-2.4492935982947e-16,1.0,0,0,0,1,91.229787,573.914866666666,39.905593,281.382984999999,203.199999,90.00613,0,8.3114,80.4037,85.0,2.2,25.64,87.91,2.34,4.320186176685065,17.509345634656402,0.0,0,0.0,0.0,25.62,26.29,0.11,0.015
2018,1,Anuradhapura,LK71,0.499999999999999,0.866025403784438,0,0,0,1,31.0468075,489.249679999999,39.1439929999999,91.229787,281.382984999999,39.905593,0,8.3114,80.4037,78.46,2.35,24.92,85.0,2.2,4.04704402051676,16.73980406740574,0.0,0,0.0,0.0,25.57,26.15,-0.2,0.289
2018,2,Anuradhapura,LK71,0.866025403784438,0.5,0,0,0,1,16.8085105999999,227.598583333333,55.7075169999999,31.0468075,91.229787,39.1439929999999,1,8.3114,80.4037,71.71,2.8,24.47,78.46,2.35,4.04704402051676,16.73980406740574,0.375,3,0.375,0.0,25.97,25.74,0.216,0.11
2018,3,Anuradhapura,LK71,1.0,6.12323399573676e-17,1,0,0,0,83.982979,126.17589,125.735483333333,16.8085105999999,31.0468075,55.7075169999999,1,8.3114,80.4037,71.51,2.18,26.3,71.71,2.8,4.04704402051676,16.73980406740574,0.125,1,0.125,0.375,26.48,25.62,-0.12,-0.2
2018,4,Anuradhapura,LK71,0.866025403784438,-0.499999999999999,1,0,0,0,123.45532,193.760276666666,89.7274413333333,83.982979,16.8085105999999,125.735483333333,0,8.3114,80.4037,73.76,1.66,27.71,71.51,2.18,4.04704402051676,16.73980406740574,0.25,2,0.25,0.125,27.31,25.57,-0.083,0.216
2018,5,Anuradhapura,LK71,0.499999999999999,-0.866025403784438,0,1,0,0,358.880854,456.89219,286.381263333333,123.45532,83.982979,89.7274413333333,0,8.3114,80.4037,86.48,2.38,28.81,73.76,1.66,4.04704402051676,16.73980406740574,0.25,2,0.25,0.25,27.73,25.97,0.122,-0.12
2018,6,Anuradhapura,LK71,1.22464679914735e-16,-1.0,0,1,0,0,4.96595752,518.11915,97.78012,358.880854,123.45532,286.381263333333,0,8.3114,80.4037,83.54,4.72,27.1,86.48,2.38,4.04704402051676,16.73980406740574,0.125,1,0.125,0.25,27.77,26.48,0.155,-0.083
2018,7,Anuradhapura,LK71,-0.499999999999999,-0.866025403784438,0,1,0,0,28.374469,425.30214,90.9552749999999,4.96595752,358.880854,97.78012,0,8.3114,80.4037,75.41,4.67,27.09,83.54,4.72,4.04704402051676,16.73980406740574,0.25,2,0.25,0.125,27.42,27.31,0.053,0.122
2018,8,Anuradhapura,LK71,-0.866025403784438,-0.5,0,1,0,0,50.859575,172.402848333333,95.340267,28.374469,4.96595752,90.9552749999999,0,8.3114,80.4037,72.14,4.76,27.67,75.41,4.67,4.04704402051676,16.73980406740574,0.125,1,0.125,0.25,26.94,27.73,0.121,0.155
2018,9,Anuradhapura,LK71,-1.0,-1.83697019872102e-16,0,1,0,0,85.421276,120.262413333333,74.621342,50.859575,28.374469,95.340267,0,8.3114,80.4037,67.86,3.34,27.92,72.14,4.76,4.04704402051676,16.73980406740574,0.125,1,0.125,0.125,27.19,27.77,0.604,0.053
2018,10,Anuradhapura,LK71,-0.866025403784438,0.5,0,0,1,0,305.425544,361.808523333333,136.764745333333,85.421276,50.859575,74.621342,1,8.3114,80.4037,85.08,1.83,28.71,67.86,3.34,4.04704402051676,16.73980406740574,0.125,1,0.125,0.125,27.62,27.42,0.684,0.121
2018,11,Anuradhapura,LK71,-0.5,0.866025403784438,0,0,1,0,245.417012,622.70355,80.1585366666666,305.425544,85.421276,136.764745333333,1,8.3114,80.4037,88.01,2.07,26.25,85.08,1.83,4.04704402051676,16.73980406740574,0.125,1,0.125,0.125,27.61,26.94,0.5,0.604
2018,12,Anuradhapura,LK71,-2.4492935982947e-16,1.0,0,0,0,1,116.012764,673.550383333333,50.5375226666666,245.417012,305.425544,80.1585366666666,1,8.3114,80.4037,88.21,2.2,25.37,88.01,2.07,4.04704402051676,16.73980406740574,0.125,1,0.125,0.125,27.49,27.19,0.309,0.684
2019,1,Anuradhapura,LK71,0.499999999999999,0.866025403784438,0,0,0,1,12.3106385,457.609933333333,22.885213,116.012764,245.417012,50.5375226666666,1,8.3114,80.4037,81.94,2.51,24.69,88.21,2.2,3.773901864348453,15.970262500155076,0.5,4,0.5,0.125,27.19,27.62,0.387,0.5
2019,2,Anuradhapura,LK71,0.866025403784438,0.5,0,0,0,1,78.5319183,244.05532,129.718747666666,12.3106385,116.012764,22.885213,0,8.3114,80.4037,79.17,2.42,24.0,81.94,2.51,3.773901864348453,15.970262500155076,0.375,3,0.375,0.5,27.46,27.61,0.416,0.309
2019,3,Anuradhapura,LK71,1.0,6.12323399573676e-17,1,0,0,0,8.9319151,134.384401666666,29.198071,78.5319183,12.3106385,129.718747666666,0,8.3114,80.4037,64.72,2.31,26.24,79.17,2.42,3.773901864348453,15.970262500155076,0.0,0,0.0,0.375,28.09,27.49,0.225,0.387
2019,4,Anuradhapura,LK71,0.866025403784438,-0.499999999999999,1,0,0,0,113.727660399999,151.731923333333,81.4983733333333,8.9319151,78.5319183,29.198071,1,8.3114,80.4037,62.85,1.58,28.6,64.72,2.31,3.773901864348453,15.970262500155076,0.0,0,0.0,0.0,28.44,27.19,0.258,0.416
2019,5,Anuradhapura,LK71,0.499999999999999,-0.866025403784438,0,1,0,0,43.0468085,147.588653333333,54.290142,113.727660399999,8.9319151,81.4983733333333,0,8.3114,80.4037,67.64,3.73,30.49,62.85,1.58,3.773901864348453,15.970262500155076,0.0,0,0.0,0.0,28.48,27.46,0.54,0.225
2019,6,Anuradhapura,LK71,1.22464679914735e-16,-1.0,0,1,0,0,14.0170213999999,173.67801,130.633306666666,43.0468085,113.727660399999,54.290142,0,8.3114,80.4037,67.93,4.98,30.31,67.64,3.73,3.773901864348453,15.970262500155076,0.125,1,0.125,0.0,28.18,28.09,0.605,0.258
2019,7,Anuradhapura,LK71,-0.499999999999999,-0.866025403784438,0,1,0,0,24.5787228,125.268078333333,80.769535,14.0170213999999,43.0468085,130.633306666666,0,8.3114,80.4037,65.45,4.61,29.93,67.93,4.98,3.773901864348453,15.970262500155076,0.0,0,0.0,0.125,27.64,28.44,0.597,0.54
2019,8,Anuradhapura,LK71,-0.866025403784438,-0.5,0,1,0,0,65.548933,110.384393333333,136.34805,24.5787228,14.0170213999999,80.769535,0,8.3114,80.4037,72.76,4.91,29.59,65.45,4.61,3.773901864348453,15.970262500155076,0.125,1,0.125,0.0,26.9,28.48,0.436,0.605
2019,9,Anuradhapura,LK71,-1.0,-1.83697019872102e-16,0,1,0,0,175.829785999999,191.851063333333,161.63073,65.548933,24.5787228,136.34805,0,8.3114,80.4037,77.31,3.52,28.03,72.76,4.91,3.773901864348453,15.970262500155076,0.0,0,0.0,0.125,26.75,28.18,0.892,0.597
2019,10,Anuradhapura,LK71,-0.866025403784438,0.5,0,0,1,0,322.28511,439.859566666666,127.846133333333,175.829785999999,65.548933,161.63073,0,8.3114,80.4037,86.56,1.55,27.5,77.31,3.52,3.773901864348453,15.970262500155076,0.0,0,0.0,0.0,27.2,27.64,0.964,0.436
2019,11,Anuradhapura,LK71,-0.5,0.866025403784438,0,0,1,0,265.438295,636.059603333333,84.751414,322.28511,175.829785999999,127.846133333333,1,8.3114,80.4037,87.42,1.83,26.08,86.56,1.55,3.773901864348453,15.970262500155076,0.375,3,0.375,0.0,27.22,26.9,0.835,0.892
2019,12,Anuradhapura,LK71,-2.4492935982947e-16,1.0,0,0,0,1,348.974468,957.295033333333,139.7214,265.438295,322.28511,84.751414,1,8.3114,80.4037,89.85,2.47,26.04,87.42,1.83,3.773901864348453,15.970262500155076,0.5,4,0.5,0.375,27.12,26.75,0.243,0.964
2020,1,Anuradhapura,LK71,0.499999999999999,0.866025403784438,0,0,0,1,15.3063827,757.8737,25.337947,348.974468,265.438295,139.7214,1,8.3114,80.4037,85.25,2.34,25.14,89.85,2.47,3.500759708180147,15.20072093290441,0.625,5,0.625,0.5,27.15,27.2,0.173,0.835
2020,2,Anuradhapura,LK71,0.866025403784438,0.5,0,0,0,1,13.5999999,514.699253333333,51.46725,15.3063827,348.974468,25.337947,0,8.3114,80.4037,80.49,2.62,24.59,85.25,2.34,3.500759708180147,15.20072093290441,0.375,3,0.375,0.625,27.12,27.22,0.054,0.243
2020,3,Anuradhapura,LK71,1.0,6.12323399573676e-17,1,0,0,0,13.5319148,92.7092156666666,35.6647583333333,13.5999999,15.3063827,51.46725,0,8.3114,80.4037,68.99,2.35,25.13,80.49,2.62,3.500759708180147,15.20072093290441,0.25,2,0.25,0.375,27.76,27.12,0.019,0.173
2020,4,Anuradhapura,LK71,0.866025403784438,-0.499999999999999,1,0,0,0,88.32766,80.6879433333333,66.2274426666666,13.5319148,13.5999999,35.6647583333333,0,8.3114,80.4037,69.08,1.97,27.83,68.99,2.35,3.500759708180147,15.20072093290441,0.125,1,0.125,0.25,28.18,27.15,-0.011,0.054
2020,5,Anuradhapura,LK71,0.499999999999999,-0.866025403784438,0,1,0,0,213.91915,277.82838,157.344673333333,88.32766,13.5319148,66.2274426666666,0,8.3114,80.4037,79.63,2.84,29.68,69.08,1.97,3.500759708180147,15.20072093290441,0.0,0,0.0,0.125,27.66,27.12,0.298,0.019
2020,6,Anuradhapura,LK71,1.22464679914735e-16,-1.0,0,1,0,0,11.0255317,314.80426,126.013899999999,213.91915,88.32766,157.344673333333,0,8.3114,80.4037,75.92,4.16,28.56,79.63,2.84,3.500759708180147,15.20072093290441,0.0,0,0.0,0.0,27.39,27.76,0.455,-0.011
2020,7,Anuradhapura,LK71,-0.499999999999999,-0.866025403784438,0,1,0,0,129.953189,347.01845,297.489193333333,11.0255317,213.91915,126.013899999999,1,8.3114,80.4037,79.69,3.41,28.21,75.92,4.16,3.500759708180147,15.20072093290441,0.0,0,0.0,0.0,26.99,28.18,0.319,0.298
2020,8,Anuradhapura,LK71,-0.866025403784438,-0.5,0,1,0,0,25.3446804,201.85105,65.9288199999999,129.953189,11.0255317,297.489193333333,0,8.3114,80.4037,73.37,4.28,27.01,79.69,3.41,3.500759708180147,15.20072093290441,0.0,0,0.0,0.0,26.26,27.66,-0.183,0.455
2020,9,Anuradhapura,LK71,-1.0,-1.83697019872102e-16,0,1,0,0,185.242551,293.814193333333,167.018503333333,25.3446804,129.953189,65.9288199999999,0,8.3114,80.4037,80.78,4.05,28.2,73.37,4.28,3.500759708180147,15.20072093290441,0.125,1,0.125,0.0,25.89,27.39,-0.189,0.319
2020,10,Anuradhapura,LK71,-0.866025403784438,0.5,0,0,1,0,75.553191,299.988656666666,33.7993626666666,185.242551,25.3446804,167.018503333333,1,8.3114,80.4037,76.67,3.56,26.84,80.78,4.05,3.500759708180147,15.20072093290441,0.0,0,0.0,0.125,25.46,26.99,0.074,-0.183
2020,11,Anuradhapura,LK71,-0.5,0.866025403784438,0,0,1,0,324.90214,519.432633333333,104.704188666666,75.553191,185.242551,33.7993626666666,1,8.3114,80.4037,87.38,2.03,27.56,76.67,3.56,3.500759708180147,15.20072093290441,0.0,0,0.0,0.0,25.28,26.26,0.02,-0.189
2020,12,Anuradhapura,LK71,-2.4492935982947e-16,1.0,0,0,0,1,366.731918,703.07237,149.434796666666,324.90214,75.553191,104.704188666666,1,8.3114,80.4037,90.03,2.52,26.11,87.38,2.03,3.500759708180147,15.20072093290441,0.125,1,0.125,0.0,25.44,25.89,0.031,0.074
2021,1,Anuradhapura,LK71,0.499999999999999,0.866025403784438,0,0,0,1,254.127655,932.056753333333,208.764953333333,366.731918,324.90214,149.434796666666,1,8.3114,80.4037,90.2,2.24,24.91,90.03,2.52,3.227617552011841,14.431179365653746,0.125,1,0.125,0.125,25.55,25.46,0.051,0.02
2021,2,Anuradhapura,LK71,0.866025403784438,0.5,0,0,0,1,17.1574472,710.556,51.532241,254.127655,366.731918,208.764953333333,1,8.3114,80.4037,85.38,2.35,24.59,90.2,2.24,3.227617552011841,14.431179365653746,0.125,1,0.125,0.125,25.75,25.28,0.243,0.031
2021,3,Anuradhapura,LK71,1.0,6.12323399573676e-17,1,0,0,0,43.978724,412.95747,71.2859566666666,17.1574472,254.127655,51.532241,1,8.3114,80.4037,82.66,1.96,24.36,85.38,2.35,3.227617552011841,14.431179365653746,0.125,1,0.125,0.125,26.48,25.44,0.267,0.051
2021,4,Anuradhapura,LK71,0.866025403784438,-0.499999999999999,1,0,0,0,131.565958,193.226946666666,93.7179866666666,43.978724,17.1574472,71.2859566666666,0,8.3114,80.4037,78.68,1.83,25.84,82.66,1.96,3.227617552011841,14.431179365653746,0.25,2,0.25,0.125,27.1,25.55,0.25,0.243
2021,5,Anuradhapura,LK71,0.499999999999999,-0.866025403784438,0,1,0,0,150.238297,289.70637,123.91307,131.565958,43.978724,93.7179866666666,0,8.3114,80.4037,83.34,3.13,27.93,78.68,1.83,3.227617552011841,14.431179365653746,0.0,0,0.0,0.25,27.47,25.75,0.009,0.267
2021,6,Anuradhapura,LK71,1.22464679914735e-16,-1.0,0,1,0,0,17.08085093,314.235443333333,139.911763666666,150.238297,131.565958,123.91307,0,8.3114,80.4037,79.73,4.0,27.59,83.34,3.13,3.227617552011841,14.431179365653746,0.125,1,0.125,0.0,27.45,26.48,-0.002,0.25
2021,7,Anuradhapura,LK71,-0.499999999999999,-0.866025403784438,0,1,0,0,60.1914886,261.992906666666,161.196171666666,17.08085093,150.238297,139.911763666666,0,8.3114,80.4037,78.62,4.33,27.7,79.73,4.0,3.227617552011841,14.431179365653746,0.0,0,0.0,0.125,26.9,27.1,-0.229,0.009
2021,8,Anuradhapura,LK71,-0.866025403784438,-0.5,0,1,0,0,49.3361708,143.41277,95.6930383333333,60.1914886,17.08085093,161.196171666666,0,8.3114,80.4037,74.94,4.25,27.63,78.62,4.33,3.227617552011841,14.431179365653746,0.0,0,0.0,0.0,26.32,27.47,-0.099,-0.002
2021,9,Anuradhapura,LK71,-1.0,-1.83697019872102e-16,0,1,0,0,162.000003,209.622703333333,140.69163,49.3361708,60.1914886,95.6930383333333,0,8.3114,80.4037,77.17,3.91,27.8,74.94,4.25,3.227617552011841,14.431179365653746,0.0,0,0.0,0.0,26.17,27.45,-0.058,-0.229
2021,10,Anuradhapura,LK71,-0.866025403784438,0.5,0,0,1,0,311.263826,413.71064,129.330645333333,162.000003,49.3361708,140.69163,0,8.3114,80.4037,85.65,2.79,27.78,77.17,3.91,3.227617552011841,14.431179365653746,0.0,0,0.0,0.0,25.77,26.9,-0.091,-0.099
2021,11,Anuradhapura,LK71,-0.5,0.866025403784438,0,0,1,0,465.76596,819.029736666666,146.866073333333,311.263826,162.000003,129.330645333333,0,8.3114,80.4037,91.75,2.38,26.44,85.65,2.79,3.227617552011841,14.431179365653746,0.0,0,0.0,0.0,25.76,26.32,0.069,-0.058
2021,12,Anuradhapura,LK71,-2.4492935982947e-16,1.0,0,0,0,1,75.217021,892.35878,34.0597316666666,465.76596,311.263826,146.866073333333,1,8.3114,80.4037,87.41,2.09,25.32,91.75,2.38,3.227617552011841,14.431179365653746,0.125,1,0.125,0.0,25.54,26.17,-0.12,-0.091
2022,1,Anuradhapura,LK71,0.499999999999999,0.866025403784438,0,0,0,1,34.693617,688.988646666666,39.4776253333333,75.217021,465.76596,34.0597316666666,1,8.3114,80.4037,86.83,2.32,24.88,87.41,2.09,2.954475395843535,13.66163779840308,0.375,3,0.375,0.125,25.6,25.77,-0.056,0.069
2022,2,Anuradhapura,LK71,0.866025403784438,0.5,0,0,0,1,95.7489327,319.628356666666,198.404355666666,34.693617,75.217021,39.4776253333333,0,8.3114,80.4037,84.8,2.24,24.61,86.83,2.32,2.954475395843535,13.66163779840308,0.5,4,0.5,0.375,25.86,25.76,-0.082,-0.12
2022,3,Anuradhapura,LK71,1.0,6.12323399573676e-17,1,0,0,0,67.936172,204.015606666666,103.46328,95.7489327,34.693617,198.404355666666,0,8.3114,80.4037,81.43,1.98,24.52,84.8,2.24,2.954475395843535,13.66163779840308,0.375,3,0.375,0.5,26.31,25.54,-0.093,-0.056
2022,4,Anuradhapura,LK71,0.866025403784438,-0.499999999999999,1,0,0,0,214.72341,326.041123333333,150.598535,67.936172,95.7489327,103.46328,1,8.3114,80.4037,84.95,1.6,26.68,81.43,1.98,2.954475395843535,13.66163779840308,0.125,1,0.125,0.375,26.7,25.6,-0.068,-0.082
2022,5,Anuradhapura,LK71,0.499999999999999,-0.866025403784438,0,1,0,0,43.8425527,345.547516666666,44.6744003333333,214.72341,67.936172,150.598535,1,8.3114,80.4037,86.34,4.13,27.14,84.95,1.6,2.954475395843535,13.66163779840308,0.0,0,0.0,0.125,26.82,25.86,-0.122,-0.093
2022,6,Anuradhapura,LK71,1.22464679914735e-16,-1.0,0,1,0,0,5.6510638,280.082306666666,102.579914666666,43.8425527,214.72341,44.6744003333333,0,8.3114,80.4037,81.4,3.85,27.18,86.34,4.13,2.954475395843535,13.66163779840308,0.0,0,0.0,0.0,26.98,26.31,-0.335,-0.068
2022,7,Anuradhapura,LK71,-0.499999999999999,-0.866025403784438,0,1,0,0,62.0680856,134.476593333333,147.196959333333,5.6510638,43.8425527,102.579914666666,0,8.3114,80.4037,77.38,3.63,27.17,81.4,3.85,2.954475395843535,13.66163779840308,0.0,0,0.0,0.0,26.6,26.7,-0.195,-0.122
2022,8,Anuradhapura,LK71,-0.866025403784438,-0.5,0,1,0,0,104.2893596,122.171632,170.579093333333,62.0680856,5.6510638,147.196959333333,0,8.3114,80.4037,77.72,4.05,27.41,77.38,3.63,2.954475395843535,13.66163779840308,0.0,0,0.0,0.0,25.88,26.82,-0.246,-0.335
2022,9,Anuradhapura,LK71,-1.0,-1.83697019872102e-16,0,1,0,0,54.5659591999999,209.655323333333,57.309762,104.2893596,62.0680856,170.579093333333,0,8.3114,80.4037,76.14,3.95,27.29,77.72,4.05,2.954475395843535,13.66163779840308,0.125,1,0.125,0.0,25.65,26.98,-0.322,-0.195
2022,10,Anuradhapura,LK71,-0.866025403784438,0.5,0,0,1,0,205.787234,328.531923333333,85.957236,54.5659591999999,104.2893596,57.309762,0,8.3114,80.4037,80.89,2.62,27.47,76.14,3.95,2.954475395843535,13.66163779840308,0.0,0,0.0,0.125,25.73,26.6,-0.691,-0.246
2022,11,Anuradhapura,LK71,-0.5,0.866025403784438,0,0,1,0,228.37872,528.251066666666,75.2997166666666,205.787234,54.5659591999999,85.957236,0,8.3114,80.4037,87.55,1.88,26.62,80.89,2.62,2.954475395843535,13.66163779840308,0.125,1,0.125,0.0,25.8,25.88,-0.269,-0.322
2022,12,Anuradhapura,LK71,-2.4492935982947e-16,1.0,0,0,0,1,339.03404,679.659633333333,136.37062,228.37872,205.787234,75.2997166666666,0,8.3114,80.4037,89.0,2.71,25.0,87.55,1.88,2.954475395843535,13.66163779840308,0.0,0,0.0,0.125,25.75,25.65,-0.091,-0.691
2023,1,Anuradhapura,LK71,0.499999999999999,0.866025403784438,0,0,0,1,111.651063499999,697.512,109.271367333333,339.03404,228.37872,136.37062,1,8.3114,80.4037,86.2,2.56,24.7,89.0,2.71,2.6813332396752285,12.89209623115242,0.25,2,0.25,0.0,25.83,25.73,0.11,-0.269
2023,2,Anuradhapura,LK71,0.866025403784438,0.5,0,0,0,1,101.5914841,561.91345,163.013154666666,111.651063499999,339.03404,109.271367333333,0,8.3114,80.4037,85.94,2.42,23.51,86.2,2.56,2.6813332396752285,12.89209623115242,0.0,0,0.0,0.25,26.29,25.8,0.157,-0.091
2023,3,Anuradhapura,LK71,1.0,6.12323399573676e-17,1,0,0,0,49.714895,343.929066666666,78.4161403333333,101.5914841,111.651063499999,163.013154666666,0,8.3114,80.4037,83.55,1.91,24.06,85.94,2.42,2.6813332396752285,12.89209623115242,0.0,0,0.0,0.0,27.17,25.75,0.414,0.11
2023,4,Anuradhapura,LK71,0.866025403784438,-0.499999999999999,1,0,0,0,104.4851024,261.30071,76.7363833333333,49.714895,101.5914841,78.4161403333333,0,8.3114,80.4037,79.37,1.61,26.18,83.55,1.91,2.6813332396752285,12.89209623115242,0.125,1,0.125,0.0,27.96,25.83,0.56,0.157
2023,5,Anuradhapura,LK71,0.499999999999999,-0.866025403784438,0,1,0,0,357.570211,483.123413333333,256.30592,104.4851024,49.714895,76.7363833333333,0,8.3114,80.4037,86.43,2.84,27.75,79.37,1.61,2.6813332396752285,12.89209623115242,0.0,0,0.0,0.125,28.39,26.29,0.443,0.414
2023,6,Anuradhapura,LK71,1.22464679914735e-16,-1.0,0,1,0,0,5.9021278,491.287953333333,104.497583666666,357.570211,104.4851024,256.30592,1,8.3114,80.4037,78.78,4.15,27.19,86.43,2.84,2.6813332396752285,12.89209623115242,0.0,0,0.0,0.0,28.57,27.17,0.665,0.56
2023,7,Anuradhapura,LK71,-0.499999999999999,-0.866025403784438,0,1,0,0,27.2595751,436.439746666666,90.919255,5.9021278,357.570211,104.497583666666,0,8.3114,80.4037,71.02,4.58,28.15,78.78,4.15,2.6813332396752285,12.89209623115242,0.125,1,0.125,0.0,28.32,27.96,0.498,0.443
2023,8,Anuradhapura,LK71,-0.866025403784438,-0.5,0,1,0,0,19.1702126,81.8595703333333,52.9372186666666,27.2595751,5.9021278,90.919255,0,8.3114,80.4037,65.13,4.17,28.75,71.02,4.58,2.6813332396752285,12.89209623115242,0.0,0,0.0,0.125,28.2,28.39,0.826,0.665
2023,9,Anuradhapura,LK71,-1.0,-1.83697019872102e-16,0,1,0,0,70.285104,90.4907779999999,70.1325823333333,19.1702126,27.2595751,52.9372186666666,0,8.3114,80.4037,72.9,4.56,29.95,65.13,4.17,2.6813332396752285,12.89209623115242,0.0,0,0.0,0.0,28.32,28.57,0.946,0.498
2023,10,Anuradhapura,LK71,-0.866025403784438,0.5,0,0,1,0,252.502123999999,253.32057,103.291993333333,70.285104,19.1702126,70.1325823333333,0,8.3114,80.4037,82.95,2.25,28.28,72.9,4.56,2.6813332396752285,12.89209623115242,0.0,0,0.0,0.0,28.44,28.32,0.804,0.826
2023,11,Anuradhapura,LK71,-0.5,0.866025403784438,0,0,1,0,411.480845,649.595736666666,131.817106666666,252.502123999999,70.285104,103.291993333333,0,8.3114,80.4037,89.55,1.39,26.92,82.95,2.25,2.6813332396752285,12.89209623115242,0.0,0,0.0,0.0,28.72,28.2,0.92,0.946
2023,12,Anuradhapura,LK71,-2.4492935982947e-16,1.0,0,0,0,1,322.00853,946.421286666666,127.142168666666,411.480845,252.502123999999,131.817106666666,0,8.3114,80.4037,92.33,2.64,26.11,89.55,1.39,2.6813332396752285,12.89209623115242,0.0,0,0.0,0.0,28.62,28.32,0.852,0.804
2024,1,Anuradhapura,LK71,0.499999999999999,0.866025403784438,0,0,0,1,155.570218999999,972.560276666666,120.826661666666,322.00853,411.480845,127.142168666666,1,8.3114,80.4037,88.3,2.35,25.81,92.33,2.64,2.4081910835069222,12.122554663901752,0.0,0,0.0,0.0,28.35,28.44,0.765,0.92
2024,2,Anuradhapura,LK71,0.866025403784438,0.5,0,0,0,1,8.2510639,576.78863,40.193541,155.570218999999,322.00853,120.826661666666,1,8.3114,80.4037,85.45,2.67,24.74,88.3,2.35,2.4081910835069222,12.122554663901752,0.75,6,0.75,0.0,28.27,28.72,0.327,0.852
2024,3,Anuradhapura,LK71,1.0,6.12323399573676e-17,1,0,0,0,20.4127659999999,242.346113333333,42.655726,8.2510639,155.570218999999,40.193541,1,8.3114,80.4037,76.8,2.13,25.64,85.45,2.67,2.4081910835069222,12.122554663901752,0.75,6,0.75,0.75,28.41,28.62,0.421,0.765
2024,4,Anuradhapura,LK71,0.866025403784438,-0.499999999999999,1,0,0,0,61.268085,76.4595716666666,49.0533666666666,20.4127659999999,8.2510639,42.655726,0,8.3114,80.4037,69.15,1.73,26.85,76.8,2.13,2.4081910835069222,12.122554663901752,0.75,6,0.75,0.75,28.59,28.35,0.44,0.327
2024,5,Anuradhapura,LK71,0.499999999999999,-0.866025403784438,0,1,0,0,244.187235,245.775896666666,192.381893333333,61.268085,20.4127659999999,49.0533666666666,0,8.3114,80.4037,79.6,2.79,30.44,69.15,1.73,2.4081910835069222,12.122554663901752,0.0,0,0.0,0.75,28.16,28.27,0.298,0.421
2024,6,Anuradhapura,LK71,1.22464679914735e-16,-1.0,0,1,0,0,9.23829745,323.519133333333,110.88954,244.187235,61.268085,192.381893333333,0,8.3114,80.4037,79.34,4.3,29.03,79.6,2.79,2.4081910835069222,12.122554663901752,0.0,0,0.0,0.0,27.9,28.41,0.197,0.44
2024,7,Anuradhapura,LK71,-0.499999999999999,-0.866025403784438,0,1,0,0,18.7872341,291.375896666666,71.6547013333333,9.23829745,244.187235,110.88954,0,8.3114,80.4037,71.94,4.69,28.15,79.34,4.3,2.4081910835069222,12.122554663901752,0.0,0,0.0,0.0,27.34,28.59,0.033,0.298
2024,8,Anuradhapura,LK71,-0.866025403784438,-0.5,0,1,0,0,79.965956,170.333338666666,161.967316666666,18.7872341,9.23829745,71.6547013333333,0,8.3114,80.4037,76.96,3.7,28.87,71.94,4.69,2.4081910835069222,12.122554663901752,0.0,0,0.0,0.0,26.73,28.16,0.267,0.197
2024,9,Anuradhapura,LK71,-1.0,-1.83697019872102e-16,0,1,0,0,35.2340425999999,122.351776666666,40.3684666666666,79.965956,18.7872341,161.967316666666,0,8.3114,80.4037,73.33,4.35,28.12,76.96,3.7,2.4081910835069222,12.122554663901752,0.0,0,0.0,0.0,26.45,27.9,0.115,0.033
2024,10,Anuradhapura,LK71,-0.866025403784438,0.5,0,0,1,0,263.889363,305.022696666666,117.675221666666,35.2340425999999,79.965956,40.3684666666666,1,8.3114,80.4037,83.23,2.44,28.89,73.33,4.35,2.4081910835069222,12.122554663901752,0.0,0,0.0,0.0,26.44,27.34,-0.196,0.267
2024,11,Anuradhapura,LK71,-0.5,0.866025403784438,0,0,1,0,448.089364,560.540416666666,140.416748333333,263.889363,35.2340425999999,117.675221666666,1,8.3114,80.4037,89.16,2.4,27.12,83.23,2.44,2.4081910835069222,12.122554663901752,0.75,6,0.75,0.0,26.45,26.73,-0.382,0.115
2024,12,Anuradhapura,LK71,-2.4492935982947e-16,1.0,0,0,0,1,125.2723413,792.872313333333,53.6302436666666,448.089364,263.889363,140.416748333333,1,8.3114,80.4037,89.34,2.19,26.1,89.16,2.4,2.4081910835069222,12.122554663901752,0.75,6,0.75,0.75,26.0,26.45,-0.331,-0.196
2017,1,Polonnaruwa,LK72,0.499999999999999,0.866025403784438,0,0,0,1,198.810340699999,498.59768,128.987186,322.152710571428,339.360842171428,94.9280494285714,0,7.9403,81.0188,78.01,3.1,25.751428571428573,87.29285714285713,2.7471428571428573,6.755732962678672,20.236411474099413,0.0,0,0.0,0.0,26.12,25.98,-0.086,-0.382
2017,2,Polonnaruwa,LK72,0.866025403784438,0.5,0,0,0,1,59.560342,413.726989999999,96.0901493333333,198.810340699999,322.152710571428,128.987186,1,7.9403,81.0188,72.98,2.78,25.21,78.01,3.1,6.755732962678672,20.236411474099413,0.4,2,0.4,0.0,26.67,25.94,0.101,-0.31
2017,3,Polonnaruwa,LK72,1.0,6.12323399573676e-17,1,0,0,0,151.8620694,428.0517,194.057585333333,59.560342,198.810340699999,96.0901493333333,0,7.9403,81.0188,81.95,1.92,25.97,72.98,2.78,6.755732962678672,20.236411474099413,0.2,1,0.2,0.4,27.32,26.1,0.357,-0.086
2017,4,Polonnaruwa,LK72,0.866025403784438,-0.499999999999999,1,0,0,0,32.5517237,363.784473333333,40.204425,151.8620694,59.560342,194.057585333333,0,7.9403,81.0188,74.45,1.9,26.62,81.95,1.92,6.755732962678672,20.236411474099413,0.0,0,0.0,0.2,28.03,26.12,0.498,0.101
2017,5,Polonnaruwa,LK72,0.499999999999999,-0.866025403784438,0,1,0,0,240.068974,348.284496666666,163.913626666666,32.5517237,151.8620694,40.204425,0,7.9403,81.0188,74.92,3.4,28.97,74.45,1.9,6.755732962678672,20.236411474099413,0.2,1,0.2,0.0,28.3,26.67,0.536,0.357
2017,6,Polonnaruwa,LK72,1.22464679914735e-16,-1.0,0,1,0,0,19.12931,308.47986,119.182501333333,240.068974,32.5517237,163.913626666666,0,7.9403,81.0188,71.55,4.82,29.11,74.92,3.4,6.755732962678672,20.236411474099413,0.2,1,0.2,0.2,28.06,27.32,0.424,0.498
2017,7,Polonnaruwa,LK72,-0.499999999999999,-0.866025403784438,0,1,0,0,58.577585,305.155156666666,110.03891,19.12931,240.068974,119.182501333333,0,7.9403,81.0188,68.55,4.51,28.99,71.55,4.82,6.755732962678672,20.236411474099413,0.0,0,0.0,0.2,27.54,28.03,0.52,0.536
2017,8,Polonnaruwa,LK72,-0.866025403784438,-0.5,0,1,0,0,130.03448,272.741376666666,176.402283333333,58.577585,19.12931,110.03891,0,7.9403,81.0188,70.85,4.46,29.31,68.55,4.51,6.755732962678672,20.236411474099413,0.0,0,0.0,0.0,26.7,28.3,0.349,0.424
2017,9,Polonnaruwa,LK72,-1.0,-1.83697019872102e-16,0,1,0,0,151.551725,321.65804,127.361899999999,130.03448,58.577585,176.402283333333,0,7.9403,81.0188,74.59,3.38,28.93,70.85,4.46,6.755732962678672,20.236411474099413,0.0,0,0.0,0.0,26.29,28.06,0.035,0.52
2017,10,Polonnaruwa,LK72,-0.866025403784438,0.5,0,0,1,0,241.74138,433.741383333333,88.7846413333333,151.551725,130.03448,127.361899999999,0,7.9403,81.0188,76.21,2.96,28.32,74.59,3.38,6.755732962678672,20.236411474099413,0.2,1,0.2,0.0,26.15,27.54,0.015,0.349
2017,11,Polonnaruwa,LK72,-0.5,0.866025403784438,0,0,1,0,326.46553,648.991416666666,95.5700996666666,241.74138,151.551725,88.7846413333333,0,7.9403,81.0188,87.68,2.89,28.18,76.21,2.96,6.755732962678672,20.236411474099413,0.2,1,0.2,0.2,25.74,26.7,0.289,0.035
2017,12,Polonnaruwa,LK72,-2.4492935982947e-16,1.0,0,0,0,1,128.336204,689.971283333333,39.6572313333333,326.46553,241.74138,95.5700996666666,0,7.9403,81.0188,84.83,2.48,26.15,87.68,2.89,6.755732962678672,20.236411474099413,0.0,0,0.0,0.2,25.62,26.29,0.11,0.015
2018,1,Polonnaruwa,LK72,0.499999999999999,0.866025403784438,0,0,0,1,36.732758,585.123526666666,28.5471583333333,128.336204,326.46553,39.6572313333333,1,7.9403,81.0188,83.3,2.54,25.56,84.83,2.48,6.811592460220859,20.483604462323544,0.2,1,0.2,0.0,25.57,26.15,-0.2,0.289
2018,2,Polonnaruwa,LK72,0.866025403784438,0.5,0,0,0,1,72.318964,309.640813333333,112.101593333333,36.732758,128.336204,28.5471583333333,0,7.9403,81.0188,80.41,2.85,24.66,83.3,2.54,6.811592460220859,20.483604462323544,0.6,3,0.6,0.2,25.97,25.74,0.216,0.11
2018,3,Polonnaruwa,LK72,1.0,6.12323399573676e-17,1,0,0,0,94.336207,205.330456666666,128.214568,72.318964,36.732758,112.101593333333,1,7.9403,81.0188,80.18,2.27,25.69,80.41,2.85,6.811592460220859,20.483604462323544,0.4,2,0.4,0.6,26.48,25.62,-0.12,-0.2
2018,4,Polonnaruwa,LK72,0.866025403784438,-0.499999999999999,1,0,0,0,86.431035,249.229889999999,87.1339966666666,94.336207,72.318964,128.214568,1,7.9403,81.0188,79.65,1.99,26.86,80.18,2.27,6.811592460220859,20.483604462323544,0.4,2,0.4,0.4,27.31,25.57,-0.083,0.216
2018,5,Polonnaruwa,LK72,0.499999999999999,-0.866025403784438,0,1,0,0,469.6207,526.749973333333,281.56689,86.431035,94.336207,87.1339966666666,0,7.9403,81.0188,84.0,2.11,28.12,79.65,1.99,6.811592460220859,20.483604462323544,0.4,2,0.4,0.4,27.73,25.97,0.122,-0.12
2018,6,Polonnaruwa,LK72,1.22464679914735e-16,-1.0,0,1,0,0,14.7499999,595.807473333333,102.532346666666,469.6207,86.431035,281.56689,0,7.9403,81.0188,83.5,4.59,27.77,84.0,2.11,6.811592460220859,20.483604462323544,0.2,1,0.2,0.4,27.77,26.48,0.155,-0.083
2018,7,Polonnaruwa,LK72,-0.499999999999999,-0.866025403784438,0,1,0,0,34.3706909999999,530.123583333333,73.8918553333333,14.7499999,469.6207,102.532346666666,0,7.9403,81.0188,74.37,5.17,27.32,83.5,4.59,6.811592460220859,20.483604462323544,0.2,1,0.2,0.2,27.42,27.31,0.053,0.122
2018,8,Polonnaruwa,LK72,-0.866025403784438,-0.5,0,1,0,0,86.3362066999999,258.698286666666,111.430782,34.3706909999999,14.7499999,73.8918553333333,0,7.9403,81.0188,70.16,5.3,27.98,74.37,5.17,6.811592460220859,20.483604462323544,0.0,0,0.0,0.2,26.94,27.73,0.121,0.155
2018,9,Polonnaruwa,LK72,-1.0,-1.83697019872102e-16,0,1,0,0,98.2327557,169.594826666666,75.2832876666666,86.3362066999999,34.3706909999999,111.430782,0,7.9403,81.0188,66.69,3.02,28.33,70.16,5.3,6.811592460220859,20.483604462323544,0.0,0,0.0,0.0,27.19,27.77,0.604,0.053
2018,10,Polonnaruwa,LK72,-0.866025403784438,0.5,0,0,1,0,310.491373,409.528736666666,130.621887333333,98.2327557,86.3362066999999,75.2832876666666,1,7.9403,81.0188,83.31,2.02,29.12,66.69,3.02,6.811592460220859,20.483604462323544,0.2,1,0.2,0.0,27.62,27.42,0.684,0.121
2018,11,Polonnaruwa,LK72,-0.5,0.866025403784438,0,0,1,0,296.750007,689.117773333333,90.781289,310.491373,98.2327557,130.621887333333,0,7.9403,81.0188,86.69,2.4,26.75,83.31,2.02,6.811592460220859,20.483604462323544,0.2,1,0.2,0.2,27.61,26.94,0.5,0.604
2018,12,Polonnaruwa,LK72,-2.4492935982947e-16,1.0,0,0,0,1,183.53448,792.965523333333,55.842282,296.750007,310.491373,90.781289,1,7.9403,81.0188,87.33,2.59,26.1,86.69,2.4,6.811592460220859,20.483604462323544,0.2,1,0.2,0.2,27.49,27.19,0.309,0.684
2019,1,Polonnaruwa,LK72,0.499999999999999,0.866025403784438,0,0,0,1,26.8189647,593.126406666666,22.1154446666666,183.53448,296.750007,55.842282,0,7.9403,81.0188,83.11,2.92,25.42,87.33,2.59,6.867451957763046,20.73079745054768,0.8,4,0.8,0.2,27.19,27.62,0.387,0.5
2019,2,Polonnaruwa,LK72,0.866025403784438,0.5,0,0,0,1,121.75862,382.502853333333,122.47621,26.8189647,183.53448,22.1154446666666,0,7.9403,81.0188,82.91,2.77,24.83,83.11,2.92,6.867451957763046,20.73079745054768,0.4,2,0.4,0.8,27.46,27.61,0.416,0.309
2019,3,Polonnaruwa,LK72,1.0,6.12323399573676e-17,1,0,0,0,8.0689655,204.293099999999,26.498178,121.75862,26.8189647,122.47621,0,7.9403,81.0188,69.66,2.54,26.31,82.91,2.77,6.867451957763046,20.73079745054768,0.2,1,0.2,0.4,28.09,27.49,0.225,0.387
2019,4,Polonnaruwa,LK72,0.866025403784438,-0.499999999999999,1,0,0,0,93.913794,190.250003333333,89.0386083333333,8.0689655,121.75862,26.498178,0,7.9403,81.0188,67.45,2.23,28.16,69.66,2.54,6.867451957763046,20.73079745054768,0.0,0,0.0,0.2,28.44,27.19,0.258,0.416
2019,5,Polonnaruwa,LK72,0.499999999999999,-0.866025403784438,0,1,0,0,69.853449,144.89368,53.6484486666666,93.913794,8.0689655,89.0386083333333,1,7.9403,81.0188,64.68,2.79,29.89,67.45,2.23,6.867451957763046,20.73079745054768,0.2,1,0.2,0.0,28.48,27.46,0.54,0.225
2019,6,Polonnaruwa,LK72,1.22464679914735e-16,-1.0,0,1,0,0,30.2413785999999,193.387933333333,142.368262,69.853449,93.913794,53.6484486666666,0,7.9403,81.0188,65.31,4.92,31.1,64.68,2.79,6.867451957763046,20.73079745054768,0.0,0,0.0,0.2,28.18,28.09,0.605,0.258
2019,7,Polonnaruwa,LK72,-0.499999999999999,-0.866025403784438,0,1,0,0,42.2672403,168.568966666666,84.1446466666666,30.2413785999999,69.853449,142.368262,0,7.9403,81.0188,64.34,4.45,30.49,65.31,4.92,6.867451957763046,20.73079745054768,0.0,0,0.0,0.0,27.64,28.44,0.597,0.54
2019,8,Polonnaruwa,LK72,-0.866025403784438,-0.5,0,1,0,0,149.060344,211.166669999999,196.937185333333,42.2672403,30.2413785999999,84.1446466666666,0,7.9403,81.0188,70.01,4.84,30.05,64.34,4.45,6.867451957763046,20.73079745054768,0.0,0,0.0,0.0,26.9,28.48,0.436,0.605
2019,9,Polonnaruwa,LK72,-1.0,-1.83697019872102e-16,0,1,0,0,206.594827,314.844833333333,170.475698333333,149.060344,42.2672403,196.937185333333,0,7.9403,81.0188,74.36,3.13,28.69,70.01,4.84,6.867451957763046,20.73079745054768,0.0,0,0.0,0.0,26.75,28.18,0.892,0.597
2019,10,Polonnaruwa,LK72,-0.866025403784438,0.5,0,0,1,0,310.577584,528.640826666666,109.05796,206.594827,149.060344,170.475698333333,0,7.9403,81.0188,84.37,1.8,28.22,74.36,3.13,6.867451957763046,20.73079745054768,0.4,2,0.4,0.0,27.2,27.64,0.964,0.436
2019,11,Polonnaruwa,LK72,-0.5,0.866025403784438,0,0,1,0,349.474146,707.255733333333,97.035596,310.577584,206.594827,109.05796,0,7.9403,81.0188,84.61,2.08,26.68,84.37,1.8,6.867451957763046,20.73079745054768,0.4,2,0.4,0.4,27.22,26.9,0.835,0.892
2019,12,Polonnaruwa,LK72,-2.4492935982947e-16,1.0,0,0,0,1,466.801749999999,1132.3391,136.959251333333,349.474146,310.577584,97.035596,1,7.9403,81.0188,88.03,2.89,26.78,84.61,2.08,6.867451957763046,20.73079745054768,0.6,3,0.6,0.4,27.12,26.75,0.243,0.964
2020,1,Polonnaruwa,LK72,0.499999999999999,0.866025403784438,0,0,0,1,18.0172423,980.382233333333,17.8526623333333,466.801749999999,349.474146,136.959251333333,1,7.9403,81.0188,83.55,2.78,25.92,88.03,2.89,6.923311455305233,20.9779904387718,0.4,2,0.4,0.6,27.15,27.2,0.173,0.835
2020,2,Polonnaruwa,LK72,0.866025403784438,0.5,0,0,0,1,13.577586,697.615016666666,32.724601,18.0172423,466.801749999999,17.8526623333333,1,7.9403,81.0188,81.69,3.02,25.59,83.55,2.78,6.923311455305233,20.9779904387718,0.6,3,0.6,0.4,27.12,27.22,0.054,0.243
2020,3,Polonnaruwa,LK72,1.0,6.12323399573676e-17,1,0,0,0,14.844828,123.479881666666,34.80557,13.577586,18.0172423,32.724601,0,7.9403,81.0188,73.11,2.52,25.69,81.69,3.02,6.923311455305233,20.9779904387718,0.0,0,0.0,0.6,27.76,27.12,0.019,0.173
2020,4,Polonnaruwa,LK72,0.866025403784438,-0.499999999999999,1,0,0,0,59.36207,70.9540216666666,61.5924776666666,14.844828,13.577586,34.80557,0,7.9403,81.0188,71.68,2.4,27.52,73.11,2.52,6.923311455305233,20.9779904387718,0.2,1,0.2,0.0,28.18,27.15,-0.011,0.054
2020,5,Polonnaruwa,LK72,0.499999999999999,-0.866025403784438,0,1,0,0,324.431036,326.594823333333,181.635191333333,59.36207,14.844828,61.5924776666666,0,7.9403,81.0188,79.53,2.88,29.45,71.68,2.4,6.923311455305233,20.9779904387718,0.0,0,0.0,0.2,27.66,27.12,0.298,0.019
2020,6,Polonnaruwa,LK72,1.22464679914735e-16,-1.0,0,1,0,0,36.103447,408.738506666666,183.230748333333,324.431036,59.36207,181.635191333333,0,7.9403,81.0188,76.58,4.22,28.85,79.53,2.88,6.923311455305233,20.9779904387718,0.0,0,0.0,0.0,27.39,27.76,0.455,-0.011
2020,7,Polonnaruwa,LK72,-0.499999999999999,-0.866025403784438,0,1,0,0,127.732755,456.706906666666,208.309473333333,36.103447,324.431036,183.230748333333,0,7.9403,81.0188,78.25,3.33,28.43,76.58,4.22,6.923311455305233,20.9779904387718,0.2,1,0.2,0.0,26.99,28.18,0.319,0.298
2020,8,Polonnaruwa,LK72,-0.866025403784438,-0.5,0,1,0,0,53.5344827,273.008606666666,82.5453603333333,127.732755,36.103447,208.309473333333,0,7.9403,81.0188,71.86,4.09,27.6,78.25,3.33,6.923311455305233,20.9779904387718,0.2,1,0.2,0.2,26.26,27.66,-0.183,0.455
2020,9,Polonnaruwa,LK72,-1.0,-1.83697019872102e-16,0,1,0,0,280.439657,396.632149999999,211.114583333333,53.5344827,127.732755,82.5453603333333,0,7.9403,81.0188,75.92,4.1,28.74,71.86,4.09,6.923311455305233,20.9779904387718,0.0,0,0.0,0.2,25.89,27.39,-0.189,0.319
2020,10,Polonnaruwa,LK72,-0.866025403784438,0.5,0,0,1,0,120.689662,449.428143333333,45.2586256666666,280.439657,53.5344827,211.114583333333,0,7.9403,81.0188,72.97,3.93,27.79,75.92,4.1,6.923311455305233,20.9779904387718,0.0,0,0.0,0.0,25.46,26.99,0.074,-0.183
2020,11,Polonnaruwa,LK72,-0.5,0.866025403784438,0,0,1,0,282.08621,638.00285,86.0940046666666,120.689662,280.439657,45.2586256666666,0,7.9403,81.0188,85.51,2.29,28.45,72.97,3.93,6.923311455305233,20.9779904387718,0.2,1,0.2,0.0,25.28,26.26,0.02,-0.189
2020,12,Polonnaruwa,LK72,-2.4492935982947e-16,1.0,0,0,0,1,479.42242,791.017286666666,141.826418,282.08621,120.689662,86.0940046666666,0,7.9403,81.0188,88.08,2.72,26.79,85.51,2.29,6.923311455305233,20.9779904387718,0.2,1,0.2,0.2,25.44,25.89,0.031,0.074
2021,1,Polonnaruwa,LK72,0.499999999999999,0.866025403784438,0,0,0,1,380.982769999999,1124.65236666666,194.07039,479.42242,282.08621,141.826418,0,7.9403,81.0188,88.9,2.61,25.71,88.08,2.72,6.97917095284742,21.22518342699593,0.2,1,0.2,0.2,25.55,25.46,0.051,0.02
2021,2,Polonnaruwa,LK72,0.866025403784438,0.5,0,0,0,1,32.672413,954.591989999999,48.3568383333333,380.982769999999,479.42242,194.07039,0,7.9403,81.0188,84.3,2.75,25.28,88.9,2.61,6.97917095284742,21.22518342699593,0.4,2,0.4,0.2,25.75,25.28,0.243,0.031
2021,3,Polonnaruwa,LK72,1.0,6.12323399573676e-17,1,0,0,0,56.146552,622.083356666666,80.7569196666666,32.672413,380.982769999999,48.3568383333333,0,7.9403,81.0188,82.21,2.18,25.35,84.3,2.75,6.97917095284742,21.22518342699593,0.4,2,0.4,0.4,26.48,25.44,0.267,0.051
2021,4,Polonnaruwa,LK72,0.866025403784438,-0.499999999999999,1,0,0,0,100.491379999999,230.586216666666,95.271347,56.146552,32.672413,80.7569196666666,0,7.9403,81.0188,80.06,1.82,26.44,82.21,2.18,6.97917095284742,21.22518342699593,0.2,1,0.2,0.4,27.1,25.55,0.25,0.243
2021,5,Polonnaruwa,LK72,0.499999999999999,-0.866025403784438,0,1,0,0,208.887926,309.528733333333,125.76779,100.491379999999,56.146552,95.271347,1,7.9403,81.0188,83.88,3.15,27.97,80.06,1.82,6.97917095284742,21.22518342699593,0.0,0,0.0,0.2,27.47,25.75,0.009,0.267
2021,6,Polonnaruwa,LK72,1.22464679914735e-16,-1.0,0,1,0,0,32.0948286,356.732736666666,148.43828,208.887926,100.491379999999,125.76779,0,7.9403,81.0188,80.83,3.92,27.83,83.88,3.15,6.97917095284742,21.22518342699593,0.0,0,0.0,0.0,27.45,26.48,-0.002,0.25
2021,7,Polonnaruwa,LK72,-0.499999999999999,-0.866025403784438,0,1,0,0,78.3448242,343.20975,143.877493333333,32.0948286,208.887926,148.43828,0,7.9403,81.0188,79.21,4.51,27.9,80.83,3.92,6.97917095284742,21.22518342699593,0.0,0,0.0,0.0,26.9,27.1,-0.229,0.009
2021,8,Polonnaruwa,LK72,-0.866025403784438,-0.5,0,1,0,0,86.1206859999999,220.077579999999,113.961126666666,78.3448242,32.0948286,143.877493333333,0,7.9403,81.0188,75.01,4.46,27.85,79.21,4.51,6.97917095284742,21.22518342699593,0.0,0,0.0,0.0,26.32,27.47,-0.099,-0.002
2021,9,Polonnaruwa,LK72,-1.0,-1.83697019872102e-16,0,1,0,0,197.577576,296.382166666666,148.671423333333,86.1206859999999,78.3448242,113.961126666666,0,7.9403,81.0188,76.02,3.89,28.03,75.01,4.46,6.97917095284742,21.22518342699593,0.0,0,0.0,0.0,26.17,27.45,-0.058,-0.229
2021,10,Polonnaruwa,LK72,-0.866025403784438,0.5,0,0,1,0,301.112058,486.90229,120.802875333333,197.577576,86.1206859999999,148.671423333333,0,7.9403,81.0188,82.42,2.95,28.27,76.02,3.89,6.97917095284742,21.22518342699593,0.0,0,0.0,0.0,25.77,26.9,-0.091,-0.099
2021,11,Polonnaruwa,LK72,-0.5,0.866025403784438,0,0,1,0,466.836215,856.62071,136.633358333333,301.112058,197.577576,120.802875333333,0,7.9403,81.0188,89.76,2.76,27.21,82.42,2.95,6.97917095284742,21.22518342699593,0.0,0,0.0,0.0,25.76,26.32,0.069,-0.058
2021,12,Polonnaruwa,LK72,-2.4492935982947e-16,1.0,0,0,0,1,116.715516,920.045999999999,35.6947813333333,466.836215,301.112058,136.633358333333,0,7.9403,81.0188,84.95,2.47,25.92,89.76,2.76,6.97917095284742,21.22518342699593,0.0,0,0.0,0.0,25.54,26.17,-0.12,-0.091
2022,1,Polonnaruwa,LK72,0.499999999999999,0.866025403784438,0,0,0,1,32.689656,722.416666666666,23.542104,116.715516,466.836215,35.6947813333333,1,7.9403,81.0188,85.62,2.7,25.8,84.95,2.47,7.035030450389606,21.47237641522005,0.8,4,0.8,0.0,25.6,25.77,-0.056,0.069
2022,2,Polonnaruwa,LK72,0.866025403784438,0.5,0,0,0,1,182.948272,423.21267,236.631126666666,32.689656,116.715516,23.542104,0,7.9403,81.0188,84.13,2.64,25.41,85.62,2.7,7.035030450389606,21.47237641522005,0.4,2,0.4,0.8,25.86,25.76,-0.082,-0.12
2022,3,Polonnaruwa,LK72,1.0,6.12323399573676e-17,1,0,0,0,98.7327606,335.364943333333,131.033683333333,182.948272,32.689656,236.631126666666,0,7.9403,81.0188,83.87,2.35,25.4,84.13,2.64,7.035030450389606,21.47237641522005,0.2,1,0.2,0.4,26.31,25.54,-0.093,-0.056
2022,4,Polonnaruwa,LK72,0.866025403784438,-0.499999999999999,1,0,0,0,126.198277,381.160916666666,121.0285,98.7327606,182.948272,131.033683333333,0,7.9403,81.0188,83.56,1.66,26.84,83.87,2.35,7.035030450389606,21.47237641522005,0.6,3,0.6,0.2,26.7,25.6,-0.068,-0.082
2022,5,Polonnaruwa,LK72,0.499999999999999,-0.866025403784438,0,1,0,0,78.249999,336.93679,54.922505,126.198277,98.7327606,121.0285,0,7.9403,81.0188,85.23,4.02,27.64,83.56,1.66,7.035030450389606,21.47237641522005,0.4,2,0.4,0.6,26.82,25.86,-0.122,-0.093
2022,6,Polonnaruwa,LK72,1.22464679914735e-16,-1.0,0,1,0,0,16.3965518,230.373566666666,115.773655,78.249999,126.198277,54.922505,0,7.9403,81.0188,80.67,3.95,27.73,85.23,4.02,7.035030450389606,21.47237641522005,0.2,1,0.2,0.4,26.98,26.31,-0.335,-0.068
2022,7,Polonnaruwa,LK72,-0.499999999999999,-0.866025403784438,0,1,0,0,105.551723,168.13505,170.346195666666,16.3965518,78.249999,115.773655,0,7.9403,81.0188,75.31,4.16,27.64,80.67,3.95,7.035030450389606,21.47237641522005,0.0,0,0.0,0.2,26.6,26.7,-0.195,-0.122
2022,8,Polonnaruwa,LK72,-0.866025403784438,-0.5,0,1,0,0,174.637936,233.054596666666,217.508024333333,105.551723,16.3965518,170.346195666666,0,7.9403,81.0188,75.51,4.49,28.02,75.31,4.16,7.035030450389606,21.47237641522005,0.0,0,0.0,0.0,25.88,26.82,-0.246,-0.335
2022,9,Polonnaruwa,LK72,-1.0,-1.83697019872102e-16,0,1,0,0,81.4051724,352.65803,68.9712506666666,174.637936,105.551723,217.508024333333,0,7.9403,81.0188,76.67,3.93,27.86,75.51,4.49,7.035030450389606,21.47237641522005,0.2,1,0.2,0.0,25.65,26.98,-0.322,-0.195
2022,10,Polonnaruwa,LK72,-0.866025403784438,0.5,0,0,1,0,229.53448,465.08045,89.840582,81.4051724,174.637936,68.9712506666666,0,7.9403,81.0188,80.15,2.98,27.78,76.67,3.93,7.035030450389606,21.47237641522005,0.0,0,0.0,0.2,25.73,26.6,-0.691,-0.246
2022,11,Polonnaruwa,LK72,-0.5,0.866025403784438,0,0,1,0,277.1724022,654.362043333333,87.1262046666666,229.53448,81.4051724,89.840582,0,7.9403,81.0188,86.21,2.23,27.13,80.15,2.98,7.035030450389606,21.47237641522005,0.0,0,0.0,0.0,25.8,25.88,-0.269,-0.322
2022,12,Polonnaruwa,LK72,-2.4492935982947e-16,1.0,0,0,0,1,468.40516,829.22123,136.217813333333,277.1724022,229.53448,87.1262046666666,0,7.9403,81.0188,87.72,3.15,25.7,86.21,2.23,7.035030450389606,21.47237641522005,0.0,0,0.0,0.0,25.75,25.65,-0.091,-0.691
2023,1,Polonnaruwa,LK72,0.499999999999999,0.866025403784438,0,0,0,1,181.974127,909.801676666666,114.672291333333,468.40516,277.1724022,136.217813333333,0,7.9403,81.0188,85.17,3.11,25.34,87.72,3.15,7.090889947931793,21.71956940344419,0.4,2,0.4,0.0,25.83,25.73,0.11,-0.269
2023,2,Polonnaruwa,LK72,0.866025403784438,0.5,0,0,0,1,137.965519,778.916653333333,154.308949333333,181.974127,468.40516,114.672291333333,0,7.9403,81.0188,84.55,2.88,24.53,85.17,3.11,7.090889947931793,21.71956940344419,0.6,3,0.6,0.4,26.29,25.8,0.157,-0.091
2023,3,Polonnaruwa,LK72,1.0,6.12323399573676e-17,1,0,0,0,87.801722,537.169496666666,121.483096666666,137.965519,181.974127,154.308949333333,0,7.9403,81.0188,83.8,2.26,25.04,84.55,2.88,7.090889947931793,21.71956940344419,0.4,2,0.4,0.6,27.17,25.75,0.414,0.11
2023,4,Polonnaruwa,LK72,0.866025403784438,-0.499999999999999,1,0,0,0,85.551722,369.465523333333,81.9818443333333,87.801722,137.965519,121.483096666666,0,7.9403,81.0188,80.8,1.74,26.65,83.8,2.26,7.090889947931793,21.71956940344419,0.2,1,0.2,0.4,27.96,25.83,0.56,0.157
2023,5,Polonnaruwa,LK72,0.499999999999999,-0.866025403784438,0,1,0,0,577.93105,681.813213333333,326.928503333333,85.551722,87.801722,81.9818443333333,0,7.9403,81.0188,84.58,2.81,28.01,80.8,1.74,7.090889947931793,21.71956940344419,0.0,0,0.0,0.2,28.39,26.29,0.443,0.414
2023,6,Polonnaruwa,LK72,1.22464679914735e-16,-1.0,0,1,0,0,29.370689,710.681063333333,167.783186666666,577.93105,85.551722,326.928503333333,1,7.9403,81.0188,77.88,4.26,27.83,84.58,2.81,7.090889947931793,21.71956940344419,0.0,0,0.0,0.0,28.57,27.17,0.665,0.56
2023,7,Polonnaruwa,LK72,-0.499999999999999,-0.866025403784438,0,1,0,0,35.8448283,681.146546666666,78.75527,29.370689,577.93105,167.783186666666,0,7.9403,81.0188,69.64,5.01,28.54,77.88,4.26,7.090889947931793,21.71956940344419,0.2,1,0.2,0.0,28.32,27.96,0.498,0.443
2023,8,Polonnaruwa,LK72,-0.866025403784438,-0.5,0,1,0,0,27.4655181999999,176.341956666666,48.1603103333333,35.8448283,29.370689,78.75527,0,7.9403,81.0188,64.26,3.8,29.2,69.64,5.01,7.090889947931793,21.71956940344419,0.0,0,0.0,0.2,28.2,28.39,0.826,0.665
2023,9,Polonnaruwa,LK72,-1.0,-1.83697019872102e-16,0,1,0,0,163.991388,172.12644,122.315186666666,27.4655181999999,35.8448283,48.1603103333333,0,7.9403,81.0188,73.19,3.93,30.34,64.26,3.8,7.090889947931793,21.71956940344419,0.0,0,0.0,0.0,28.32,28.57,0.946,0.498
2023,10,Polonnaruwa,LK72,-0.866025403784438,0.5,0,0,1,0,322.577582,411.235643333333,127.266766666666,163.991388,27.4655181999999,122.315186666666,0,7.9403,81.0188,82.83,2.03,28.69,73.19,3.93,7.090889947931793,21.71956940344419,0.0,0,0.0,0.0,28.44,28.32,0.804,0.826
2023,11,Polonnaruwa,LK72,-0.5,0.866025403784438,0,0,1,0,376.741385,769.798853333333,112.94766,322.577582,163.991388,127.266766666666,0,7.9403,81.0188,87.1,1.75,27.27,82.83,2.03,7.090889947931793,21.71956940344419,0.2,1,0.2,0.0,28.72,28.2,0.92,0.946
2023,12,Polonnaruwa,LK72,-2.4492935982947e-16,1.0,0,0,0,1,411.853444,1055.18674666666,118.298568666666,376.741385,322.577582,112.94766,0,7.9403,81.0188,90.11,2.93,26.74,87.1,1.75,7.090889947931793,21.71956940344419,0.0,0,0.0,0.2,28.62,28.32,0.852,0.804
2024,1,Polonnaruwa,LK72,0.499999999999999,0.866025403784438,0,0,0,1,273.931027999999,1164.3074,127.042988999999,411.853444,376.741385,118.298568666666,1,7.9403,81.0188,86.57,2.72,26.51,90.11,2.93,7.14674944547398,21.96676239166832,0.0,0,0.0,0.0,28.35,28.44,0.765,0.92
2024,2,Polonnaruwa,LK72,0.866025403784438,0.5,0,0,0,1,19.681035,804.255683333333,41.5739503333333,273.931027999999,411.853444,127.042988999999,1,7.9403,81.0188,84.66,3.08,25.68,86.57,2.72,7.14674944547398,21.96676239166832,0.8,4,0.8,0.0,28.27,28.72,0.327,0.852
2024,3,Polonnaruwa,LK72,1.0,6.12323399573676e-17,1,0,0,0,23.836207,428.764356666666,44.0891113333333,19.681035,273.931027999999,41.5739503333333,1,7.9403,81.0188,79.76,2.32,26.39,84.66,3.08,7.14674944547398,21.96676239166832,0.8,4,0.8,0.8,28.41,28.62,0.421,0.765
2024,4,Polonnaruwa,LK72,0.866025403784438,-0.499999999999999,1,0,0,0,43.965517,79.56322,49.0113183333333,23.836207,19.681035,44.0891113333333,0,7.9403,81.0188,73.15,2.14,27.08,79.76,2.32,7.14674944547398,21.96676239166832,0.8,4,0.8,0.8,28.59,28.35,0.44,0.327
2024,5,Polonnaruwa,LK72,0.499999999999999,-0.866025403784438,0,1,0,0,289.137925,266.462656666666,166.284213333333,43.965517,23.836207,49.0113183333333,0,7.9403,81.0188,79.78,2.93,30.02,73.15,2.14,7.14674944547398,21.96676239166832,0.0,0,0.0,0.8,28.16,28.27,0.298,0.421
2024,6,Polonnaruwa,LK72,1.22464679914735e-16,-1.0,0,1,0,0,20.3620677,363.353446666666,111.170056666666,289.137925,43.965517,166.284213333333,0,7.9403,81.0188,78.88,4.0,29.29,79.78,2.93,7.14674944547398,21.96676239166832,0.0,0,0.0,0.0,27.9,28.41,0.197,0.44
2024,7,Polonnaruwa,LK72,-0.499999999999999,-0.866025403784438,0,1,0,0,20.6637935999999,339.712646666666,53.4917413333333,20.3620677,289.137925,111.170056666666,0,7.9403,81.0188,70.39,5.18,28.63,78.88,4.0,7.14674944547398,21.96676239166832,0.0,0,0.0,0.0,27.34,28.59,0.033,0.298
2024,8,Polonnaruwa,LK72,-0.866025403784438,-0.5,0,1,0,0,102.284481,211.456883333333,142.598456666666,20.6637935999999,20.3620677,53.4917413333333,0,7.9403,81.0188,75.75,3.47,29.3,70.39,5.18,7.14674944547398,21.96676239166832,0.0,0,0.0,0.0,26.73,28.16,0.267,0.197
2024,9,Polonnaruwa,LK72,-1.0,-1.83697019872102e-16,0,1,0,0,44.5862067,151.287363333333,40.094616,102.284481,20.6637935999999,142.598456666666,0,7.9403,81.0188,73.22,4.58,28.64,75.75,3.47,7.14674944547398,21.96676239166832,0.0,0,0.0,0.0,26.45,27.9,0.115,0.033
2024,10,Polonnaruwa,LK72,-0.866025403784438,0.5,0,0,1,0,316.568955,371.97989,131.481572,44.5862067,102.284481,40.094616,1,7.9403,81.0188,81.9,2.35,29.15,73.22,4.58,7.14674944547398,21.96676239166832,0.0,0,0.0,0.0,26.44,27.34,-0.196,0.267
2024,11,Polonnaruwa,LK72,-0.5,0.866025403784438,0,0,1,0,472.879307,644.945416666666,133.451168333333,316.568955,44.5862067,131.481572,1,7.9403,81.0188,87.4,2.92,27.72,81.9,2.35,7.14674944547398,21.96676239166832,0.8,4,0.8,0.0,26.45,26.73,-0.382,0.115
2024,12,Polonnaruwa,LK72,-2.4492935982947e-16,1.0,0,0,0,1,191.931029,911.252886666666,57.5578386666666,472.879307,316.568955,133.451168333333,1,7.9403,81.0188,88.17,2.38,26.74,87.4,2.92,7.14674944547398,21.96676239166832,0.8,4,0.8,0.8,26.0,26.45,-0.331,-0.196
2017,1,Badulla,LK81,0.499999999999999,0.866025403784438,0,0,0,1,225.0425563,515.014203333333,117.100116666666,285.136774714285,354.094224714285,98.1908547142857,0,6.9934,81.055,82.87,2.19,23.262857142857143,91.16857142857144,1.9142857142857144,1.7435613908082843,15.847594126839487,0.0,0,0.0,0.0,26.12,25.98,-0.086,-0.382
2017,2,Badulla,LK81,0.866025403784438,0.5,0,0,0,1,96.351064,447.421963333333,98.8061166666666,225.0425563,285.136774714285,117.100116666666,0,6.9934,81.055,78.83,1.98,22.58,82.87,2.19,1.7435613908082843,15.847594126839487,0.1667,1,0.1667,0.0,26.67,25.94,0.101,-0.31
2017,3,Badulla,LK81,1.0,6.12323399573676e-17,1,0,0,0,223.542549,529.492886666666,191.002682666666,96.351064,225.0425563,98.8061166666666,0,6.9934,81.055,84.64,1.31,23.59,78.83,1.98,1.7435613908082843,15.847594126839487,0.0,0,0.0,0.1667,27.32,26.1,0.357,-0.086
2017,4,Badulla,LK81,0.866025403784438,-0.499999999999999,1,0,0,0,74.500001,516.592253333333,47.609966,223.542549,96.351064,191.002682666666,0,6.9934,81.055,76.44,1.24,24.34,84.64,1.31,1.7435613908082843,15.847594126839487,0.1667,1,0.1667,0.0,28.03,26.12,0.498,0.101
2017,5,Badulla,LK81,0.499999999999999,-0.866025403784438,0,1,0,0,229.648936,473.666643333333,149.798416666666,74.500001,223.542549,47.609966,0,6.9934,81.055,78.44,2.19,26.48,76.44,1.24,1.7435613908082843,15.847594126839487,0.0,0,0.0,0.1667,28.3,26.67,0.536,0.357
2017,6,Badulla,LK81,1.22464679914735e-16,-1.0,0,1,0,0,115.829789,426.425533333333,127.193163333333,229.648936,74.500001,149.798416666666,0,6.9934,81.055,78.69,3.11,26.38,78.44,2.19,1.7435613908082843,15.847594126839487,0.0,0,0.0,0.0,28.06,27.32,0.424,0.498
2017,7,Badulla,LK81,-0.499999999999999,-0.866025403784438,0,1,0,0,71.893618,409.326216666666,90.0667566666666,115.829789,229.648936,127.193163333333,0,6.9934,81.055,72.51,2.92,25.64,78.69,3.11,1.7435613908082843,15.847594126839487,0.0,0,0.0,0.0,27.54,28.03,0.52,0.536
2017,8,Badulla,LK81,-0.866025403784438,-0.5,0,1,0,0,125.010639,382.531919999999,143.725553333333,71.893618,115.829789,90.0667566666666,0,6.9934,81.055,74.13,2.96,26.39,72.51,2.92,1.7435613908082843,15.847594126839487,0.0,0,0.0,0.0,26.7,28.3,0.349,0.424
2017,9,Badulla,LK81,-1.0,-1.83697019872102e-16,0,1,0,0,154.734045,361.365246666666,105.25803,125.010639,71.893618,143.725553333333,1,6.9934,81.055,79.17,2.51,26.27,74.13,2.96,1.7435613908082843,15.847594126839487,0.0,0,0.0,0.0,26.29,28.06,0.035,0.52
2017,10,Badulla,LK81,-0.866025403784438,0.5,0,0,1,0,251.382989,446.024816666666,92.9242183333333,154.734045,125.010639,105.25803,0,6.9934,81.055,82.68,1.94,25.46,79.17,2.51,1.7435613908082843,15.847594126839487,0.1667,1,0.1667,0.0,26.15,27.54,0.015,0.349
2017,11,Badulla,LK81,-0.5,0.866025403784438,0,0,1,0,435.010638,708.797853333333,123.656528666666,251.382989,154.734045,92.9242183333333,1,6.9934,81.055,89.01,1.84,25.29,82.68,1.94,1.7435613908082843,15.847594126839487,0.0,0,0.0,0.1667,25.74,26.7,0.289,0.035
2017,12,Badulla,LK81,-2.4492935982947e-16,1.0,0,0,0,1,181.563828,840.237596666666,63.2767956666666,435.010638,251.382989,123.656528666666,1,6.9934,81.055,89.93,1.79,23.9,89.01,1.84,1.7435613908082843,15.847594126839487,0.0,0,0.0,0.0,25.62,26.29,0.11,0.015
2018,1,Badulla,LK81,0.499999999999999,0.866025403784438,0,0,0,1,73.074467,760.59924,42.0390733333333,181.563828,435.010638,63.2767956666666,1,6.9934,81.055,88.58,1.77,23.19,89.93,1.79,1.7492872104188204,15.722192833674647,0.1667,1,0.1667,0.0,25.57,26.15,-0.2,0.289
2018,2,Badulla,LK81,0.866025403784438,0.5,0,0,0,1,80.170215,461.709213333333,81.95689,73.074467,181.563828,42.0390733333333,1,6.9934,81.055,88.6,1.93,22.03,88.58,1.77,1.7492872104188204,15.722192833674647,0.3333,2,0.3333,0.1667,25.97,25.74,0.216,0.11
2018,3,Badulla,LK81,1.0,6.12323399573676e-17,1,0,0,0,155.691493999999,315.446806666666,129.8374,80.170215,73.074467,81.95689,0,6.9934,81.055,85.65,1.47,22.83,88.6,1.93,1.7492872104188204,15.722192833674647,0.5,3,0.5,0.3333,26.48,25.62,-0.12,-0.2
2018,4,Badulla,LK81,0.866025403784438,-0.499999999999999,1,0,0,0,173.627663999999,401.957456666666,101.135229999999,155.691493999999,80.170215,129.8374,0,6.9934,81.055,85.21,1.19,24.14,85.65,1.47,1.7492872104188204,15.722192833674647,0.3333,2,0.3333,0.5,27.31,25.57,-0.083,0.216
2018,5,Badulla,LK81,0.499999999999999,-0.866025403784438,0,1,0,0,321.03192,576.950366666666,200.67666,173.627663999999,155.691493999999,101.135229999999,0,6.9934,81.055,87.68,1.7,25.2,85.21,1.19,1.7492872104188204,15.722192833674647,0.3333,2,0.3333,0.3333,27.73,25.97,0.122,-0.12
2018,6,Badulla,LK81,1.22464679914735e-16,-1.0,0,1,0,0,93.404254,612.581546666666,103.843238,321.03192,173.627663999999,200.67666,0,6.9934,81.055,86.65,3.09,25.23,87.68,1.7,1.7492872104188204,15.722192833674647,0.3333,2,0.3333,0.3333,27.77,26.48,0.155,-0.083
2018,7,Badulla,LK81,-0.499999999999999,-0.866025403784438,0,1,0,0,74.0,514.226953333333,91.641885,93.404254,321.03192,103.843238,0,6.9934,81.055,81.45,3.33,24.55,86.65,3.09,1.7492872104188204,15.722192833674647,0.1667,1,0.1667,0.3333,27.42,27.31,0.053,0.122
2018,8,Badulla,LK81,-0.866025403784438,-0.5,0,1,0,0,134.234039,354.606393333333,137.782756666666,74.0,93.404254,91.641885,0,6.9934,81.055,77.18,3.46,24.51,81.45,3.33,1.7492872104188204,15.722192833674647,0.0,0,0.0,0.1667,26.94,27.73,0.121,0.155
2018,9,Badulla,LK81,-1.0,-1.83697019872102e-16,0,1,0,0,125.787232499999,296.134753333333,78.4171453333333,134.234039,74.0,137.782756666666,0,6.9934,81.055,74.85,2.21,24.93,77.18,3.46,1.7492872104188204,15.722192833674647,0.1667,1,0.1667,0.0,27.19,27.77,0.604,0.053
2018,10,Badulla,LK81,-0.866025403784438,0.5,0,0,1,0,380.765955,536.71986,150.96303,125.787232499999,134.234039,78.4171453333333,0,6.9934,81.055,86.46,1.46,25.91,74.85,2.21,1.7492872104188204,15.722192833674647,0.3333,2,0.3333,0.1667,27.62,27.42,0.684,0.121
2018,11,Badulla,LK81,-0.5,0.866025403784438,0,0,1,0,285.872337,781.187906666666,83.5792159999999,380.765955,125.787232499999,150.96303,0,6.9934,81.055,88.73,1.5,24.35,86.46,1.46,1.7492872104188204,15.722192833674647,0.1667,1,0.1667,0.3333,27.61,26.94,0.5,0.604
2018,12,Badulla,LK81,-2.4492935982947e-16,1.0,0,0,0,1,188.6383,865.361733333333,66.7367613333333,285.872337,380.765955,83.5792159999999,0,6.9934,81.055,89.59,1.82,23.81,88.73,1.5,1.7492872104188204,15.722192833674647,0.0,0,0.0,0.1667,27.49,27.19,0.309,0.684
2019,1,Badulla,LK81,0.499999999999999,0.866025403784438,0,0,0,1,66.8404284,644.7908,37.1494036666666,188.6383,285.872337,66.7367613333333,0,6.9934,81.055,87.89,2.25,22.94,89.59,1.82,1.7550130300293565,15.596791540509807,0.1667,1,0.1667,0.0,27.19,27.62,0.387,0.5
2019,2,Badulla,LK81,0.866025403784438,0.5,0,0,0,1,176.404261,464.613466666666,147.424943333333,66.8404284,188.6383,37.1494036666666,0,6.9934,81.055,86.91,1.94,22.45,87.89,2.25,1.7550130300293565,15.596791540509807,0.3333,2,0.3333,0.1667,27.46,27.61,0.416,0.309
2019,3,Badulla,LK81,1.0,6.12323399573676e-17,1,0,0,0,26.223405,312.790793333333,30.7093026666666,176.404261,66.8404284,147.424943333333,0,6.9934,81.055,74.43,1.6,24.04,86.91,1.94,1.7550130300293565,15.596791540509807,0.0,0,0.0,0.3333,28.09,27.49,0.225,0.387
2019,4,Badulla,LK81,0.866025403784438,-0.499999999999999,1,0,0,0,163.351065,318.457456666666,94.5446333333333,26.223405,176.404261,30.7093026666666,0,6.9934,81.055,68.6,1.44,25.52,74.43,1.6,1.7550130300293565,15.596791540509807,0.0,0,0.0,0.0,28.44,27.19,0.258,0.416
2019,5,Badulla,LK81,0.499999999999999,-0.866025403784438,0,1,0,0,90.553188,278.237576666666,64.2940966666666,163.351065,26.223405,94.5446333333333,0,6.9934,81.055,70.42,2.47,27.63,68.6,1.44,1.7550130300293565,15.596791540509807,0.0,0,0.0,0.0,28.48,27.46,0.54,0.225
2019,6,Badulla,LK81,1.22464679914735e-16,-1.0,0,1,0,0,106.51064,340.542533333333,116.572089666666,90.553188,163.351065,64.2940966666666,0,6.9934,81.055,70.45,3.51,28.1,70.42,2.47,1.7550130300293565,15.596791540509807,0.0,0,0.0,0.0,28.18,28.09,0.605,0.258
2019,7,Badulla,LK81,-0.499999999999999,-0.866025403784438,0,1,0,0,100.659572,336.812053333333,118.212565,106.51064,90.553188,116.572089666666,0,6.9934,81.055,70.54,3.12,27.37,70.45,3.51,1.7550130300293565,15.596791540509807,0.0,0,0.0,0.0,27.64,28.44,0.597,0.54
2019,8,Badulla,LK81,-0.866025403784438,-0.5,0,1,0,0,170.053189,366.734033333333,186.969659999999,100.659572,106.51064,118.212565,0,6.9934,81.055,74.87,3.56,26.84,70.54,3.12,1.7550130300293565,15.596791540509807,0.0,0,0.0,0.0,26.9,28.48,0.436,0.605
2019,9,Badulla,LK81,-1.0,-1.83697019872102e-16,0,1,0,0,249.52128,443.173723333333,154.418673333333,170.053189,100.659572,186.969659999999,0,6.9934,81.055,82.84,2.34,25.78,74.87,3.56,1.7550130300293565,15.596791540509807,0.0,0,0.0,0.0,26.75,28.18,0.892,0.597
2019,10,Badulla,LK81,-0.866025403784438,0.5,0,0,1,0,407.25532,683.570933333333,148.737926666666,249.52128,170.053189,154.418673333333,0,6.9934,81.055,88.33,1.24,24.93,82.84,2.34,1.7550130300293565,15.596791540509807,0.1667,1,0.1667,0.0,27.2,27.64,0.964,0.436
2019,11,Badulla,LK81,-0.5,0.866025403784438,0,0,1,0,364.29786,895.46457,103.843305666666,407.25532,249.52128,148.737926666666,0,6.9934,81.055,89.7,1.42,24.27,88.33,1.24,1.7550130300293565,15.596791540509807,0.0,0,0.0,0.1667,27.22,26.9,0.835,0.892
2019,12,Badulla,LK81,-2.4492935982947e-16,1.0,0,0,0,1,378.489348,1175.70563333333,127.474764999999,364.29786,407.25532,103.843305666666,1,6.9934,81.055,93.0,1.89,24.23,89.7,1.42,1.7550130300293565,15.596791540509807,0.1667,1,0.1667,0.0,27.12,26.75,0.243,0.964
2020,1,Badulla,LK81,0.499999999999999,0.866025403784438,0,0,0,1,63.393616,954.85462,36.1770643333333,378.489348,364.29786,127.474764999999,1,6.9934,81.055,89.56,2.04,23.29,93.0,1.89,1.7607388496398926,15.47139024734497,0.3333,2,0.3333,0.1667,27.15,27.2,0.173,0.835
2020,2,Badulla,LK81,0.866025403784438,0.5,0,0,0,1,21.3936167,629.585136666666,30.0951266666666,63.393616,378.489348,36.1770643333333,0,6.9934,81.055,87.84,2.18,22.82,89.56,2.04,1.7607388496398926,15.47139024734497,0.6667,4,0.6667,0.3333,27.12,27.22,0.054,0.243
2020,3,Badulla,LK81,1.0,6.12323399573676e-17,1,0,0,0,36.61702,193.49645,40.1010586666666,21.3936167,63.393616,30.0951266666666,0,6.9934,81.055,79.11,1.52,23.05,87.84,2.18,1.7607388496398926,15.47139024734497,0.3333,2,0.3333,0.6667,27.76,27.12,0.019,0.173
2020,4,Badulla,LK81,0.866025403784438,-0.499999999999999,1,0,0,0,108.521277,144.939723333333,65.3879206666666,36.61702,21.3936167,40.1010586666666,0,6.9934,81.055,76.96,1.43,24.83,79.11,1.52,1.7607388496398926,15.47139024734497,0.0,0,0.0,0.3333,28.18,27.15,-0.011,0.054
2020,5,Badulla,LK81,0.499999999999999,-0.866025403784438,0,1,0,0,304.94682,362.336886666666,189.309716666666,108.521277,36.61702,65.3879206666666,0,6.9934,81.055,81.21,2.12,26.68,76.96,1.43,1.7607388496398926,15.47139024734497,0.0,0,0.0,0.0,27.66,27.12,0.298,0.019
2020,6,Badulla,LK81,1.22464679914735e-16,-1.0,0,1,0,0,102.808511,479.56383,117.592075333333,304.94682,108.521277,189.309716666666,0,6.9934,81.055,78.06,2.89,26.43,81.21,2.12,1.7607388496398926,15.47139024734497,0.0,0,0.0,0.0,27.39,27.76,0.455,-0.011
2020,7,Badulla,LK81,-0.499999999999999,-0.866025403784438,0,1,0,0,137.425528,543.684416666666,156.026736666666,102.808511,304.94682,117.592075333333,0,6.9934,81.055,82.82,2.36,25.91,78.06,2.89,1.7607388496398926,15.47139024734497,0.1667,1,0.1667,0.0,26.99,28.18,0.319,0.298
2020,8,Badulla,LK81,-0.866025403784438,-0.5,0,1,0,0,80.329788,387.159583333333,94.2435116666666,137.425528,102.808511,156.026736666666,0,6.9934,81.055,77.6,2.75,24.91,82.82,2.36,1.7607388496398926,15.47139024734497,0.0,0,0.0,0.1667,26.26,27.66,-0.183,0.455
2020,9,Badulla,LK81,-1.0,-1.83697019872102e-16,0,1,0,0,251.17021,429.25178,157.480893333333,80.329788,137.425528,94.2435116666666,0,6.9934,81.055,80.87,2.84,25.63,77.6,2.75,1.7607388496398926,15.47139024734497,0.0,0,0.0,0.0,25.89,27.39,-0.189,0.319
2020,10,Badulla,LK81,-0.866025403784438,0.5,0,0,1,0,144.829786,465.797886666666,57.3072386666666,251.17021,80.329788,157.480893333333,0,6.9934,81.055,77.38,2.54,24.85,80.87,2.84,1.7607388496398926,15.47139024734497,0.0,0,0.0,0.0,25.46,26.99,0.074,-0.183
2020,11,Badulla,LK81,-0.5,0.866025403784438,0,0,1,0,264.744676,618.517746666666,77.991628,144.829786,251.17021,57.3072386666666,0,6.9934,81.055,88.46,1.43,25.55,77.38,2.54,1.7607388496398926,15.47139024734497,0.3333,2,0.3333,0.0,25.28,26.26,0.02,-0.189
2020,12,Badulla,LK81,-2.4492935982947e-16,1.0,0,0,0,1,315.07446,721.166633333333,108.687926666666,264.744676,144.829786,77.991628,0,6.9934,81.055,90.74,1.91,24.32,88.46,1.43,1.7607388496398926,15.47139024734497,0.5,3,0.5,0.3333,25.44,25.89,0.031,0.074
2021,1,Badulla,LK81,0.499999999999999,0.866025403784438,0,0,0,1,333.84043,907.120566666666,151.85145,315.07446,264.744676,108.687926666666,1,6.9934,81.055,92.37,1.78,23.44,90.74,1.91,1.7664646692504289,15.345988954180132,0.1667,1,0.1667,0.5,25.55,25.46,0.051,0.02
2021,2,Badulla,LK81,0.866025403784438,0.5,0,0,0,1,94.968089,790.457453333333,86.809768,333.84043,315.07446,151.85145,1,6.9934,81.055,89.14,2.05,22.83,92.37,1.78,1.7664646692504289,15.345988954180132,0.1667,1,0.1667,0.1667,25.75,25.28,0.243,0.031
2021,3,Badulla,LK81,1.0,6.12323399573676e-17,1,0,0,0,153.787234,616.081576666666,125.905990666666,94.968089,333.84043,86.809768,1,6.9934,81.055,87.22,1.4,23.16,89.14,2.05,1.7664646692504289,15.345988954180132,0.1667,1,0.1667,0.1667,26.48,25.44,0.267,0.051
2021,4,Badulla,LK81,0.866025403784438,-0.499999999999999,1,0,0,0,128.117022,393.854613333333,75.3743186666666,153.787234,94.968089,125.905990666666,0,6.9934,81.055,83.92,1.14,23.54,87.22,1.4,1.7664646692504289,15.345988954180132,0.3333,2,0.3333,0.1667,27.1,25.55,0.25,0.243
2021,5,Badulla,LK81,0.499999999999999,-0.866025403784438,0,1,0,0,270.05319,483.280123333333,170.141139999999,128.117022,153.787234,75.3743186666666,0,6.9934,81.055,86.41,2.17,25.45,83.92,1.14,1.7664646692504289,15.345988954180132,0.3333,2,0.3333,0.3333,27.47,25.75,0.009,0.267
2021,6,Badulla,LK81,1.22464679914735e-16,-1.0,0,1,0,0,103.595743,536.812086666666,111.454676666666,270.05319,128.117022,170.141139999999,0,6.9934,81.055,85.78,2.47,25.4,86.41,2.17,1.7664646692504289,15.345988954180132,0.1667,1,0.1667,0.3333,27.45,26.48,-0.002,0.25
2021,7,Badulla,LK81,-0.499999999999999,-0.866025403784438,0,1,0,0,149.361707,538.216343333333,173.002673333333,103.595743,270.05319,111.454676666666,0,6.9934,81.055,84.82,2.94,24.88,85.78,2.47,1.7664646692504289,15.345988954180132,0.0,0,0.0,0.1667,26.9,27.1,-0.229,0.009
2021,8,Badulla,LK81,-0.866025403784438,-0.5,0,1,0,0,144.478726,431.290793333333,150.999643333333,149.361707,103.595743,173.002673333333,0,6.9934,81.055,83.2,2.84,24.82,84.82,2.94,1.7664646692504289,15.345988954180132,0.0,0,0.0,0.0,26.32,27.47,-0.099,-0.002
2021,9,Badulla,LK81,-1.0,-1.83697019872102e-16,0,1,0,0,228.27659,461.361713333333,142.683326666666,144.478726,149.361707,150.999643333333,0,6.9934,81.055,84.56,2.52,24.65,83.2,2.84,1.7664646692504289,15.345988954180132,0.0,0,0.0,0.0,26.17,27.45,-0.058,-0.229
2021,10,Badulla,LK81,-0.866025403784438,0.5,0,0,1,0,316.82978,608.599283333333,124.608853333333,228.27659,144.478726,142.683326666666,0,6.9934,81.055,86.81,2.04,25.04,84.56,2.52,1.7664646692504289,15.345988954180132,0.0,0,0.0,0.0,25.77,26.9,-0.091,-0.099
2021,11,Badulla,LK81,-0.5,0.866025403784438,0,0,1,0,452.28725,905.549636666666,129.013473333333,316.82978,228.27659,124.608853333333,0,6.9934,81.055,89.33,1.75,24.6,86.81,2.04,1.7664646692504289,15.345988954180132,0.0,0,0.0,0.0,25.76,26.32,0.069,-0.058
2021,12,Badulla,LK81,-2.4492935982947e-16,1.0,0,0,0,1,146.914890999999,962.173736666666,51.874271,452.28725,316.82978,129.013473333333,0,6.9934,81.055,90.98,1.79,23.9,89.33,1.75,1.7664646692504289,15.345988954180132,0.0,0,0.0,0.0,25.54,26.17,-0.12,-0.091
2022,1,Badulla,LK81,0.499999999999999,0.866025403784438,0,0,0,1,75.361701,775.26946,39.5606466666666,146.914890999999,452.28725,51.874271,0,6.9934,81.055,89.3,1.9,23.12,90.98,1.79,1.7721904888609648,15.220587661015292,0.3333,2,0.3333,0.0,25.6,25.77,-0.056,0.069
2022,2,Badulla,LK81,0.866025403784438,0.5,0,0,0,1,137.670215999999,472.212766666666,124.30197,75.361701,146.914890999999,39.5606466666666,1,6.9934,81.055,89.11,1.83,23.03,89.3,1.9,1.7721904888609648,15.220587661015292,0.1667,1,0.1667,0.3333,25.86,25.76,-0.082,-0.12
2022,3,Badulla,LK81,1.0,6.12323399573676e-17,1,0,0,0,126.670208,340.372346666666,110.055076333333,137.670215999999,75.361701,124.30197,0,6.9934,81.055,86.91,1.57,22.75,89.11,1.83,1.7721904888609648,15.220587661015292,0.3333,2,0.3333,0.1667,26.31,25.54,-0.093,-0.056
2022,4,Badulla,LK81,0.866025403784438,-0.499999999999999,1,0,0,0,224.031912,445.904263333333,128.773976666666,126.670208,137.670215999999,110.055076333333,0,6.9934,81.055,85.68,1.13,24.46,86.91,1.57,1.7721904888609648,15.220587661015292,0.1667,1,0.1667,0.3333,26.7,25.6,-0.068,-0.082
2022,5,Badulla,LK81,0.499999999999999,-0.866025403784438,0,1,0,0,122.191488,464.797896666666,82.7172363333333,224.031912,126.670208,128.773976666666,1,6.9934,81.055,86.76,2.9,25.53,85.68,1.13,1.7721904888609648,15.220587661015292,0.0,0,0.0,0.1667,26.82,25.86,-0.122,-0.093
2022,6,Badulla,LK81,1.22464679914735e-16,-1.0,0,1,0,0,95.117022,442.173783333333,107.742633333333,122.191488,224.031912,82.7172363333333,1,6.9934,81.055,86.83,2.52,25.37,86.76,2.9,1.7721904888609648,15.220587661015292,0.0,0,0.0,0.0,26.98,26.31,-0.335,-0.068
2022,7,Badulla,LK81,-0.499999999999999,-0.866025403784438,0,1,0,0,142.585105,339.67024,159.78231,95.117022,122.191488,107.742633333333,0,6.9934,81.055,83.31,2.61,24.65,86.83,2.52,1.7721904888609648,15.220587661015292,0.1667,1,0.1667,0.0,26.6,26.7,-0.195,-0.122
2022,8,Badulla,LK81,-0.866025403784438,-0.5,0,1,0,0,218.861698,411.425523333333,224.385783333333,142.585105,95.117022,159.78231,0,6.9934,81.055,83.44,3.05,24.69,83.31,2.61,1.7721904888609648,15.220587661015292,0.0,0,0.0,0.1667,25.88,26.82,-0.246,-0.335
2022,9,Badulla,LK81,-1.0,-1.83697019872102e-16,0,1,0,0,124.382984,495.705683333333,84.9496516666666,218.861698,142.585105,224.385783333333,0,6.9934,81.055,83.52,2.52,24.53,83.44,3.05,1.7721904888609648,15.220587661015292,0.1667,1,0.1667,0.0,25.65,26.98,-0.322,-0.195
2022,10,Badulla,LK81,-0.866025403784438,0.5,0,0,1,0,315.71276,608.648966666666,117.026086333333,124.382984,218.861698,84.9496516666666,0,6.9934,81.055,84.61,1.93,24.75,83.52,2.52,1.7721904888609648,15.220587661015292,0.0,0,0.0,0.1667,25.73,26.6,-0.691,-0.246
2022,11,Badulla,LK81,-0.5,0.866025403784438,0,0,1,0,281.659582,762.75885,83.1010313333333,315.71276,124.382984,117.026086333333,0,6.9934,81.055,88.88,1.41,24.46,84.61,1.93,1.7721904888609648,15.220587661015292,0.0,0,0.0,0.0,25.8,25.88,-0.269,-0.322
2022,12,Badulla,LK81,-2.4492935982947e-16,1.0,0,0,0,1,348.595745999999,838.237553333333,120.954973333333,281.659582,315.71276,83.1010313333333,1,6.9934,81.055,90.76,2.2,23.44,88.88,1.41,1.7721904888609648,15.220587661015292,0.0,0,0.0,0.0,25.75,25.65,-0.091,-0.691
2023,1,Badulla,LK81,0.499999999999999,0.866025403784438,0,0,0,1,135.957453999999,828.556723333333,70.8617313333333,348.595745999999,281.659582,120.954973333333,0,6.9934,81.055,90.93,2.34,22.73,90.76,2.2,1.7779163084715008,15.095186367850454,0.3333,2,0.3333,0.0,25.83,25.73,0.11,-0.269
2023,2,Badulla,LK81,0.866025403784438,0.5,0,0,0,1,133.74468,637.471616666666,116.211028333333,135.957453999999,348.595745999999,70.8617313333333,0,6.9934,81.055,90.22,2.28,21.82,90.93,2.34,1.7779163084715008,15.095186367850454,0.5,3,0.5,0.3333,26.29,25.8,0.157,-0.091
2023,3,Badulla,LK81,1.0,6.12323399573676e-17,1,0,0,0,184.404257,530.20208,153.223345333333,133.74468,135.957453999999,116.211028333333,0,6.9934,81.055,87.61,1.54,22.47,90.22,2.28,1.7779163084715008,15.095186367850454,0.1667,1,0.1667,0.5,27.17,25.75,0.414,0.11
2023,4,Badulla,LK81,0.866025403784438,-0.499999999999999,1,0,0,0,149.308512,463.86523,88.06842,184.404257,133.74468,153.223345333333,0,6.9934,81.055,83.9,1.19,24.2,87.61,1.54,1.7779163084715008,15.095186367850454,0.1667,1,0.1667,0.1667,27.96,25.83,0.56,0.157
2023,5,Badulla,LK81,0.499999999999999,-0.866025403784438,0,1,0,0,342.957448,634.482266666666,203.742048333333,149.308512,184.404257,88.06842,0,6.9934,81.055,85.33,1.99,25.47,83.9,1.19,1.7779163084715008,15.095186367850454,0.0,0,0.0,0.1667,28.39,26.29,0.443,0.414
2023,6,Badulla,LK81,1.22464679914735e-16,-1.0,0,1,0,0,233.234042,684.397166666666,246.462596666666,342.957448,149.308512,203.742048333333,0,6.9934,81.055,85.09,2.81,25.65,85.33,1.99,1.7779163084715008,15.095186367850454,0.0,0,0.0,0.0,28.57,27.17,0.665,0.56
2023,7,Badulla,LK81,-0.499999999999999,-0.866025403784438,0,1,0,0,88.776597,713.6702,109.627454,233.234042,342.957448,246.462596666666,0,6.9934,81.055,81.59,3.13,25.43,85.09,2.81,1.7779163084715008,15.095186367850454,0.0,0,0.0,0.0,28.32,27.96,0.498,0.443
2023,8,Badulla,LK81,-0.866025403784438,-0.5,0,1,0,0,96.829789,449.092193333333,104.962808,88.776597,233.234042,109.627454,0,6.9934,81.055,77.54,2.87,25.2,81.59,3.13,1.7779163084715008,15.095186367850454,0.0,0,0.0,0.0,28.2,28.39,0.826,0.665
2023,9,Badulla,LK81,-1.0,-1.83697019872102e-16,0,1,0,0,186.085101,399.400716666666,118.662942,96.829789,88.776597,104.962808,0,6.9934,81.055,85.26,2.86,26.2,77.54,2.87,1.7779163084715008,15.095186367850454,0.0,0,0.0,0.0,28.32,28.57,0.946,0.498
2023,10,Badulla,LK81,-0.866025403784438,0.5,0,0,1,0,418.90425,599.19145,167.959481666666,186.085101,96.829789,118.662942,0,6.9934,81.055,89.39,1.5,24.93,85.26,2.86,1.7779163084715008,15.095186367850454,0.0,0,0.0,0.0,28.44,28.32,0.804,0.826
2023,11,Badulla,LK81,-0.5,0.866025403784438,0,0,1,0,394.78723,933.375836666666,114.218936666666,418.90425,186.085101,167.959481666666,0,6.9934,81.055,90.47,1.2,24.57,89.39,1.5,1.7779163084715008,15.095186367850454,0.0,0,0.0,0.0,28.72,28.2,0.92,0.946
2023,12,Badulla,LK81,-2.4492935982947e-16,1.0,0,0,0,1,436.680849999999,1188.59216666666,148.330489999999,394.78723,418.90425,114.218936666666,0,6.9934,81.055,93.18,2.0,24.38,90.47,1.2,1.7779163084715008,15.095186367850454,0.0,0,0.0,0.0,28.62,28.32,0.852,0.804
2024,1,Badulla,LK81,0.499999999999999,0.866025403784438,0,0,0,1,380.98938,1301.43973333333,167.087743,436.680849999999,394.78723,148.330489999999,1,6.9934,81.055,91.55,1.94,24.13,93.18,2.0,1.783642128082037,14.969785074685614,0.0,0,0.0,0.0,28.35,28.44,0.765,0.92
2024,2,Badulla,LK81,0.866025403784438,0.5,0,0,0,1,35.404255,950.510653333333,41.6648716666666,380.98938,436.680849999999,167.087743,1,6.9934,81.055,89.52,2.23,23.17,91.55,1.94,1.783642128082037,14.969785074685614,0.5,3,0.5,0.0,28.27,28.72,0.327,0.852
2024,3,Badulla,LK81,1.0,6.12323399573676e-17,1,0,0,0,46.1382992,570.822706666666,43.6853413333333,35.404255,380.98938,41.6648716666666,1,6.9934,81.055,84.55,1.58,24.0,89.52,2.23,1.783642128082037,14.969785074685614,0.5,3,0.5,0.5,28.41,28.62,0.421,0.765
2024,4,Badulla,LK81,0.866025403784438,-0.499999999999999,1,0,0,0,120.361701,193.276596666666,71.6881966666666,46.1382992,35.404255,43.6853413333333,0,6.9934,81.055,78.16,1.29,24.56,84.55,1.58,1.783642128082037,14.969785074685614,0.5,3,0.5,0.5,28.59,28.35,0.44,0.327
2024,5,Badulla,LK81,0.499999999999999,-0.866025403784438,0,1,0,0,197.202134,312.58866,126.317212,120.361701,46.1382992,71.6881966666666,0,6.9934,81.055,80.65,2.38,27.33,78.16,1.29,1.783642128082037,14.969785074685614,0.0,0,0.0,0.5,28.16,28.27,0.298,0.421
2024,6,Badulla,LK81,1.22464679914735e-16,-1.0,0,1,0,0,45.563829,373.46809,58.0151856666666,197.202134,120.361701,126.317212,0,6.9934,81.055,80.94,3.01,27.15,80.65,2.38,1.783642128082037,14.969785074685614,0.0,0,0.0,0.0,27.9,28.41,0.197,0.44
2024,7,Badulla,LK81,-0.499999999999999,-0.866025403784438,0,1,0,0,46.265957,319.851073333333,63.7568783333333,45.563829,197.202134,58.0151856666666,0,6.9934,81.055,73.2,3.42,26.01,80.94,3.01,1.783642128082037,14.969785074685614,0.0,0,0.0,0.0,27.34,28.59,0.033,0.298
2024,8,Badulla,LK81,-0.866025403784438,-0.5,0,1,0,0,120.148937999999,234.464543333333,129.689865333333,46.265957,45.563829,63.7568783333333,0,6.9934,81.055,77.23,2.62,26.48,73.2,3.42,1.783642128082037,14.969785074685614,0.0,0,0.0,0.0,26.73,28.16,0.267,0.197
2024,9,Badulla,LK81,-1.0,-1.83697019872102e-16,0,1,0,0,81.531916,230.326253333333,56.260988,120.148937999999,46.265957,129.689865333333,0,6.9934,81.055,75.16,3.14,26.24,77.23,2.62,1.783642128082037,14.969785074685614,0.0,0,0.0,0.0,26.45,27.9,0.115,0.033
2024,10,Badulla,LK81,-0.866025403784438,0.5,0,0,1,0,342.56383,438.41132,135.127093333333,81.531916,120.148937999999,56.260988,1,6.9934,81.055,84.02,1.56,26.47,75.16,3.14,1.783642128082037,14.969785074685614,0.0,0,0.0,0.0,26.44,27.34,-0.196,0.267
2024,11,Badulla,LK81,-0.5,0.866025403784438,0,0,1,0,467.22339,737.6241,132.484163333333,342.56383,81.531916,135.127093333333,1,6.9934,81.055,89.43,2.01,25.47,84.02,1.56,1.783642128082037,14.969785074685614,0.5,3,0.5,0.0,26.45,26.73,-0.382,0.115
2024,12,Badulla,LK81,-2.4492935982947e-16,1.0,0,0,0,1,228.15958,973.234046666666,78.0884093333333,467.22339,342.56383,132.484163333333,1,6.9934,81.055,89.26,1.53,24.47,89.43,2.01,1.783642128082037,14.969785074685614,0.5,3,0.5,0.5,26.0,26.45,-0.331,-0.196
2017,1,Monaragala,LK82,0.499999999999999,0.866025403784438,0,0,0,1,178.34409,528.444419999999,105.498215,260.218126857142,342.443929285714,98.1970023809523,1,6.8728,81.3507,82.87,2.19,23.262857142857143,91.16857142857144,1.9142857142857144,3.880389456976831,9.818681651104708,0.0,0,0.0,0.0,26.12,25.98,-0.086,-0.382
2017,2,Monaragala,LK82,0.866025403784438,0.5,0,0,0,1,102.9838728,417.643373333333,111.724560666666,178.34409,260.218126857142,105.498215,0,6.8728,81.3507,78.83,1.98,22.58,82.87,2.19,3.880389456976831,9.818681651104708,0.25,1,0.25,0.0,26.67,25.94,0.101,-0.31
2017,3,Monaragala,LK82,1.0,6.12323399573676e-17,1,0,0,0,156.827957,430.967736666666,158.693002666666,102.9838728,178.34409,111.724560666666,0,6.8728,81.3507,84.64,1.31,23.59,78.83,1.98,3.880389456976831,9.818681651104708,0.25,1,0.25,0.25,27.32,26.1,0.357,-0.086
2017,4,Monaragala,LK82,0.866025403784438,-0.499999999999999,1,0,0,0,73.478495,421.191736666666,53.0597613333333,156.827957,102.9838728,158.693002666666,0,6.8728,81.3507,76.44,1.24,24.34,84.64,1.31,3.880389456976831,9.818681651104708,0.0,0,0.0,0.25,28.03,26.12,0.498,0.101
2017,5,Monaragala,LK82,0.499999999999999,-0.866025403784438,0,1,0,0,212.591408,392.609296666666,165.290326666666,73.478495,156.827957,53.0597613333333,0,6.8728,81.3507,78.44,2.19,26.48,76.44,1.24,3.880389456976831,9.818681651104708,0.25,1,0.25,0.0,28.3,26.67,0.536,0.357
2017,6,Monaragala,LK82,1.22464679914735e-16,-1.0,0,1,0,0,40.0967739999999,345.548396666666,109.780514666666,212.591408,73.478495,165.290326666666,0,6.8728,81.3507,78.69,3.11,26.38,78.44,2.19,3.880389456976831,9.818681651104708,0.0,0,0.0,0.25,28.06,27.32,0.424,0.498
2017,7,Monaragala,LK82,-0.499999999999999,-0.866025403784438,0,1,0,0,37.086021,295.670246666666,88.6481123333333,40.0967739999999,212.591408,109.780514666666,0,6.8728,81.3507,72.51,2.92,25.64,78.69,3.11,3.880389456976831,9.818681651104708,0.0,0,0.0,0.0,27.54,28.03,0.52,0.536
2017,8,Monaragala,LK82,-0.866025403784438,-0.5,0,1,0,0,90.715054,244.182803333333,147.86053,37.086021,40.0967739999999,88.6481123333333,0,6.8728,81.3507,74.13,2.96,26.39,72.51,2.92,3.880389456976831,9.818681651104708,0.0,0,0.0,0.0,26.7,28.3,0.349,0.424
2017,9,Monaragala,LK82,-1.0,-1.83697019872102e-16,0,1,0,0,65.231184,191.019713333333,113.588112333333,90.715054,37.086021,147.86053,0,6.8728,81.3507,79.17,2.51,26.27,74.13,2.96,3.880389456976831,9.818681651104708,0.0,0,0.0,0.0,26.29,28.06,0.035,0.52
2017,10,Monaragala,LK82,-0.866025403784438,0.5,0,0,1,0,205.747314,285.537643333333,92.7338016666666,65.231184,90.715054,113.588112333333,0,6.8728,81.3507,82.68,1.94,25.46,79.17,2.51,3.880389456976831,9.818681651104708,0.5,2,0.5,0.0,26.15,27.54,0.015,0.349
2017,11,Monaragala,LK82,-0.5,0.866025403784438,0,0,1,0,452.177407,567.471353333333,130.163803,205.747314,65.231184,92.7338016666666,0,6.8728,81.3507,89.01,1.84,25.29,82.68,1.94,3.880389456976831,9.818681651104708,0.0,0,0.0,0.5,25.74,26.7,0.289,0.035
2017,12,Monaragala,LK82,-2.4492935982947e-16,1.0,0,0,0,1,164.376346,788.897813333333,62.2888673333333,452.177407,205.747314,130.163803,0,6.8728,81.3507,89.93,1.79,23.9,89.01,1.84,3.880389456976831,9.818681651104708,0.25,1,0.25,0.0,25.62,26.29,0.11,0.015
2018,1,Monaragala,LK82,0.499999999999999,0.866025403784438,0,0,0,1,70.586022,737.1003,46.046825,164.376346,452.177407,62.2888673333333,0,6.8728,81.3507,88.58,1.77,23.19,89.93,1.79,4.098297339215614,10.108297015154086,0.5,2,0.5,0.25,25.57,26.15,-0.2,0.289
2018,2,Monaragala,LK82,0.866025403784438,0.5,0,0,0,1,79.263438,459.788553333333,86.4934906666666,70.586022,164.376346,46.046825,1,6.8728,81.3507,88.6,1.93,22.03,88.58,1.77,4.098297339215614,10.108297015154086,0.5,2,0.5,0.5,25.97,25.74,0.216,0.11
2018,3,Monaragala,LK82,1.0,6.12323399573676e-17,1,0,0,0,139.376342,289.7706,135.2869,79.263438,70.586022,86.4934906666666,0,6.8728,81.3507,85.65,1.47,22.83,88.6,1.93,4.098297339215614,10.108297015154086,0.5,2,0.5,0.5,26.48,25.62,-0.12,-0.2
2018,4,Monaragala,LK82,0.866025403784438,-0.499999999999999,1,0,0,0,154.134411,370.480276666666,101.948295,139.376342,79.263438,135.2869,1,6.8728,81.3507,85.21,1.19,24.14,85.65,1.47,4.098297339215614,10.108297015154086,0.0,0,0.0,0.5,27.31,25.57,-0.083,0.216
2018,5,Monaragala,LK82,0.499999999999999,-0.866025403784438,0,1,0,0,299.838716,524.3297,213.248096666666,154.134411,139.376342,101.948295,1,6.8728,81.3507,87.68,1.7,25.2,85.21,1.19,4.098297339215614,10.108297015154086,0.25,1,0.25,0.0,27.73,25.97,0.122,-0.12
2018,6,Monaragala,LK82,1.22464679914735e-16,-1.0,0,1,0,0,36.8548385,526.376386666666,103.479938333333,299.838716,154.134411,213.248096666666,0,6.8728,81.3507,86.65,3.09,25.23,87.68,1.7,4.098297339215614,10.108297015154086,0.25,1,0.25,0.25,27.77,26.48,0.155,-0.083
2018,7,Monaragala,LK82,-0.499999999999999,-0.866025403784438,0,1,0,0,36.83871,404.11474,87.5536433333333,36.8548385,299.838716,103.479938333333,0,6.8728,81.3507,81.45,3.33,24.55,86.65,3.09,4.098297339215614,10.108297015154086,0.5,2,0.5,0.25,27.42,27.31,0.053,0.122
2018,8,Monaragala,LK82,-0.866025403784438,-0.5,0,1,0,0,82.387096,227.232973333333,130.794622,36.83871,36.8548385,87.5536433333333,0,6.8728,81.3507,77.18,3.46,24.51,81.45,3.33,4.098297339215614,10.108297015154086,0.0,0,0.0,0.5,26.94,27.73,0.121,0.155
2018,9,Monaragala,LK82,-1.0,-1.83697019872102e-16,0,1,0,0,60.8440882999999,156.467743333333,88.641159,82.387096,36.83871,130.794622,0,6.8728,81.3507,74.85,2.21,24.93,77.18,3.46,4.098297339215614,10.108297015154086,0.0,0,0.0,0.0,27.19,27.77,0.604,0.053
2018,10,Monaragala,LK82,-0.866025403784438,0.5,0,0,1,0,331.263446,361.589596666666,155.402984666666,60.8440882999999,82.387096,88.641159,0,6.8728,81.3507,86.46,1.46,25.91,74.85,2.21,4.098297339215614,10.108297015154086,0.0,0,0.0,0.0,27.62,27.42,0.684,0.121
2018,11,Monaragala,LK82,-0.5,0.866025403784438,0,0,1,0,273.155908,643.736533333333,80.6718253333333,331.263446,60.8440882999999,155.402984666666,0,6.8728,81.3507,88.73,1.5,24.35,86.46,1.46,4.098297339215614,10.108297015154086,0.0,0,0.0,0.0,27.61,26.94,0.5,0.604
2018,12,Monaragala,LK82,-2.4492935982947e-16,1.0,0,0,0,1,174.446235,773.957006666666,67.3235903333333,273.155908,331.263446,80.6718253333333,0,6.8728,81.3507,89.59,1.82,23.81,88.73,1.5,4.098297339215614,10.108297015154086,0.0,0,0.0,0.0,27.49,27.19,0.309,0.684
2019,1,Monaragala,LK82,0.499999999999999,0.866025403784438,0,0,0,1,57.279568,609.0287,37.405799,174.446235,273.155908,67.3235903333333,0,6.8728,81.3507,87.89,2.25,22.94,89.59,1.82,4.316205221454398,10.397912379203463,0.0,0,0.0,0.0,27.19,27.62,0.387,0.5
2019,2,Monaragala,LK82,0.866025403784438,0.5,0,0,0,1,172.478496,417.872759999999,156.173956666666,57.279568,174.446235,37.405799,0,6.8728,81.3507,86.91,1.94,22.45,87.89,2.25,4.316205221454398,10.397912379203463,0.25,1,0.25,0.0,27.46,27.61,0.416,0.309
2019,3,Monaragala,LK82,1.0,6.12323399573676e-17,1,0,0,0,27.188172,285.715046666666,36.703836,172.478496,57.279568,156.173956666666,0,6.8728,81.3507,74.43,1.6,24.04,86.91,1.94,4.316205221454398,10.397912379203463,0.0,0,0.0,0.25,28.09,27.49,0.225,0.387
2019,4,Monaragala,LK82,0.866025403784438,-0.499999999999999,1,0,0,0,154.301079,307.164893333333,101.461925,27.188172,172.478496,36.703836,0,6.8728,81.3507,68.6,1.44,25.52,74.43,1.6,4.316205221454398,10.397912379203463,0.0,0,0.0,0.0,28.44,27.19,0.258,0.416
2019,5,Monaragala,LK82,0.499999999999999,-0.866025403784438,0,1,0,0,83.962365,268.765243333333,69.5242323333333,154.301079,27.188172,101.461925,0,6.8728,81.3507,70.42,2.47,27.63,68.6,1.44,4.316205221454398,10.397912379203463,0.0,0,0.0,0.0,28.48,27.46,0.54,0.225
2019,6,Monaragala,LK82,1.22464679914735e-16,-1.0,0,1,0,0,45.913979,283.1398,118.427532,83.962365,154.301079,69.5242323333333,0,6.8728,81.3507,70.45,3.51,28.1,70.42,2.47,4.316205221454398,10.397912379203463,0.0,0,0.0,0.0,28.18,28.09,0.605,0.258
2019,7,Monaragala,LK82,-0.499999999999999,-0.866025403784438,0,1,0,0,59.946236,235.974916666666,125.645265333333,45.913979,83.962365,118.427532,0,6.8728,81.3507,70.54,3.12,27.37,70.45,3.51,4.316205221454398,10.397912379203463,0.0,0,0.0,0.0,27.64,28.44,0.597,0.54
2019,8,Monaragala,LK82,-0.866025403784438,-0.5,0,1,0,0,131.032256,236.591396666666,206.08527,59.946236,45.913979,125.645265333333,0,6.8728,81.3507,74.87,3.56,26.84,70.54,3.12,4.316205221454398,10.397912379203463,0.0,0,0.0,0.0,26.9,28.48,0.436,0.605
2019,9,Monaragala,LK82,-1.0,-1.83697019872102e-16,0,1,0,0,126.806453,273.788533333333,185.91389,131.032256,59.946236,206.08527,0,6.8728,81.3507,82.84,2.34,25.78,74.87,3.56,4.316205221454398,10.397912379203463,0.0,0,0.0,0.0,26.75,28.18,0.892,0.597
2019,10,Monaragala,LK82,-0.866025403784438,0.5,0,0,1,0,400.24731,496.831563333333,171.690953333333,126.806453,131.032256,185.91389,0,6.8728,81.3507,88.33,1.24,24.93,82.84,2.34,4.316205221454398,10.397912379203463,0.25,1,0.25,0.0,27.2,27.64,0.964,0.436
2019,11,Monaragala,LK82,-0.5,0.866025403784438,0,0,1,0,365.403227,755.043053333333,106.247803333333,400.24731,126.806453,171.690953333333,0,6.8728,81.3507,89.7,1.42,24.27,88.33,1.24,4.316205221454398,10.397912379203463,0.0,0,0.0,0.25,27.22,26.9,0.835,0.892
2019,12,Monaragala,LK82,-2.4492935982947e-16,1.0,0,0,0,1,357.79033,1108.67386666666,129.819139,365.403227,400.24731,106.247803333333,1,6.8728,81.3507,93.0,1.89,24.23,89.7,1.42,4.316205221454398,10.397912379203463,0.0,0,0.0,0.0,27.12,26.75,0.243,0.964
2020,1,Monaragala,LK82,0.499999999999999,0.866025403784438,0,0,0,1,58.32258,935.767133333333,38.6411633333333,357.79033,365.403227,129.819139,1,6.8728,81.3507,89.56,2.04,23.29,93.0,1.89,4.534113103693182,10.68752774325284,0.25,1,0.25,0.0,27.15,27.2,0.173,0.835
2020,2,Monaragala,LK82,0.866025403784438,0.5,0,0,0,1,24.467742,605.130853333333,35.3809413333333,58.32258,357.79033,38.6411633333333,1,6.8728,81.3507,87.84,2.18,22.82,89.56,2.04,4.534113103693182,10.68752774325284,0.75,3,0.75,0.25,27.12,27.22,0.054,0.243
2020,3,Monaragala,LK82,1.0,6.12323399573676e-17,1,0,0,0,27.1612899,171.152328,37.0915673333333,24.467742,58.32258,35.3809413333333,0,6.8728,81.3507,79.11,1.52,23.05,87.84,2.18,4.534113103693182,10.68752774325284,0.0,0,0.0,0.75,27.76,27.12,0.019,0.173
2020,4,Monaragala,LK82,0.866025403784438,-0.499999999999999,1,0,0,0,101.177421,133.967743333333,69.6285113333333,27.1612899,24.467742,37.0915673333333,0,6.8728,81.3507,76.96,1.43,24.83,79.11,1.52,4.534113103693182,10.68752774325284,0.0,0,0.0,0.0,28.18,27.15,-0.011,0.054
2020,5,Monaragala,LK82,0.499999999999999,-0.866025403784438,0,1,0,0,300.75268,337.758066666666,212.352393333333,101.177421,27.1612899,69.6285113333333,0,6.8728,81.3507,81.21,2.12,26.68,76.96,1.43,4.534113103693182,10.68752774325284,0.0,0,0.0,0.0,27.66,27.12,0.298,0.019
2020,6,Monaragala,LK82,1.22464679914735e-16,-1.0,0,1,0,0,40.811828,433.639793333333,118.685293333333,300.75268,101.177421,212.352393333333,0,6.8728,81.3507,78.06,2.89,26.43,81.21,2.12,4.534113103693182,10.68752774325284,0.0,0,0.0,0.0,27.39,27.76,0.455,-0.011
2020,7,Monaragala,LK82,-0.499999999999999,-0.866025403784438,0,1,0,0,81.134407,441.24012,161.796326666666,40.811828,300.75268,118.685293333333,0,6.8728,81.3507,82.82,2.36,25.91,78.06,2.89,4.534113103693182,10.68752774325284,0.25,1,0.25,0.0,26.99,28.18,0.319,0.298
2020,8,Monaragala,LK82,-0.866025403784438,-0.5,0,1,0,0,57.763441,265.198913333333,104.41247,81.134407,40.811828,161.796326666666,0,6.8728,81.3507,77.6,2.75,24.91,82.82,2.36,4.534113103693182,10.68752774325284,0.0,0,0.0,0.25,26.26,27.66,-0.183,0.455
2020,9,Monaragala,LK82,-1.0,-1.83697019872102e-16,0,1,0,0,115.833334,231.426519999999,172.770923333333,57.763441,81.134407,104.41247,0,6.8728,81.3507,80.87,2.84,25.63,77.6,2.75,4.534113103693182,10.68752774325284,0.0,0,0.0,0.0,25.89,27.39,-0.189,0.319
2020,10,Monaragala,LK82,-0.866025403784438,0.5,0,0,1,0,117.258066,268.390673333333,56.429733,115.833334,57.763441,172.770923333333,1,6.8728,81.3507,77.38,2.54,24.85,80.87,2.84,4.534113103693182,10.68752774325284,0.0,0,0.0,0.0,25.46,26.99,0.074,-0.183
2020,11,Monaragala,LK82,-0.5,0.866025403784438,0,0,1,0,269.2043,442.58243,80.0906533333333,117.258066,115.833334,56.429733,1,6.8728,81.3507,88.46,1.43,25.55,77.38,2.54,4.534113103693182,10.68752774325284,0.0,0,0.0,0.0,25.28,26.26,0.02,-0.189
2020,12,Monaragala,LK82,-2.4492935982947e-16,1.0,0,0,0,1,239.913976,591.905033333333,92.2355433333333,269.2043,117.258066,80.0906533333333,0,6.8728,81.3507,90.74,1.91,24.32,88.46,1.43,4.534113103693182,10.68752774325284,0.0,0,0.0,0.0,25.44,25.89,0.031,0.074
2021,1,Monaragala,LK82,0.499999999999999,0.866025403784438,0,0,0,1,276.612905,775.668486666666,143.03311,239.913976,269.2043,92.2355433333333,0,6.8728,81.3507,92.37,1.78,23.44,90.74,1.91,4.752020985931965,10.977143107302217,0.0,0,0.0,0.0,25.55,25.46,0.051,0.02
2021,2,Monaragala,LK82,0.866025403784438,0.5,0,0,0,1,102.75806,678.464153333333,94.1334046666666,276.612905,239.913976,143.03311,0,6.8728,81.3507,89.14,2.05,22.83,92.37,1.78,4.752020985931965,10.977143107302217,0.5,2,0.5,0.0,25.75,25.28,0.243,0.031
2021,3,Monaragala,LK82,1.0,6.12323399573676e-17,1,0,0,0,173.177422,558.921153333333,162.327863333333,102.75806,276.612905,94.1334046666666,0,6.8728,81.3507,87.22,1.4,23.16,89.14,2.05,4.752020985931965,10.977143107302217,0.5,2,0.5,0.5,26.48,25.44,0.267,0.051
2021,4,Monaragala,LK82,0.866025403784438,-0.499999999999999,1,0,0,0,121.82258,408.750896666666,81.7055326666666,173.177422,102.75806,162.327863333333,0,6.8728,81.3507,83.92,1.14,23.54,87.22,1.4,4.752020985931965,10.977143107302217,0.25,1,0.25,0.5,27.1,25.55,0.25,0.243
2021,5,Monaragala,LK82,0.499999999999999,-0.866025403784438,0,1,0,0,261.720424,483.220413333333,187.310726666666,121.82258,173.177422,81.7055326666666,0,6.8728,81.3507,86.41,2.17,25.45,83.92,1.14,4.752020985931965,10.977143107302217,0.0,0,0.0,0.25,27.47,25.75,0.009,0.267
2021,6,Monaragala,LK82,1.22464679914735e-16,-1.0,0,1,0,0,42.1827974,487.559143333333,107.42972,261.720424,121.82258,187.310726666666,0,6.8728,81.3507,85.78,2.47,25.4,86.41,2.17,4.752020985931965,10.977143107302217,0.0,0,0.0,0.0,27.45,26.48,-0.002,0.25
2021,7,Monaragala,LK82,-0.499999999999999,-0.866025403784438,0,1,0,0,94.446236,421.74912,188.45667,42.1827974,261.720424,107.42972,0,6.8728,81.3507,84.82,2.94,24.88,85.78,2.47,4.752020985931965,10.977143107302217,0.0,0,0.0,0.0,26.9,27.1,-0.229,0.009
2021,8,Monaragala,LK82,-0.866025403784438,-0.5,0,1,0,0,102.564517,282.817193333333,157.438696666666,94.446236,42.1827974,188.45667,0,6.8728,81.3507,83.2,2.84,24.82,84.82,2.94,4.752020985931965,10.977143107302217,0.0,0,0.0,0.0,26.32,27.47,-0.099,-0.002
2021,9,Monaragala,LK82,-1.0,-1.83697019872102e-16,0,1,0,0,89.397849,259.487453333333,132.920903333333,102.564517,94.446236,157.438696666666,0,6.8728,81.3507,84.56,2.52,24.65,83.2,2.84,4.752020985931965,10.977143107302217,0.0,0,0.0,0.0,26.17,27.45,-0.058,-0.229
2021,10,Monaragala,LK82,-0.866025403784438,0.5,0,0,1,0,260.634405,383.09675,125.492061999999,89.397849,102.564517,132.920903333333,0,6.8728,81.3507,86.81,2.04,25.04,84.56,2.52,4.752020985931965,10.977143107302217,0.0,0,0.0,0.0,25.77,26.9,-0.091,-0.099
2021,11,Monaragala,LK82,-0.5,0.866025403784438,0,0,1,0,413.71505,665.668466666666,119.794969999999,260.634405,89.397849,125.492061999999,0,6.8728,81.3507,89.33,1.75,24.6,86.81,2.04,4.752020985931965,10.977143107302217,0.0,0,0.0,0.0,25.76,26.32,0.069,-0.058
2021,12,Monaragala,LK82,-2.4492935982947e-16,1.0,0,0,0,1,142.478497,816.410433333333,53.6136246666666,413.71505,260.634405,119.794969999999,0,6.8728,81.3507,90.98,1.79,23.9,89.33,1.75,4.752020985931965,10.977143107302217,0.0,0,0.0,0.0,25.54,26.17,-0.12,-0.091
2022,1,Monaragala,LK82,0.499999999999999,0.866025403784438,0,0,0,1,67.48925,708.345899999999,39.957368,142.478497,413.71505,53.6136246666666,0,6.8728,81.3507,89.3,1.9,23.12,90.98,1.79,4.969928868170749,11.266758471351594,0.25,1,0.25,0.0,25.6,25.77,-0.056,0.069
2022,2,Monaragala,LK82,0.866025403784438,0.5,0,0,0,1,122.209674999999,440.442636666666,118.472123,67.48925,142.478497,39.957368,0,6.8728,81.3507,89.11,1.83,23.03,89.3,1.9,4.969928868170749,11.266758471351594,0.0,0,0.0,0.25,25.86,25.76,-0.082,-0.12
2022,3,Monaragala,LK82,1.0,6.12323399573676e-17,1,0,0,0,117.521502,310.08601,117.858041,122.209674999999,67.48925,118.472123,0,6.8728,81.3507,86.91,1.57,22.75,89.11,1.83,4.969928868170749,11.266758471351594,0.25,1,0.25,0.0,26.31,25.54,-0.093,-0.056
2022,4,Monaragala,LK82,0.866025403784438,-0.499999999999999,1,0,0,0,196.145166,397.695316666666,127.547403333333,117.521502,122.209674999999,117.858041,0,6.8728,81.3507,85.68,1.13,24.46,86.91,1.57,4.969928868170749,11.266758471351594,0.25,1,0.25,0.25,26.7,25.6,-0.068,-0.082
2022,5,Monaragala,LK82,0.499999999999999,-0.866025403784438,0,1,0,0,103.946237,419.33872,80.0722216666666,196.145166,117.521502,127.547403333333,0,6.8728,81.3507,86.76,2.9,25.53,85.68,1.13,4.969928868170749,11.266758471351594,0.0,0,0.0,0.25,26.82,25.86,-0.122,-0.093
2022,6,Monaragala,LK82,1.22464679914735e-16,-1.0,0,1,0,0,33.61828,353.34409,102.907575,103.946237,196.145166,80.0722216666666,0,6.8728,81.3507,86.83,2.52,25.37,86.76,2.9,4.969928868170749,11.266758471351594,0.25,1,0.25,0.0,26.98,26.31,-0.335,-0.068
2022,7,Monaragala,LK82,-0.499999999999999,-0.866025403784438,0,1,0,0,79.553765,222.645166666666,156.838802,33.61828,103.946237,102.907575,0,6.8728,81.3507,83.31,2.61,24.65,86.83,2.52,4.969928868170749,11.266758471351594,0.25,1,0.25,0.25,26.6,26.7,-0.195,-0.122
2022,8,Monaragala,LK82,-0.866025403784438,-0.5,0,1,0,0,126.629032,220.207883333333,195.270626666666,79.553765,33.61828,156.838802,0,6.8728,81.3507,83.44,3.05,24.69,83.31,2.61,4.969928868170749,11.266758471351594,0.0,0,0.0,0.25,25.88,26.82,-0.246,-0.335
2022,9,Monaragala,LK82,-1.0,-1.83697019872102e-16,0,1,0,0,45.4032257,253.770613333333,82.5654173333333,126.629032,79.553765,195.270626666666,0,6.8728,81.3507,83.52,2.52,24.53,83.44,3.05,4.969928868170749,11.266758471351594,0.25,1,0.25,0.0,25.65,26.98,-0.322,-0.195
2022,10,Monaragala,LK82,-0.866025403784438,0.5,0,0,1,0,296.139778,389.005363333333,131.607143333333,45.4032257,126.629032,82.5654173333333,0,6.8728,81.3507,84.61,1.93,24.75,83.52,2.52,4.969928868170749,11.266758471351594,0.0,0,0.0,0.25,25.73,26.6,-0.691,-0.246
2022,11,Monaragala,LK82,-0.5,0.866025403784438,0,0,1,0,274.473119,619.7169,81.609211,296.139778,45.4032257,131.607143333333,0,6.8728,81.3507,88.88,1.41,24.46,84.61,1.93,4.969928868170749,11.266758471351594,0.25,1,0.25,0.0,25.8,25.88,-0.269,-0.322
2022,12,Monaragala,LK82,-2.4492935982947e-16,1.0,0,0,0,1,283.419354,765.460536666666,108.906042,274.473119,296.139778,81.609211,1,6.8728,81.3507,90.76,2.2,23.44,88.88,1.41,4.969928868170749,11.266758471351594,0.0,0,0.0,0.25,25.75,25.65,-0.091,-0.691
2023,1,Monaragala,LK82,0.499999999999999,0.866025403784438,0,0,0,1,133.779569999999,750.980206666666,78.6716063333333,283.419354,274.473119,108.906042,1,6.8728,81.3507,90.93,2.34,22.73,90.76,2.2,5.187836750409533,11.556373835400972,0.5,2,0.5,0.0,25.83,25.73,0.11,-0.269
2023,2,Monaragala,LK82,0.866025403784438,0.5,0,0,0,1,159.037629999999,588.9767,145.226748333333,133.779569999999,283.419354,78.6716063333333,0,6.8728,81.3507,90.22,2.28,21.82,90.93,2.34,5.187836750409533,11.556373835400972,0.25,1,0.25,0.5,26.29,25.8,0.157,-0.091
2023,3,Monaragala,LK82,1.0,6.12323399573676e-17,1,0,0,0,180.338711,526.21868,175.324455666666,159.037629999999,133.779569999999,145.226748333333,0,6.8728,81.3507,87.61,1.54,22.47,90.22,2.28,5.187836750409533,11.556373835400972,0.25,1,0.25,0.25,27.17,25.75,0.414,0.11
2023,4,Monaragala,LK82,0.866025403784438,-0.499999999999999,1,0,0,0,129.50538,467.56093,87.0806233333333,180.338711,159.037629999999,175.324455666666,0,6.8728,81.3507,83.9,1.19,24.2,87.61,1.54,5.187836750409533,11.556373835400972,0.25,1,0.25,0.25,27.96,25.83,0.56,0.157
2023,5,Monaragala,LK82,0.499999999999999,-0.866025403784438,0,1,0,0,361.48387,639.14696,240.284563333333,129.50538,180.338711,87.0806233333333,0,6.8728,81.3507,85.33,1.99,25.47,83.9,1.19,5.187836750409533,11.556373835400972,0.0,0,0.0,0.25,28.39,26.29,0.443,0.414
2023,6,Monaragala,LK82,1.22464679914735e-16,-1.0,0,1,0,0,84.9354899999999,587.765246666666,213.079808333333,361.48387,129.50538,240.284563333333,0,6.8728,81.3507,85.09,2.81,25.65,85.33,1.99,5.187836750409533,11.556373835400972,0.0,0,0.0,0.0,28.57,27.17,0.665,0.56
2023,7,Monaragala,LK82,-0.499999999999999,-0.866025403784438,0,1,0,0,48.7956995,547.582473333333,110.750437333333,84.9354899999999,361.48387,213.079808333333,0,6.8728,81.3507,81.59,3.13,25.43,85.09,2.81,5.187836750409533,11.556373835400972,0.0,0,0.0,0.0,28.32,27.96,0.498,0.443
2023,8,Monaragala,LK82,-0.866025403784438,-0.5,0,1,0,0,43.935484,227.770623333333,80.4294996666666,48.7956995,84.9354899999999,110.750437333333,0,6.8728,81.3507,77.54,2.87,25.2,81.59,3.13,5.187836750409533,11.556373835400972,0.0,0,0.0,0.0,28.2,28.39,0.826,0.665
2023,9,Monaragala,LK82,-1.0,-1.83697019872102e-16,0,1,0,0,85.892472,180.630826666666,134.420816666666,43.935484,48.7956995,80.4294996666666,0,6.8728,81.3507,85.26,2.86,26.2,77.54,2.87,5.187836750409533,11.556373835400972,0.0,0,0.0,0.0,28.32,28.57,0.946,0.498
2023,10,Monaragala,LK82,-0.866025403784438,0.5,0,0,1,0,397.51613,429.965946666666,199.068374999999,85.892472,43.935484,134.420816666666,0,6.8728,81.3507,89.39,1.5,24.93,85.26,2.86,5.187836750409533,11.556373835400972,0.0,0,0.0,0.0,28.44,28.32,0.804,0.826
2023,11,Monaragala,LK82,-0.5,0.866025403784438,0,0,1,0,348.978494,752.202516666666,102.643618333333,397.51613,85.892472,199.068374999999,0,6.8728,81.3507,90.47,1.2,24.57,89.39,1.5,5.187836750409533,11.556373835400972,0.0,0,0.0,0.0,28.72,28.2,0.92,0.946
2023,12,Monaragala,LK82,-2.4492935982947e-16,1.0,0,0,0,1,459.10215,1074.267,173.19221,348.978494,397.51613,102.643618333333,0,6.8728,81.3507,93.18,2.0,24.38,90.47,1.2,5.187836750409533,11.556373835400972,0.0,0,0.0,0.0,28.62,28.32,0.852,0.804
2024,1,Monaragala,LK82,0.499999999999999,0.866025403784438,0,0,0,1,348.822578,1230.82606666666,169.421039333333,459.10215,348.978494,173.19221,1,6.8728,81.3507,91.55,1.94,24.13,93.18,2.0,5.405744632648316,11.845989199450347,0.0,0,0.0,0.0,28.35,28.44,0.765,0.92
2024,2,Monaragala,LK82,0.866025403784438,0.5,0,0,0,1,33.672044,928.962316666666,43.039047,348.822578,459.10215,169.421039333333,1,6.8728,81.3507,89.52,2.23,23.17,91.55,1.94,5.405744632648316,11.845989199450347,0.5,2,0.5,0.0,28.27,28.72,0.327,0.852
2024,3,Monaragala,LK82,1.0,6.12323399573676e-17,1,0,0,0,51.4354827,573.184533333333,56.5249913333333,33.672044,348.822578,43.039047,1,6.8728,81.3507,84.55,1.58,24.0,89.52,2.23,5.405744632648316,11.845989199450347,0.5,2,0.5,0.5,28.41,28.62,0.421,0.765
2024,4,Monaragala,LK82,0.866025403784438,-0.499999999999999,1,0,0,0,115.397851,195.478506666666,77.9952809999999,51.4354827,33.672044,56.5249913333333,0,6.8728,81.3507,78.16,1.29,24.56,84.55,1.58,5.405744632648316,11.845989199450347,0.5,2,0.5,0.5,28.59,28.35,0.44,0.327
2024,5,Monaragala,LK82,0.499999999999999,-0.866025403784438,0,1,0,0,189.88172,308.609326666666,136.161566666666,115.397851,51.4354827,77.9952809999999,0,6.8728,81.3507,80.65,2.38,27.33,78.16,1.29,5.405744632648316,11.845989199450347,0.0,0,0.0,0.5,28.16,28.27,0.298,0.421
2024,6,Monaragala,LK82,1.22464679914735e-16,-1.0,0,1,0,0,21.102151,345.28672,70.728388,189.88172,115.397851,136.161566666666,0,6.8728,81.3507,80.94,3.01,27.15,80.65,2.38,5.405744632648316,11.845989199450347,0.0,0,0.0,0.0,27.9,28.41,0.197,0.44
2024,7,Monaragala,LK82,-0.499999999999999,-0.866025403784438,0,1,0,0,28.919355,271.37992,74.4144613333333,21.102151,189.88172,70.728388,0,6.8728,81.3507,73.2,3.42,26.01,80.94,3.01,5.405744632648316,11.845989199450347,0.0,0,0.0,0.0,27.34,28.59,0.033,0.298
2024,8,Monaragala,LK82,-0.866025403784438,-0.5,0,1,0,0,104.526878,174.14159,159.192256666666,28.919355,21.102151,74.4144613333333,0,6.8728,81.3507,77.23,2.62,26.48,73.2,3.42,5.405744632648316,11.845989199450347,0.0,0,0.0,0.0,26.73,28.16,0.267,0.197
2024,9,Monaragala,LK82,-1.0,-1.83697019872102e-16,0,1,0,0,39.467742,160.444443333333,68.1412066666666,104.526878,28.919355,159.192256666666,0,6.8728,81.3507,75.16,3.14,26.24,77.23,2.62,5.405744632648316,11.845989199450347,0.0,0,0.0,0.0,26.45,27.9,0.115,0.033
2024,10,Monaragala,LK82,-0.866025403784438,0.5,0,0,1,0,304.629036,357.573486666666,148.791503333333,39.467742,104.526878,68.1412066666666,1,6.8728,81.3507,84.02,1.56,26.47,75.16,3.14,5.405744632648316,11.845989199450347,0.0,0,0.0,0.0,26.44,27.34,-0.196,0.267
2024,11,Monaragala,LK82,-0.5,0.866025403784438,0,0,1,0,448.295693999999,665.03046,129.553633333333,304.629036,39.467742,148.791503333333,1,6.8728,81.3507,89.43,2.01,25.47,84.02,1.56,5.405744632648316,11.845989199450347,0.5,2,0.5,0.0,26.45,26.73,-0.382,0.115
2024,12,Monaragala,LK82,-2.4492935982947e-16,1.0,0,0,0,1,194.596776,880.4372,75.512855,448.295693999999,304.629036,129.553633333333,1,6.8728,81.3507,89.26,1.53,24.47,89.43,2.01,5.405744632648316,11.845989199450347,0.5,2,0.5,0.5,26.0,26.45,-0.331,-0.196
2017,1,Ratnapura,LK91,0.499999999999999,0.866025403784438,0,0,0,1,146.0092543,544.935176666666,105.412781666666,202.658730857142,374.202382571428,99.8822751428571,0,6.6828,80.3992,77.42,1.54,24.268571428571427,87.77857142857144,1.5885714285714287,3.2368491840646647,7.664866720777874,0.0,0,0.0,0.0,26.12,25.98,-0.086,-0.382
2017,2,Ratnapura,LK91,0.866025403784438,0.5,0,0,0,1,113.8055525,393.898133333333,99.6539966666666,146.0092543,202.658730857142,105.412781666666,0,6.6828,80.3992,75.51,1.63,23.92,77.42,1.54,3.2368491840646647,7.664866720777874,0.4444,4,0.4444,0.0,26.67,25.94,0.101,-0.31
2017,3,Ratnapura,LK91,1.0,6.12323399573676e-17,1,0,0,0,257.84259,478.76851,142.072898333333,113.8055525,146.0092543,99.6539966666666,0,6.6828,80.3992,82.93,1.16,24.78,75.51,1.63,3.2368491840646647,7.664866720777874,0.1111,1,0.1111,0.4444,27.32,26.1,0.357,-0.086
2017,4,Ratnapura,LK91,0.866025403784438,-0.499999999999999,1,0,0,0,136.657402,569.271623333333,55.514514,257.84259,113.8055525,142.072898333333,0,6.6828,80.3992,83.2,1.79,25.35,82.93,1.16,3.2368491840646647,7.664866720777874,0.0,0,0.0,0.1111,28.03,26.12,0.498,0.101
2017,5,Ratnapura,LK91,0.499999999999999,-0.866025403784438,0,1,0,0,540.398166,753.361109999999,162.711566666666,136.657402,257.84259,55.514514,0,6.6828,80.3992,86.0,2.56,26.21,83.2,1.79,3.2368491840646647,7.664866720777874,0.1111,1,0.1111,0.0,28.3,26.67,0.536,0.357
2017,6,Ratnapura,LK91,1.22464679914735e-16,-1.0,0,1,0,0,205.314816,892.123476666666,85.3537886666666,540.398166,136.657402,162.711566666666,0,6.6828,80.3992,88.03,3.52,25.89,86.0,2.56,3.2368491840646647,7.664866720777874,0.0,0,0.0,0.1111,28.06,27.32,0.424,0.498
2017,7,Ratnapura,LK91,-0.499999999999999,-0.866025403784438,0,1,0,0,121.953701999999,848.4136,77.182519,205.314816,540.398166,85.3537886666666,0,6.6828,80.3992,85.13,3.57,25.13,88.03,3.52,3.2368491840646647,7.664866720777874,0.0,0,0.0,0.0,27.54,28.03,0.52,0.536
2017,8,Ratnapura,LK91,-0.866025403784438,-0.5,0,1,0,0,240.518518,726.9722,153.166116666666,121.953701999999,205.314816,77.182519,0,6.6828,80.3992,84.96,3.68,25.39,85.13,3.57,3.2368491840646647,7.664866720777874,0.0,0,0.0,0.0,26.7,28.3,0.349,0.424
2017,9,Ratnapura,LK91,-1.0,-1.83697019872102e-16,0,1,0,0,271.12038,640.845686666666,117.096300666666,240.518518,121.953701999999,153.166116666666,0,6.6828,80.3992,85.9,3.17,25.31,84.96,3.68,3.2368491840646647,7.664866720777874,0.0,0,0.0,0.0,26.29,28.06,0.035,0.52
2017,10,Ratnapura,LK91,-0.866025403784438,0.5,0,0,1,0,309.583335,748.6142,88.7432246666666,271.12038,240.518518,117.096300666666,0,6.6828,80.3992,86.69,2.67,25.05,85.9,3.17,3.2368491840646647,7.664866720777874,0.1111,1,0.1111,0.0,26.15,27.54,0.015,0.349
2017,11,Ratnapura,LK91,-0.5,0.866025403784438,0,0,1,0,441.268525,926.35808,119.148418666666,309.583335,271.12038,88.7432246666666,0,6.6828,80.3992,87.33,1.78,25.23,86.69,2.67,3.2368491840646647,7.664866720777874,0.0,0,0.0,0.1111,25.74,26.7,0.289,0.035
2017,12,Ratnapura,LK91,-2.4492935982947e-16,1.0,0,0,0,1,176.694445,927.709853333333,89.1943549999999,441.268525,309.583335,119.148418666666,0,6.6828,80.3992,86.28,1.45,24.62,87.33,1.78,3.2368491840646647,7.664866720777874,0.1111,1,0.1111,0.0,25.62,26.29,0.11,0.015
2018,1,Ratnapura,LK91,0.499999999999999,0.866025403784438,0,0,0,1,49.537036,763.373523333333,42.2725566666666,176.694445,441.268525,89.1943549999999,0,6.6828,80.3992,82.21,1.3,24.21,86.28,1.45,3.167510981020236,7.57214646905497,0.1111,1,0.1111,0.1111,25.57,26.15,-0.2,0.289
2018,2,Ratnapura,LK91,0.866025403784438,0.5,0,0,0,1,111.879629,477.70678,93.498871,49.537036,176.694445,42.2725566666666,0,6.6828,80.3992,83.01,1.5,23.48,82.21,1.3,3.167510981020236,7.57214646905497,0.1111,1,0.1111,0.1111,25.97,25.74,0.216,0.11
2018,3,Ratnapura,LK91,1.0,6.12323399573676e-17,1,0,0,0,240.231479999999,388.206796666666,133.314168333333,111.879629,49.537036,93.498871,0,6.6828,80.3992,83.12,1.46,24.4,83.01,1.5,3.167510981020236,7.57214646905497,0.2222,2,0.2222,0.1111,26.48,25.62,-0.12,-0.2
2018,4,Ratnapura,LK91,0.866025403784438,-0.499999999999999,1,0,0,0,293.59259,570.830253333333,110.763445,240.231479999999,111.879629,133.314168333333,0,6.6828,80.3992,85.55,1.25,25.29,83.12,1.46,3.167510981020236,7.57214646905497,0.0,0,0.0,0.2222,27.31,25.57,-0.083,0.216
2018,5,Ratnapura,LK91,0.499999999999999,-0.866025403784438,0,1,0,0,592.96295,961.67905,173.36562,293.59259,240.231479999999,110.763445,0,6.6828,80.3992,90.29,2.3,25.69,85.55,1.25,3.167510981020236,7.57214646905497,0.1111,1,0.1111,0.0,27.73,25.97,0.122,-0.12
2018,6,Ratnapura,LK91,1.22464679914735e-16,-1.0,0,1,0,0,269.175925,1157.01856666666,107.35846,592.96295,293.59259,173.36562,0,6.6828,80.3992,90.81,3.67,25.21,90.29,2.3,3.167510981020236,7.57214646905497,0.1111,1,0.1111,0.1111,27.77,26.48,0.155,-0.083
2018,7,Ratnapura,LK91,-0.499999999999999,-0.866025403784438,0,1,0,0,144.231483,1066.01224666666,90.2852616666666,269.175925,592.96295,107.35846,0,6.6828,80.3992,88.84,3.72,24.85,90.81,3.67,3.167510981020236,7.57214646905497,0.1111,1,0.1111,0.1111,27.42,27.31,0.053,0.122
2018,8,Ratnapura,LK91,-0.866025403784438,-0.5,0,1,0,0,224.833335,754.268466666666,139.037554666666,144.231483,269.175925,90.2852616666666,0,6.6828,80.3992,87.85,3.93,24.52,88.84,3.72,3.167510981020236,7.57214646905497,0.0,0,0.0,0.1111,26.94,27.73,0.121,0.155
2018,9,Ratnapura,LK91,-1.0,-1.83697019872102e-16,0,1,0,0,238.824085,549.839473333333,93.355558,224.833335,144.231483,139.037554666666,0,6.6828,80.3992,85.23,2.56,24.36,87.85,3.93,3.167510981020236,7.57214646905497,0.0,0,0.0,0.0,27.19,27.77,0.604,0.053
2018,10,Ratnapura,LK91,-0.866025403784438,0.5,0,0,1,0,531.4074,865.873443333333,157.692716666666,238.824085,224.833335,93.355558,0,6.6828,80.3992,88.35,1.57,24.82,85.23,2.56,3.167510981020236,7.57214646905497,0.2222,2,0.2222,0.0,27.62,27.42,0.684,0.121
2018,11,Ratnapura,LK91,-0.5,0.866025403784438,0,0,1,0,345.546296,1098.27466666666,94.6189746666666,531.4074,238.824085,157.692716666666,0,6.6828,80.3992,87.93,1.37,24.53,88.35,1.57,3.167510981020236,7.57214646905497,0.0,0,0.0,0.2222,27.61,26.94,0.5,0.604
2018,12,Ratnapura,LK91,-2.4492935982947e-16,1.0,0,0,0,1,112.453701,1080.16663333333,59.6680563333333,345.546296,531.4074,94.6189746666666,0,6.6828,80.3992,84.66,1.38,24.49,87.93,1.37,3.167510981020236,7.57214646905497,0.0,0,0.0,0.0,27.49,27.19,0.309,0.684
2019,1,Ratnapura,LK91,0.499999999999999,0.866025403784438,0,0,0,1,50.0833337,660.756166666666,43.180134,112.453701,345.546296,59.6680563333333,0,6.6828,80.3992,80.33,1.49,24.03,84.66,1.38,3.098172777975806,7.479426217332067,0.0,0,0.0,0.0,27.19,27.62,0.387,0.5
2019,2,Ratnapura,LK91,0.866025403784438,0.5,0,0,0,1,199.009262,429.620363333333,147.816576666666,50.0833337,112.453701,43.180134,0,6.6828,80.3992,81.77,1.63,24.35,80.33,1.49,3.098172777975806,7.479426217332067,0.1111,1,0.1111,0.0,27.46,27.61,0.416,0.309
2019,3,Ratnapura,LK91,1.0,6.12323399573676e-17,1,0,0,0,64.046298,330.31175,41.0227456666666,199.009262,50.0833337,147.816576666666,0,6.6828,80.3992,75.18,1.32,25.28,81.77,1.63,3.098172777975806,7.479426217332067,0.0,0,0.0,0.1111,28.09,27.49,0.225,0.387
2019,4,Ratnapura,LK91,0.866025403784438,-0.499999999999999,1,0,0,0,228.518525,405.317913333333,86.732274,64.046298,199.009262,41.0227456666666,0,6.6828,80.3992,76.46,1.24,26.12,75.18,1.32,3.098172777975806,7.479426217332067,0.0,0,0.0,0.0,28.44,27.19,0.258,0.416
2019,5,Ratnapura,LK91,0.499999999999999,-0.866025403784438,0,1,0,0,179.240740999999,428.4599,56.695753,228.518525,64.046298,86.732274,0,6.6828,80.3992,84.25,2.69,27.07,76.46,1.24,3.098172777975806,7.479426217332067,0.0,0,0.0,0.0,28.48,27.46,0.54,0.225
2019,6,Ratnapura,LK91,1.22464679914735e-16,-1.0,0,1,0,0,395.148139,717.527766666666,155.572046666666,179.240740999999,228.518525,56.695753,0,6.6828,80.3992,83.28,3.67,26.47,84.25,2.69,3.098172777975806,7.479426217332067,0.0,0,0.0,0.0,28.18,28.09,0.605,0.258
2019,7,Ratnapura,LK91,-0.499999999999999,-0.866025403784438,0,1,0,0,179.287041,801.083323333333,110.434162,395.148139,179.240740999999,155.572046666666,0,6.6828,80.3992,83.15,3.29,26.27,83.28,3.67,3.098172777975806,7.479426217332067,0.0,0,0.0,0.0,27.64,28.44,0.597,0.54
2019,8,Ratnapura,LK91,-0.866025403784438,-0.5,0,1,0,0,359.564809999999,876.623493333333,230.581018666666,179.287041,395.148139,110.434162,0,6.6828,80.3992,85.88,3.62,25.69,83.15,3.29,3.098172777975806,7.479426217332067,0.0,0,0.0,0.0,26.9,28.48,0.436,0.605
2019,9,Ratnapura,LK91,-1.0,-1.83697019872102e-16,0,1,0,0,556.04631,962.3117,223.436383333333,359.564809999999,179.287041,230.581018666666,0,6.6828,80.3992,88.4,2.59,24.97,85.88,3.62,3.098172777975806,7.479426217332067,0.0,0,0.0,0.0,26.75,28.18,0.892,0.597
2019,10,Ratnapura,LK91,-0.866025403784438,0.5,0,0,1,0,556.85185,1319.9321,157.856493333333,556.04631,359.564809999999,223.436383333333,0,6.6828,80.3992,89.58,1.52,24.76,88.4,2.59,3.098172777975806,7.479426217332067,0.0,0,0.0,0.0,27.2,27.64,0.964,0.436
2019,11,Ratnapura,LK91,-0.5,0.866025403784438,0,0,1,0,322.555555,1453.20683333333,87.9029166666666,556.85185,556.04631,157.856493333333,0,6.6828,80.3992,89.26,1.43,24.39,89.58,1.52,3.098172777975806,7.479426217332067,0.0,0,0.0,0.0,27.22,26.9,0.835,0.892
2019,12,Ratnapura,LK91,-2.4492935982947e-16,1.0,0,0,0,1,224.7037,1281.55553333333,109.540828333333,322.555555,556.85185,87.9029166666666,0,6.6828,80.3992,89.76,1.62,24.75,89.26,1.43,3.098172777975806,7.479426217332067,0.0,0,0.0,0.0,27.12,26.75,0.243,0.964
2020,1,Ratnapura,LK91,0.499999999999999,0.866025403784438,0,0,0,1,69.944444,806.6235,55.0809276666666,224.7037,322.555555,109.540828333333,0,6.6828,80.3992,85.6,1.71,24.32,89.76,1.62,3.0288345749313765,7.386705965609163,0.2222,2,0.2222,0.0,27.15,27.2,0.173,0.835
2020,2,Ratnapura,LK91,0.866025403784438,0.5,0,0,0,1,33.3055559999999,432.577143333333,35.5437743333333,69.944444,224.7037,55.0809276666666,0,6.6828,80.3992,83.56,1.78,24.24,85.6,1.71,3.0288345749313765,7.386705965609163,0.5556,5,0.5556,0.2222,27.12,27.22,0.054,0.243
2020,3,Ratnapura,LK91,1.0,6.12323399573676e-17,1,0,0,0,79.342594,218.07407,48.9711323333333,33.3055559999999,69.944444,35.5437743333333,0,6.6828,80.3992,79.82,1.22,24.57,83.56,1.78,3.0288345749313765,7.386705965609163,0.2222,2,0.2222,0.5556,27.76,27.12,0.019,0.173
2020,4,Ratnapura,LK91,0.866025403784438,-0.499999999999999,1,0,0,0,191.833331,239.000003333333,73.5238716666666,79.342594,33.3055559999999,48.9711323333333,0,6.6828,80.3992,81.39,1.37,25.74,79.82,1.22,3.0288345749313765,7.386705965609163,0.0,0,0.0,0.2222,28.18,27.15,-0.011,0.054
2020,5,Ratnapura,LK91,0.499999999999999,-0.866025403784438,0,1,0,0,482.037035,613.407399999999,140.678603333333,191.833331,79.342594,73.5238716666666,0,6.6828,80.3992,88.26,2.61,26.53,81.39,1.37,3.0288345749313765,7.386705965609163,0.0,0,0.0,0.0,27.66,27.12,0.298,0.019
2020,6,Ratnapura,LK91,1.22464679914735e-16,-1.0,0,1,0,0,244.416672,835.20682,106.803805,482.037035,191.833331,140.678603333333,0,6.6828,80.3992,87.19,3.36,26.03,88.26,2.61,3.0288345749313765,7.386705965609163,0.0,0,0.0,0.0,27.39,27.76,0.455,-0.011
2020,7,Ratnapura,LK91,-0.499999999999999,-0.866025403784438,0,1,0,0,234.629632,966.0216,141.492696666666,244.416672,482.037035,106.803805,0,6.6828,80.3992,88.76,2.87,25.38,87.19,3.36,3.0288345749313765,7.386705965609163,0.0,0,0.0,0.0,26.99,28.18,0.319,0.298
2020,8,Ratnapura,LK91,-0.866025403784438,-0.5,0,1,0,0,166.592592,763.03085,125.488366333333,234.629632,244.416672,141.492696666666,0,6.6828,80.3992,87.45,3.09,24.62,88.76,2.87,3.0288345749313765,7.386705965609163,0.0,0,0.0,0.0,26.26,27.66,-0.183,0.455
2020,9,Ratnapura,LK91,-1.0,-1.83697019872102e-16,0,1,0,0,394.19445,770.179043333333,162.877103333333,166.592592,234.629632,125.488366333333,0,6.6828,80.3992,88.56,3.32,24.92,87.45,3.09,3.0288345749313765,7.386705965609163,0.1111,1,0.1111,0.0,25.89,27.39,-0.189,0.319
2020,10,Ratnapura,LK91,-0.866025403784438,0.5,0,0,1,0,138.870371,726.703746666666,41.9321233333333,394.19445,166.592592,162.877103333333,0,6.6828,80.3992,87.35,3.17,24.58,88.56,3.32,3.0288345749313765,7.386705965609163,0.0,0,0.0,0.1111,25.46,26.99,0.074,-0.183
2020,11,Ratnapura,LK91,-0.5,0.866025403784438,0,0,1,0,309.03704,803.26848,84.9502196666666,138.870371,394.19445,41.9321233333333,0,6.6828,80.3992,87.83,1.39,24.92,87.35,3.17,3.0288345749313765,7.386705965609163,0.2222,2,0.2222,0.0,25.28,26.26,0.02,-0.189
2020,12,Ratnapura,LK91,-2.4492935982947e-16,1.0,0,0,0,1,147.472222,679.089493333333,76.05067,309.03704,138.870371,84.9502196666666,0,6.6828,80.3992,87.35,1.49,24.87,87.83,1.39,3.0288345749313765,7.386705965609163,0.2222,2,0.2222,0.2222,25.44,25.89,0.031,0.074
2021,1,Ratnapura,LK91,0.499999999999999,0.866025403784438,0,0,0,1,203.370372,662.787046666666,140.898852,147.472222,309.03704,76.05067,0,6.6828,80.3992,87.5,1.36,24.44,87.35,1.49,2.959496371886947,7.29398571388626,0.1111,1,0.1111,0.2222,25.55,25.46,0.051,0.02
2021,2,Ratnapura,LK91,0.866025403784438,0.5,0,0,0,1,96.4166659999999,490.57717,81.7118973333333,203.370372,147.472222,140.898852,0,6.6828,80.3992,83.63,1.53,23.99,87.5,1.36,2.959496371886947,7.29398571388626,0.1111,1,0.1111,0.1111,25.75,25.28,0.243,0.031
2021,3,Ratnapura,LK91,1.0,6.12323399573676e-17,1,0,0,0,251.83334,501.839533333333,135.582473333333,96.4166659999999,203.370372,81.7118973333333,0,6.6828,80.3992,83.35,1.4,24.68,83.63,1.53,2.959496371886947,7.29398571388626,0.1111,1,0.1111,0.1111,26.48,25.44,0.267,0.051
2021,4,Ratnapura,LK91,0.866025403784438,-0.499999999999999,1,0,0,0,213.101849,513.950623333333,81.1200093333333,251.83334,96.4166659999999,135.582473333333,0,6.6828,80.3992,85.97,1.5,24.6,83.35,1.4,2.959496371886947,7.29398571388626,0.2222,2,0.2222,0.1111,27.1,25.55,0.25,0.243
2021,5,Ratnapura,LK91,0.499999999999999,-0.866025403784438,0,1,0,0,545.54629,852.719133333333,160.490376666666,213.101849,251.83334,81.1200093333333,0,6.6828,80.3992,88.87,2.62,25.68,85.97,1.5,2.959496371886947,7.29398571388626,0.1111,1,0.1111,0.2222,27.47,25.75,0.009,0.267
2021,6,Ratnapura,LK91,1.22464679914735e-16,-1.0,0,1,0,0,294.638887,1100.01233333333,112.32776,545.54629,213.101849,160.490376666666,0,6.6828,80.3992,89.34,3.27,25.64,88.87,2.62,2.959496371886947,7.29398571388626,0.0,0,0.0,0.1111,27.45,26.48,-0.002,0.25
2021,7,Ratnapura,LK91,-0.499999999999999,-0.866025403784438,0,1,0,0,292.074066,1156.5339,173.145736666666,294.638887,545.54629,112.32776,0,6.6828,80.3992,89.73,3.67,25.06,89.34,3.27,2.959496371886947,7.29398571388626,0.0,0,0.0,0.0,26.9,27.1,-0.229,0.009
2021,8,Ratnapura,LK91,-0.866025403784438,-0.5,0,1,0,0,268.833325,917.259256666666,160.549253333333,292.074066,294.638887,173.145736666666,0,6.6828,80.3992,89.25,3.39,24.84,89.73,3.67,2.959496371886947,7.29398571388626,0.0,0,0.0,0.0,26.32,27.47,-0.099,-0.002
2021,9,Ratnapura,LK91,-1.0,-1.83697019872102e-16,0,1,0,0,303.48149,801.92282,123.641751333333,268.833325,292.074066,160.549253333333,0,6.6828,80.3992,89.24,3.3,24.58,89.25,3.39,2.959496371886947,7.29398571388626,0.0,0,0.0,0.0,26.17,27.45,-0.058,-0.229
2021,10,Ratnapura,LK91,-0.866025403784438,0.5,0,0,1,0,412.009274,898.679033333333,120.209432333333,303.48149,268.833325,123.641751333333,0,6.6828,80.3992,90.07,2.51,24.94,89.24,3.3,2.959496371886947,7.29398571388626,0.0,0,0.0,0.0,25.77,26.9,-0.091,-0.099
2021,11,Ratnapura,LK91,-0.5,0.866025403784438,0,0,1,0,384.84259,1103.3488,104.844293333333,412.009274,303.48149,120.209432333333,0,6.6828,80.3992,90.39,2.34,24.72,90.07,2.51,2.959496371886947,7.29398571388626,0.1111,1,0.1111,0.0,25.76,26.32,0.069,-0.058
2021,12,Ratnapura,LK91,-2.4492935982947e-16,1.0,0,0,0,1,159.138888,1040.0679,77.255651,384.84259,412.009274,104.844293333333,0,6.6828,80.3992,87.25,1.39,24.22,90.39,2.34,2.959496371886947,7.29398571388626,0.0,0,0.0,0.1111,25.54,26.17,-0.12,-0.091
2022,1,Ratnapura,LK91,0.499999999999999,0.866025403784438,0,0,0,1,84.0462973,771.749933333333,63.3532583333333,159.138888,384.84259,77.255651,0,6.6828,80.3992,84.95,1.38,24.3,87.25,1.39,2.8901581688425177,7.201265462163357,0.1111,1,0.1111,0.0,25.6,25.77,-0.056,0.069
2022,2,Ratnapura,LK91,0.866025403784438,0.5,0,0,0,1,126.064812,444.08642,104.43872,84.0462973,159.138888,63.3532583333333,0,6.6828,80.3992,83.9,1.26,24.38,84.95,1.38,2.8901581688425177,7.201265462163357,0.2222,2,0.2222,0.1111,25.86,25.76,-0.082,-0.12
2022,3,Ratnapura,LK91,1.0,6.12323399573676e-17,1,0,0,0,179.28704,360.583333333333,99.8390466666666,126.064812,84.0462973,104.43872,0,6.6828,80.3992,85.35,1.55,24.21,83.9,1.26,2.8901581688425177,7.201265462163357,0.2222,2,0.2222,0.2222,26.31,25.54,-0.093,-0.056
2022,4,Ratnapura,LK91,0.866025403784438,-0.499999999999999,1,0,0,0,355.67593,559.969136666666,132.80078,179.28704,126.064812,99.8390466666666,0,6.6828,80.3992,88.06,1.38,25.12,85.35,1.55,2.8901581688425177,7.201265462163357,0.0,0,0.0,0.2222,26.7,25.6,-0.068,-0.082
2022,5,Ratnapura,LK91,0.499999999999999,-0.866025403784438,0,1,0,0,430.84258,852.123476666666,128.0979,355.67593,179.28704,132.80078,0,6.6828,80.3992,90.87,3.56,25.57,88.06,1.38,2.8901581688425177,7.201265462163357,0.0,0,0.0,0.0,26.82,25.86,-0.122,-0.093
2022,6,Ratnapura,LK91,1.22464679914735e-16,-1.0,0,1,0,0,204.527772,978.64504,85.857176,430.84258,355.67593,128.0979,0,6.6828,80.3992,90.31,3.38,25.42,90.87,3.56,2.8901581688425177,7.201265462163357,0.3333,3,0.3333,0.0,26.98,26.31,-0.335,-0.068
2022,7,Ratnapura,LK91,-0.499999999999999,-0.866025403784438,0,1,0,0,230.453693999999,866.604966666666,138.380533333333,204.527772,430.84258,85.857176,0,6.6828,80.3992,88.54,3.39,24.84,90.31,3.38,2.8901581688425177,7.201265462163357,0.1111,1,0.1111,0.3333,26.6,26.7,-0.195,-0.122
2022,8,Ratnapura,LK91,-0.866025403784438,-0.5,0,1,0,0,307.62038,760.194413333333,188.764383333333,230.453693999999,204.527772,138.380533333333,0,6.6828,80.3992,89.05,3.77,24.61,88.54,3.39,2.8901581688425177,7.201265462163357,0.0,0,0.0,0.1111,25.88,26.82,-0.246,-0.335
2022,9,Ratnapura,LK91,-1.0,-1.83697019872102e-16,0,1,0,0,169.212962,744.027766666666,73.9967976666666,307.62038,230.453693999999,188.764383333333,0,6.6828,80.3992,87.87,3.28,24.38,89.05,3.77,2.8901581688425177,7.201265462163357,0.0,0,0.0,0.0,25.65,26.98,-0.322,-0.195
2022,10,Ratnapura,LK91,-0.866025403784438,0.5,0,0,1,0,475.361099999999,852.824066666666,127.762538666666,169.212962,307.62038,73.9967976666666,0,6.6828,80.3992,87.88,2.79,24.67,87.87,3.28,2.8901581688425177,7.201265462163357,0.0,0,0.0,0.0,25.73,26.6,-0.691,-0.246
2022,11,Ratnapura,LK91,-0.5,0.866025403784438,0,0,1,0,313.555562,1024.0216,86.1537866666666,475.361099999999,169.212962,127.762538666666,0,6.6828,80.3992,87.08,1.41,24.53,87.88,2.79,2.8901581688425177,7.201265462163357,0.1111,1,0.1111,0.0,25.8,25.88,-0.269,-0.322
2022,12,Ratnapura,LK91,-2.4492935982947e-16,1.0,0,0,0,1,240.47222,994.950566666666,118.299052,313.555562,475.361099999999,86.1537866666666,0,6.6828,80.3992,87.98,1.97,24.21,87.08,1.41,2.8901581688425177,7.201265462163357,0.0,0,0.0,0.1111,25.75,25.65,-0.091,-0.691
2023,1,Ratnapura,LK91,0.499999999999999,0.866025403784438,0,0,0,1,110.50926,835.003083333333,81.6149416666666,240.47222,313.555562,118.299052,0,6.6828,80.3992,85.1,1.85,23.73,87.98,1.97,2.8208199657980884,7.108545210440453,0.2222,2,0.2222,0.0,25.83,25.73,0.11,-0.269
2023,2,Ratnapura,LK91,0.866025403784438,0.5,0,0,0,1,182.657412,569.851866666666,140.994891333333,110.50926,240.47222,81.6149416666666,0,6.6828,80.3992,84.77,1.74,23.18,85.1,1.85,2.8208199657980884,7.108545210440453,0.1111,1,0.1111,0.2222,26.29,25.8,0.157,-0.091
2023,3,Ratnapura,LK91,1.0,6.12323399573676e-17,1,0,0,0,343.851845,598.524699999999,184.74078,182.657412,110.50926,140.994891333333,0,6.6828,80.3992,85.11,1.43,23.92,84.77,1.74,2.8208199657980884,7.108545210440453,0.0,0,0.0,0.1111,27.17,25.75,0.414,0.11
2023,4,Ratnapura,LK91,0.866025403784438,-0.499999999999999,1,0,0,0,239.944435,717.32408,90.4350156666666,343.851845,182.657412,184.74078,0,6.6828,80.3992,84.29,1.21,25.21,85.11,1.43,2.8208199657980884,7.108545210440453,0.0,0,0.0,0.0,27.96,25.83,0.56,0.157
2023,5,Ratnapura,LK91,0.499999999999999,-0.866025403784438,0,1,0,0,694.203689999999,1164.09876666666,198.06665,239.944435,343.851845,90.4350156666666,0,6.6828,80.3992,89.25,2.51,25.95,84.29,1.21,2.8208199657980884,7.108545210440453,0.0,0,0.0,0.0,28.39,26.29,0.443,0.414
2023,6,Ratnapura,LK91,1.22464679914735e-16,-1.0,0,1,0,0,398.22223,1322.23463333333,158.689013333333,694.203689999999,239.944435,198.06665,0,6.6828,80.3992,89.34,3.55,25.64,89.25,2.51,2.8208199657980884,7.108545210440453,0.0,0,0.0,0.0,28.57,27.17,0.665,0.56
2023,7,Ratnapura,LK91,-0.499999999999999,-0.866025403784438,0,1,0,0,174.138891,1319.53079999999,106.555291666666,398.22223,694.203689999999,158.689013333333,0,6.6828,80.3992,88.98,3.57,25.53,89.34,3.55,2.8208199657980884,7.108545210440453,0.0,0,0.0,0.0,28.32,27.96,0.498,0.443
2023,8,Ratnapura,LK91,-0.866025403784438,-0.5,0,1,0,0,99.722227,776.641983333333,64.7157693333333,174.138891,398.22223,106.555291666666,0,6.6828,80.3992,86.39,3.21,25.17,88.98,3.57,2.8208199657980884,7.108545210440453,0.0,0,0.0,0.0,28.2,28.39,0.826,0.665
2023,9,Ratnapura,LK91,-1.0,-1.83697019872102e-16,0,1,0,0,427.490739999999,698.700616666666,176.65546,99.722227,174.138891,64.7157693333333,0,6.6828,80.3992,89.5,3.15,25.56,86.39,3.21,2.8208199657980884,7.108545210440453,0.0,0,0.0,0.0,28.32,28.57,0.946,0.498
2023,10,Ratnapura,LK91,-0.866025403784438,0.5,0,0,1,0,675.82407,1039.21298,198.942706666666,427.490739999999,99.722227,176.65546,0,6.6828,80.3992,91.13,1.77,24.87,89.5,3.15,2.8208199657980884,7.108545210440453,0.0,0,0.0,0.0,28.44,28.32,0.804,0.826
2023,11,Ratnapura,LK91,-0.5,0.866025403784438,0,0,1,0,502.61111,1506.50003333333,135.3965,675.82407,427.490739999999,198.942706666666,0,6.6828,80.3992,89.51,1.09,24.61,91.13,1.77,2.8208199657980884,7.108545210440453,0.0,0,0.0,0.0,28.72,28.2,0.92,0.946
2023,12,Ratnapura,LK91,-2.4492935982947e-16,1.0,0,0,0,1,357.67594,1564.6049,169.167313333333,502.61111,675.82407,135.3965,0,6.6828,80.3992,91.17,1.82,24.97,89.51,1.09,2.8208199657980884,7.108545210440453,0.0,0,0.0,0.0,28.62,28.32,0.852,0.804
2024,1,Ratnapura,LK91,0.499999999999999,0.866025403784438,0,0,0,1,276.157411,1308.86116666666,179.329921333333,357.67594,502.61111,169.167313333333,0,6.6828,80.3992,87.65,1.49,24.85,91.17,1.82,2.751481762753659,7.01582495871755,0.0,0,0.0,0.0,28.35,28.44,0.765,0.92
2024,2,Ratnapura,LK91,0.866025403784438,0.5,0,0,0,1,46.157408,817.3271,44.617165,276.157411,357.67594,179.329921333333,0,6.6828,80.3992,85.79,2.07,24.35,87.65,1.49,2.751481762753659,7.01582495871755,0.3333,3,0.3333,0.0,28.27,28.72,0.327,0.852
2024,3,Ratnapura,LK91,1.0,6.12323399573676e-17,1,0,0,0,75.4629643,451.78398,45.0757243333333,46.157408,276.157411,44.617165,0,6.6828,80.3992,81.99,1.21,25.06,85.79,2.07,2.751481762753659,7.01582495871755,0.3333,3,0.3333,0.3333,28.41,28.62,0.421,0.765
2024,4,Ratnapura,LK91,0.866025403784438,-0.499999999999999,1,0,0,0,238.06481,305.83025,90.61799,75.4629643,46.157408,45.0757243333333,0,6.6828,80.3992,84.2,1.17,25.79,81.99,1.21,2.751481762753659,7.01582495871755,0.3333,3,0.3333,0.3333,28.59,28.35,0.44,0.327
2024,5,Ratnapura,LK91,0.499999999999999,-0.866025403784438,0,1,0,0,357.777776,564.972206666666,105.902891333333,238.06481,75.4629643,90.61799,0,6.6828,80.3992,87.92,2.9,27.01,84.2,1.17,2.751481762753659,7.01582495871755,0.0,0,0.0,0.3333,28.16,28.27,0.298,0.421
2024,6,Ratnapura,LK91,1.22464679914735e-16,-1.0,0,1,0,0,143.824076,736.135833333333,61.0814836666666,357.777776,238.06481,105.902891333333,0,6.6828,80.3992,88.43,3.42,26.56,87.92,2.9,2.751481762753659,7.01582495871755,0.0,0,0.0,0.0,27.9,28.41,0.197,0.44
2024,7,Ratnapura,LK91,-0.499999999999999,-0.866025403784438,0,1,0,0,106.712963,661.882716666666,68.821993,143.824076,357.777776,61.0814836666666,0,6.6828,80.3992,86.88,3.46,25.76,88.43,3.42,2.751481762753659,7.01582495871755,0.0,0,0.0,0.0,27.34,28.59,0.033,0.298
2024,8,Ratnapura,LK91,-0.866025403784438,-0.5,0,1,0,0,249.870378,523.317883333333,150.685096666666,106.712963,143.824076,68.821993,0,6.6828,80.3992,87.42,2.95,25.59,86.88,3.46,2.751481762753659,7.01582495871755,0.0,0,0.0,0.0,26.73,28.16,0.267,0.197
2024,9,Ratnapura,LK91,-1.0,-1.83697019872102e-16,0,1,0,0,172.462971999999,505.990746666666,71.30569,249.870378,106.712963,150.685096666666,0,6.6828,80.3992,86.32,3.5,25.3,87.42,2.95,2.751481762753659,7.01582495871755,0.0,0,0.0,0.0,26.45,27.9,0.115,0.033
2024,10,Ratnapura,LK91,-0.866025403784438,0.5,0,0,1,0,350.953689999999,685.453716666666,104.170443333333,172.462971999999,249.870378,71.30569,0,6.6828,80.3992,88.56,2.37,25.69,86.32,3.5,2.751481762753659,7.01582495871755,0.0,0,0.0,0.0,26.44,27.34,-0.196,0.267
2024,11,Ratnapura,LK91,-0.5,0.866025403784438,0,0,1,0,466.77777,925.601866666666,125.846311666666,350.953689999999,172.462971999999,104.170443333333,0,6.6828,80.3992,88.13,1.94,25.16,88.56,2.37,2.751481762753659,7.01582495871755,0.3333,3,0.3333,0.0,26.45,26.73,-0.382,0.115
2024,12,Ratnapura,LK91,-2.4492935982947e-16,1.0,0,0,0,1,177.370367999999,987.570973333333,91.4985193333333,466.77777,350.953689999999,125.846311666666,0,6.6828,80.3992,86.82,1.43,25.05,88.13,1.94,2.751481762753659,7.01582495871755,0.3333,3,0.3333,0.3333,26.0,26.45,-0.331,-0.196
2017,1,Kegalle,LK92,0.499999999999999,0.866025403784438,0,0,0,1,113.9999944,539.351546666666,108.083418333333,178.306494571428,401.012992142857,100.569457714285,1,7.2513,80.3464,77.95,2.45,23.752857142857145,90.36428571428571,2.174285714285714,1.517346768224065,7.470689586172621,0.0,0,0.0,0.0,26.12,25.98,-0.086,-0.382
2017,2,Kegalle,LK92,0.866025403784438,0.5,0,0,0,1,77.3272745,325.32728,84.2493006666666,113.9999944,178.306494571428,108.083418333333,0,7.2513,80.3464,71.52,2.3,23.61,77.95,2.45,1.517346768224065,7.470689586172621,0.5,3,0.5,0.0,26.67,25.94,0.101,-0.31
2017,3,Kegalle,LK92,1.0,6.12323399573676e-17,1,0,0,0,328.78182,469.587886666666,197.88271,77.3272745,113.9999944,84.2493006666666,0,7.2513,80.3464,80.06,1.29,24.76,71.52,2.3,1.517346768224065,7.470689586172621,0.0,0,0.0,0.5,27.32,26.1,0.357,-0.086
2017,4,Kegalle,LK92,0.866025403784438,-0.499999999999999,1,0,0,0,134.472726,581.69695,48.3766963333333,328.78182,77.3272745,197.88271,0,7.2513,80.3464,76.11,1.67,25.54,80.06,1.29,1.517346768224065,7.470689586172621,0.1667,1,0.1667,0.0,28.03,26.12,0.498,0.101
2017,5,Kegalle,LK92,0.499999999999999,-0.866025403784438,0,1,0,0,478.27272,772.26661,156.41747,134.472726,328.78182,48.3766963333333,0,7.2513,80.3464,77.47,2.77,27.37,76.11,1.67,1.517346768224065,7.470689586172621,0.0,0,0.0,0.1667,28.3,26.67,0.536,0.357
2017,6,Kegalle,LK92,1.22464679914735e-16,-1.0,0,1,0,0,297.945446,883.151576666666,110.009903333333,478.27272,134.472726,156.41747,0,7.2513,80.3464,80.6,4.29,27.28,77.47,2.77,1.517346768224065,7.470689586172621,0.0,0,0.0,0.0,28.06,27.32,0.424,0.498
2017,7,Kegalle,LK92,-0.499999999999999,-0.866025403784438,0,1,0,0,148.890908,893.824263333333,78.5355066666666,297.945446,478.27272,110.009903333333,0,7.2513,80.3464,78.33,4.05,26.14,80.6,4.29,1.517346768224065,7.470689586172621,0.0,0,0.0,0.0,27.54,28.03,0.52,0.536
2017,8,Kegalle,LK92,-0.866025403784438,-0.5,0,1,0,0,253.563638,840.684853333333,155.066546666666,148.890908,297.945446,78.5355066666666,0,7.2513,80.3464,79.95,4.08,26.33,78.33,4.05,1.517346768224065,7.470689586172621,0.0,0,0.0,0.0,26.7,28.3,0.349,0.424
2017,9,Kegalle,LK92,-1.0,-1.83697019872102e-16,0,1,0,0,302.890906,751.496973333333,119.924861,253.563638,148.890908,155.066546666666,0,7.2513,80.3464,80.85,3.39,26.0,79.95,4.08,1.517346768224065,7.470689586172621,0.0,0,0.0,0.0,26.29,28.06,0.035,0.52
2017,10,Kegalle,LK92,-0.866025403784438,0.5,0,0,1,0,410.72727,863.866686666666,90.3999319999999,302.890906,253.563638,119.924861,0,7.2513,80.3464,83.06,2.82,25.83,80.85,3.39,1.517346768224065,7.470689586172621,0.0,0,0.0,0.0,26.15,27.54,0.015,0.349
2017,11,Kegalle,LK92,-0.5,0.866025403784438,0,0,1,0,412.72729,1052.73333333333,108.27924,410.72727,302.890906,90.3999319999999,0,7.2513,80.3464,88.53,2.12,25.75,83.06,2.82,1.517346768224065,7.470689586172621,0.0,0,0.0,0.0,25.74,26.7,0.289,0.035
2017,12,Kegalle,LK92,-2.4492935982947e-16,1.0,0,0,0,1,137.381814,981.26062,80.1197016666666,412.72729,410.72727,108.27924,0,7.2513,80.3464,88.01,1.97,24.4,88.53,2.12,1.517346768224065,7.470689586172621,0.0,0,0.0,0.0,25.62,26.29,0.11,0.015
2018,1,Kegalle,LK92,0.499999999999999,0.866025403784438,0,0,0,1,41.9272728,734.81823,47.544442,137.381814,412.72729,80.1197016666666,0,7.2513,80.3464,85.06,1.99,23.58,88.01,1.97,1.4298671117384063,7.21599979623829,0.0,0,0.0,0.0,25.57,26.15,-0.2,0.289
2018,2,Kegalle,LK92,0.866025403784438,0.5,0,0,0,1,89.018183,375.133333333333,91.4961346666666,41.9272728,137.381814,47.544442,0,7.2513,80.3464,80.74,2.42,22.72,85.06,1.99,1.4298671117384063,7.21599979623829,0.1667,1,0.1667,0.0,25.97,25.74,0.216,0.11
2018,3,Kegalle,LK92,1.0,6.12323399573676e-17,1,0,0,0,197.854543999999,306.290923333333,118.592651333333,89.018183,41.9272728,91.4961346666666,0,7.2513,80.3464,77.65,1.79,24.27,80.74,2.42,1.4298671117384063,7.21599979623829,0.1667,1,0.1667,0.1667,26.48,25.62,-0.12,-0.2
2018,4,Kegalle,LK92,0.866025403784438,-0.499999999999999,1,0,0,0,317.05455,510.345456666666,104.952505,197.854543999999,89.018183,118.592651333333,0,7.2513,80.3464,76.63,1.13,25.87,77.65,1.79,1.4298671117384063,7.21599979623829,0.1667,1,0.1667,0.1667,27.31,25.57,-0.083,0.216
2018,5,Kegalle,LK92,0.499999999999999,-0.866025403784438,0,1,0,0,542.03636,894.896933333333,177.973076666666,317.05455,197.854543999999,104.952505,0,7.2513,80.3464,86.89,2.13,27.13,76.63,1.13,1.4298671117384063,7.21599979623829,0.1667,1,0.1667,0.1667,27.73,25.97,0.122,-0.12
2018,6,Kegalle,LK92,1.22464679914735e-16,-1.0,0,1,0,0,321.38182,1169.6121,113.549528333333,542.03636,317.05455,177.973076666666,0,7.2513,80.3464,87.56,4.38,25.87,86.89,2.13,1.4298671117384063,7.21599979623829,0.0,0,0.0,0.1667,27.77,26.48,0.155,-0.083
2018,7,Kegalle,LK92,-0.499999999999999,-0.866025403784438,0,1,0,0,178.818181999999,1095.66066666666,92.3965633333333,321.38182,542.03636,113.549528333333,0,7.2513,80.3464,83.36,4.45,25.29,87.56,4.38,1.4298671117384063,7.21599979623829,0.1667,1,0.1667,0.0,27.42,27.31,0.053,0.122
2018,8,Kegalle,LK92,-0.866025403784438,-0.5,0,1,0,0,219.018183,831.327299999999,124.374685333333,178.818181999999,321.38182,92.3965633333333,0,7.2513,80.3464,81.69,4.61,25.21,83.36,4.45,1.4298671117384063,7.21599979623829,0.1667,1,0.1667,0.1667,26.94,27.73,0.121,0.155
2018,9,Kegalle,LK92,-1.0,-1.83697019872102e-16,0,1,0,0,214.000004,581.896973333333,79.9447666666666,219.018183,178.818181999999,124.374685333333,1,7.2513,80.3464,76.61,2.95,25.17,81.69,4.61,1.4298671117384063,7.21599979623829,0.3333,2,0.3333,0.1667,27.19,27.77,0.604,0.053
2018,10,Kegalle,LK92,-0.866025403784438,0.5,0,0,1,0,672.16364,957.994,155.351313333333,214.000004,219.018183,79.9447666666666,0,7.2513,80.3464,85.48,1.49,26.07,76.61,2.95,1.4298671117384063,7.21599979623829,0.3333,2,0.3333,0.3333,27.62,27.42,0.684,0.121
2018,11,Kegalle,LK92,-0.5,0.866025403784438,0,0,1,0,368.94546,1218.7394,97.4258146666666,672.16364,214.000004,155.351313333333,0,7.2513,80.3464,88.95,1.73,24.98,85.48,1.49,1.4298671117384063,7.21599979623829,0.1667,1,0.1667,0.3333,27.61,26.94,0.5,0.604
2018,12,Kegalle,LK92,-2.4492935982947e-16,1.0,0,0,0,1,96.472725,1208.12116666666,60.0228723333333,368.94546,672.16364,97.4258146666666,0,7.2513,80.3464,89.74,1.93,24.23,88.95,1.73,1.4298671117384063,7.21599979623829,0.1667,1,0.1667,0.1667,27.49,27.19,0.309,0.684
2019,1,Kegalle,LK92,0.499999999999999,0.866025403784438,0,0,0,1,21.8727263,690.539406666666,30.977986,96.472725,368.94546,60.0228723333333,1,7.2513,80.3464,86.74,2.42,23.33,89.74,1.93,1.342387455252748,6.961310006303959,0.0,0,0.0,0.1667,27.19,27.62,0.387,0.5
2019,2,Kegalle,LK92,0.866025403784438,0.5,0,0,0,1,166.527273,382.345449999999,148.748101,21.8727263,96.472725,30.977986,0,7.2513,80.3464,83.58,2.19,22.72,86.74,2.42,1.342387455252748,6.961310006303959,0.5,3,0.5,0.0,27.46,27.61,0.416,0.309
2019,3,Kegalle,LK92,1.0,6.12323399573676e-17,1,0,0,0,53.4363649999999,259.515146666666,37.6853193333333,166.527273,21.8727263,148.748101,0,7.2513,80.3464,68.16,1.75,24.79,83.58,2.19,1.342387455252748,6.961310006303959,0.0,0,0.0,0.5,28.09,27.49,0.225,0.387
2019,4,Kegalle,LK92,0.866025403784438,-0.499999999999999,1,0,0,0,245.618177,354.024246666666,80.5297913333333,53.4363649999999,166.527273,37.6853193333333,0,7.2513,80.3464,64.44,1.14,26.87,68.16,1.75,1.342387455252748,6.961310006303959,0.0,0,0.0,0.0,28.44,27.19,0.258,0.416
2019,5,Kegalle,LK92,0.499999999999999,-0.866025403784438,0,1,0,0,126.672732,402.86668,44.8366739999999,245.618177,53.4363649999999,80.5297913333333,0,7.2513,80.3464,72.45,3.24,28.96,64.44,1.14,1.342387455252748,6.961310006303959,0.0,0,0.0,0.0,28.48,27.46,0.54,0.225
2019,6,Kegalle,LK92,1.22464679914735e-16,-1.0,0,1,0,0,418.92726,680.751496666666,149.98987,126.672732,245.618177,44.8366739999999,0,7.2513,80.3464,75.27,4.52,28.34,72.45,3.24,1.342387455252748,6.961310006303959,0.0,0,0.0,0.0,28.18,28.09,0.605,0.258
2019,7,Kegalle,LK92,-0.499999999999999,-0.866025403784438,0,1,0,0,233.090909999999,826.484876666666,117.425745,418.92726,126.672732,149.98987,0,7.2513,80.3464,75.43,4.12,27.49,75.27,4.52,1.342387455252748,6.961310006303959,0.0,0,0.0,0.0,27.64,28.44,0.597,0.54
2019,8,Kegalle,LK92,-0.866025403784438,-0.5,0,1,0,0,351.618175,932.775733333333,212.213663333333,233.090909999999,418.92726,117.425745,0,7.2513,80.3464,78.67,4.5,26.77,75.43,4.12,1.342387455252748,6.961310006303959,0.0,0,0.0,0.0,26.9,28.48,0.436,0.605
2019,9,Kegalle,LK92,-1.0,-1.83697019872102e-16,0,1,0,0,427.363643,955.42425,160.27678,351.618175,233.090909999999,212.213663333333,0,7.2513,80.3464,81.83,3.06,25.89,78.67,4.5,1.342387455252748,6.961310006303959,0.0,0,0.0,0.0,26.75,28.18,0.892,0.597
2019,10,Kegalle,LK92,-0.866025403784438,0.5,0,0,1,0,576.67273,1235.21816666666,129.58404,427.363643,351.618175,160.27678,0,7.2513,80.3464,88.14,1.28,25.59,81.83,3.06,1.342387455252748,6.961310006303959,0.1667,1,0.1667,0.0,27.2,27.64,0.964,0.436
2019,11,Kegalle,LK92,-0.5,0.866025403784438,0,0,1,0,338.34546,1335.0485,91.0811313333333,576.67273,427.363643,129.58404,0,7.2513,80.3464,88.87,1.69,24.74,88.14,1.28,1.342387455252748,6.961310006303959,0.3333,2,0.3333,0.1667,27.22,26.9,0.835,0.892
2019,12,Kegalle,LK92,-2.4492935982947e-16,1.0,0,0,0,1,188.872733,1242.95763333333,104.617708333333,338.34546,576.67273,91.0811313333333,0,7.2513,80.3464,91.9,2.31,24.75,88.87,1.69,1.342387455252748,6.961310006303959,0.5,3,0.5,0.3333,27.12,26.75,0.243,0.964
2020,1,Kegalle,LK92,0.499999999999999,0.866025403784438,0,0,0,1,30.218183,740.3455,36.7847583333333,188.872733,338.34546,104.617708333333,0,7.2513,80.3464,88.25,2.35,23.89,91.9,2.31,1.2549077987670898,6.706620216369629,0.3333,2,0.3333,0.5,27.15,27.2,0.173,0.835
2020,2,Kegalle,LK92,0.866025403784438,0.5,0,0,0,1,16.9272729,357.521216666666,27.3756313333333,30.218183,188.872733,36.7847583333333,0,7.2513,80.3464,85.19,2.61,23.26,88.25,2.35,1.2549077987670898,6.706620216369629,0.5,3,0.5,0.3333,27.12,27.22,0.054,0.243
2020,3,Kegalle,LK92,1.0,6.12323399573676e-17,1,0,0,0,84.454544,153.30909,56.135794,16.9272729,30.218183,27.3756313333333,0,7.2513,80.3464,71.19,1.67,23.7,85.19,2.61,1.2549077987670898,6.706620216369629,0.3333,2,0.3333,0.5,27.76,27.12,0.019,0.173
2020,4,Kegalle,LK92,0.866025403784438,-0.499999999999999,1,0,0,0,175.527270999999,207.939406666666,59.3930026666666,84.454544,16.9272729,56.135794,0,7.2513,80.3464,71.34,1.35,26.57,71.19,1.67,1.2549077987670898,6.706620216369629,0.0,0,0.0,0.3333,28.18,27.15,-0.011,0.054
2020,5,Kegalle,LK92,0.499999999999999,-0.866025403784438,0,1,0,0,475.27274,594.606093333333,157.488583333333,175.527270999999,84.454544,59.3930026666666,0,7.2513,80.3464,83.42,2.6,28.18,71.34,1.35,1.2549077987670898,6.706620216369629,0.0,0,0.0,0.0,27.66,27.12,0.298,0.019
2020,6,Kegalle,LK92,1.22464679914735e-16,-1.0,0,1,0,0,235.581817,817.472733333333,88.2584979999999,475.27274,175.527270999999,157.488583333333,0,7.2513,80.3464,83.19,3.89,26.82,83.42,2.6,1.2549077987670898,6.706620216369629,0.0,0,0.0,0.0,27.39,27.76,0.455,-0.011
2020,7,Kegalle,LK92,-0.499999999999999,-0.866025403784438,0,1,0,0,257.509094,956.121193333333,129.921728,235.581817,475.27274,88.2584979999999,0,7.2513,80.3464,84.58,3.12,25.92,83.19,3.89,1.2549077987670898,6.706620216369629,0.0,0,0.0,0.0,26.99,28.18,0.319,0.298
2020,8,Kegalle,LK92,-0.866025403784438,-0.5,0,1,0,0,154.6,743.824246666666,100.786116666666,257.509094,235.581817,129.921728,0,7.2513,80.3464,82.44,3.82,25.22,84.58,3.12,1.2549077987670898,6.706620216369629,0.0,0,0.0,0.0,26.26,27.66,-0.183,0.455
2020,9,Kegalle,LK92,-1.0,-1.83697019872102e-16,0,1,0,0,379.618186,754.909113333333,143.768666666666,154.6,257.509094,100.786116666666,0,7.2513,80.3464,84.37,3.83,25.66,82.44,3.82,1.2549077987670898,6.706620216369629,0.1667,1,0.1667,0.0,25.89,27.39,-0.189,0.319
2020,10,Kegalle,LK92,-0.866025403784438,0.5,0,0,1,0,204.436371,758.187933333333,47.4258716666666,379.618186,154.6,143.768666666666,1,7.2513,80.3464,81.91,3.48,25.09,84.37,3.83,1.2549077987670898,6.706620216369629,0.0,0,0.0,0.1667,25.46,26.99,0.074,-0.183
2020,11,Kegalle,LK92,-0.5,0.866025403784438,0,0,1,0,284.8,846.666683333333,77.2048313333333,204.436371,379.618186,47.4258716666666,0,7.2513,80.3464,88.04,1.7,25.64,81.91,3.48,1.2549077987670898,6.706620216369629,0.1667,1,0.1667,0.0,25.28,26.26,0.02,-0.189
2020,12,Kegalle,LK92,-2.4492935982947e-16,1.0,0,0,0,1,172.890907,739.01212,98.9501566666666,284.8,204.436371,77.2048313333333,0,7.2513,80.3464,90.23,2.29,24.91,88.04,1.7,1.2549077987670898,6.706620216369629,0.3333,2,0.3333,0.1667,25.44,25.89,0.031,0.074
2021,1,Kegalle,LK92,0.499999999999999,0.866025403784438,0,0,0,1,152.836355,650.703033333333,134.546706666666,172.890907,284.8,98.9501566666666,0,7.2513,80.3464,91.37,1.96,23.86,90.23,2.29,1.1674281422814314,6.451930426435299,0.1667,1,0.1667,0.3333,25.55,25.46,0.051,0.02
2021,2,Kegalle,LK92,0.866025403784438,0.5,0,0,0,1,45.927272,419.939383333333,54.7095673333333,152.836355,172.890907,134.546706666666,0,7.2513,80.3464,87.65,2.3,23.37,91.37,1.96,1.1674281422814314,6.451930426435299,0.0,0,0.0,0.1667,25.75,25.28,0.243,0.031
2021,3,Kegalle,LK92,1.0,6.12323399573676e-17,1,0,0,0,216.09091,375.127266666666,124.01744,45.927272,152.836355,54.7095673333333,0,7.2513,80.3464,83.54,1.82,23.42,87.65,2.3,1.1674281422814314,6.451930426435299,0.1667,1,0.1667,0.0,26.48,25.44,0.267,0.051
2021,4,Kegalle,LK92,0.866025403784438,-0.499999999999999,1,0,0,0,184.654545999999,391.63029,61.981967,216.09091,45.927272,124.01744,0,7.2513,80.3464,83.28,1.38,24.54,83.54,1.82,1.1674281422814314,6.451930426435299,0.6667,4,0.6667,0.1667,27.1,25.55,0.25,0.243
2021,5,Kegalle,LK92,0.499999999999999,-0.866025403784438,0,1,0,0,533.49092,766.036326666666,174.26183,184.654545999999,216.09091,61.981967,0,7.2513,80.3464,87.41,2.71,26.14,83.28,1.38,1.1674281422814314,6.451930426435299,0.5,3,0.5,0.6667,27.47,25.75,0.009,0.267
2021,6,Kegalle,LK92,1.22464679914735e-16,-1.0,0,1,0,0,343.836361,1098.18186666666,118.037633333333,533.49092,184.654545999999,174.26183,0,7.2513,80.3464,88.23,3.5,25.93,87.41,2.71,1.1674281422814314,6.451930426435299,0.1667,1,0.1667,0.5,27.45,26.48,-0.002,0.25
2021,7,Kegalle,LK92,-0.499999999999999,-0.866025403784438,0,1,0,0,294.490916999999,1195.07876666666,148.35823,343.836361,533.49092,118.037633333333,0,7.2513,80.3464,87.87,4.02,25.3,88.23,3.5,1.1674281422814314,6.451930426435299,0.0,0,0.0,0.1667,26.9,27.1,-0.229,0.009
2021,8,Kegalle,LK92,-0.866025403784438,-0.5,0,1,0,0,261.03637,989.53948,152.31518,294.490916999999,343.836361,148.35823,0,7.2513,80.3464,86.49,3.86,25.14,87.87,4.02,1.1674281422814314,6.451930426435299,0.0,0,0.0,0.0,26.32,27.47,-0.099,-0.002
2021,9,Kegalle,LK92,-1.0,-1.83697019872102e-16,0,1,0,0,342.01817,817.212133333333,127.966013333333,261.03637,294.490916999999,152.31518,0,7.2513,80.3464,85.62,3.62,24.94,86.49,3.86,1.1674281422814314,6.451930426435299,0.0,0,0.0,0.0,26.17,27.45,-0.058,-0.229
2021,10,Kegalle,LK92,-0.866025403784438,0.5,0,0,1,0,544.563635,1006.23632,123.472018666666,342.01817,261.03637,127.966013333333,0,7.2513,80.3464,87.43,2.65,25.43,85.62,3.62,1.1674281422814314,6.451930426435299,0.0,0,0.0,0.0,25.77,26.9,-0.091,-0.099
2021,11,Kegalle,LK92,-0.5,0.866025403784438,0,0,1,0,510.836365,1344.8788,133.483741666666,544.563635,342.01817,123.472018666666,0,7.2513,80.3464,91.18,2.24,25.01,87.43,2.65,1.1674281422814314,6.451930426435299,0.0,0,0.0,0.0,25.76,26.32,0.069,-0.058
2021,12,Kegalle,LK92,-2.4492935982947e-16,1.0,0,0,0,1,107.745452,1281.5999,61.6249,510.836365,544.563635,133.483741666666,0,7.2513,80.3464,89.82,2.05,24.21,91.18,2.24,1.1674281422814314,6.451930426435299,0.0,0,0.0,0.0,25.54,26.17,-0.12,-0.091
2022,1,Kegalle,LK92,0.499999999999999,0.866025403784438,0,0,0,1,40.4909086,856.0606,44.3496373333333,107.745452,510.836365,61.6249,0,7.2513,80.3464,87.69,2.12,23.6,89.82,2.05,1.0799484857957733,6.197240636500968,0.6667,4,0.6667,0.0,25.6,25.77,-0.056,0.069
2022,2,Kegalle,LK92,0.866025403784438,0.5,0,0,0,1,120.527274,377.593943333333,119.480019333333,40.4909086,107.745452,44.3496373333333,1,7.2513,80.3464,87.22,2.11,23.51,87.69,2.12,1.0799484857957733,6.197240636500968,0.6667,4,0.6667,0.6667,25.86,25.76,-0.082,-0.12
2022,3,Kegalle,LK92,1.0,6.12323399573676e-17,1,0,0,0,121.709091,260.187883333333,75.7703966666666,120.527274,40.4909086,119.480019333333,0,7.2513,80.3464,85.48,1.67,23.3,87.22,2.11,1.0799484857957733,6.197240636500968,0.5,3,0.5,0.6667,26.31,25.54,-0.093,-0.056
2022,4,Kegalle,LK92,0.866025403784438,-0.499999999999999,1,0,0,0,388.999986,519.103053333333,129.339525666666,121.709091,120.527274,75.7703966666666,0,7.2513,80.3464,85.83,1.29,25.12,85.48,1.67,1.0799484857957733,6.197240636500968,0.0,0,0.0,0.5,26.7,25.6,-0.068,-0.082
2022,5,Kegalle,LK92,0.499999999999999,-0.866025403784438,0,1,0,0,338.05455,749.400043333333,112.565613333333,388.999986,121.709091,129.339525666666,1,7.2513,80.3464,88.01,4.01,25.89,85.83,1.29,1.0799484857957733,6.197240636500968,0.0,0,0.0,0.0,26.82,25.86,-0.122,-0.093
2022,6,Kegalle,LK92,1.22464679914735e-16,-1.0,0,1,0,0,220.400007999999,916.41211,83.2921353333333,338.05455,388.999986,112.565613333333,0,7.2513,80.3464,87.21,3.62,25.81,88.01,4.01,1.0799484857957733,6.197240636500968,0.0,0,0.0,0.0,26.98,26.31,-0.335,-0.068
2022,7,Kegalle,LK92,-0.499999999999999,-0.866025403784438,0,1,0,0,266.399992,806.781783333333,134.799344333333,220.400007999999,338.05455,83.2921353333333,0,7.2513,80.3464,83.98,3.59,25.26,87.21,3.62,1.0799484857957733,6.197240636500968,0.1667,1,0.1667,0.0,26.6,26.7,-0.195,-0.122
2022,8,Kegalle,LK92,-0.866025403784438,-0.5,0,1,0,0,373.963635,853.921166666666,221.511318666666,266.399992,220.400007999999,134.799344333333,0,7.2513,80.3464,85.12,4.06,25.26,83.98,3.59,1.0799484857957733,6.197240636500968,0.0,0,0.0,0.1667,25.88,26.82,-0.246,-0.335
2022,9,Kegalle,LK92,-1.0,-1.83697019872102e-16,0,1,0,0,201.090911,875.466696666666,80.0675843333333,373.963635,266.399992,221.511318666666,0,7.2513,80.3464,84.18,3.65,24.94,85.12,4.06,1.0799484857957733,6.197240636500968,0.0,0,0.0,0.0,25.65,26.98,-0.322,-0.195
2022,10,Kegalle,LK92,-0.866025403784438,0.5,0,0,1,0,545.29092,1029.62426666666,115.651164,201.090911,373.963635,80.0675843333333,0,7.2513,80.3464,85.35,2.69,25.13,84.18,3.65,1.0799484857957733,6.197240636500968,0.0,0,0.0,0.0,25.73,26.6,-0.691,-0.246
2022,11,Kegalle,LK92,-0.5,0.866025403784438,0,0,1,0,287.14545,1119.85463333333,77.171405,545.29092,201.090911,115.651164,0,7.2513,80.3464,89.17,1.59,24.81,85.35,2.69,1.0799484857957733,6.197240636500968,0.0,0,0.0,0.0,25.8,25.88,-0.269,-0.322
2022,12,Kegalle,LK92,-2.4492935982947e-16,1.0,0,0,0,1,255.945461,1042.0122,143.8985,287.14545,545.29092,77.171405,0,7.2513,80.3464,90.32,2.27,23.69,89.17,1.59,1.0799484857957733,6.197240636500968,0.0,0,0.0,0.0,25.75,25.65,-0.091,-0.691
2023,1,Kegalle,LK92,0.499999999999999,0.866025403784438,0,0,0,1,83.636364,821.309186666666,81.2281816666666,255.945461,287.14545,143.8985,0,7.2513,80.3464,89.95,2.49,23.36,90.32,2.27,0.9924688293101148,5.942550846566638,0.0,0,0.0,0.0,25.83,25.73,0.11,-0.269
2023,2,Kegalle,LK92,0.866025403784438,0.5,0,0,0,1,101.690909,476.539366666666,99.7126799999999,83.636364,255.945461,81.2281816666666,0,7.2513,80.3464,88.75,2.49,22.17,89.95,2.49,0.9924688293101148,5.942550846566638,0.1667,1,0.1667,0.0,26.29,25.8,0.157,-0.091
2023,3,Kegalle,LK92,1.0,6.12323399573676e-17,1,0,0,0,228.163631,411.072703333333,132.783548,101.690909,83.636364,99.7126799999999,0,7.2513,80.3464,84.72,1.69,22.83,88.75,2.49,0.9924688293101148,5.942550846566638,0.0,0,0.0,0.1667,27.17,25.75,0.414,0.11
2023,4,Kegalle,LK92,0.866025403784438,-0.499999999999999,1,0,0,0,303.472743,564.4303,101.357681666666,228.163631,101.690909,132.783548,0,7.2513,80.3464,81.63,1.2,25.06,84.72,1.69,0.9924688293101148,5.942550846566638,0.0,0,0.0,0.0,27.96,25.83,0.56,0.157
2023,5,Kegalle,LK92,0.499999999999999,-0.866025403784438,0,1,0,0,397.581829999999,893.194006666666,127.862322666666,303.472743,228.163631,101.357681666666,0,7.2513,80.3464,87.03,2.55,26.35,81.63,1.2,0.9924688293101148,5.942550846566638,0.0,0,0.0,0.0,28.39,26.29,0.443,0.414
2023,6,Kegalle,LK92,1.22464679914735e-16,-1.0,0,1,0,0,466.16363,1078.98786666666,169.983944999999,397.581829999999,303.472743,127.862322666666,0,7.2513,80.3464,84.6,4.0,25.96,87.03,2.55,0.9924688293101148,5.942550846566638,0.0,0,0.0,0.0,28.57,27.17,0.665,0.56
2023,7,Kegalle,LK92,-0.499999999999999,-0.866025403784438,0,1,0,0,188.163635,1114.897,97.4024523333333,466.16363,397.581829999999,169.983944999999,0,7.2513,80.3464,80.99,4.34,26.14,84.6,4.0,0.9924688293101148,5.942550846566638,0.0,0,0.0,0.0,28.32,27.96,0.498,0.443
2023,8,Kegalle,LK92,-0.866025403784438,-0.5,0,1,0,0,196.199999,828.533329999999,115.179258333333,188.163635,466.16363,97.4024523333333,0,7.2513,80.3464,75.26,3.87,26.08,80.99,4.34,0.9924688293101148,5.942550846566638,0.0,0,0.0,0.0,28.2,28.39,0.826,0.665
2023,9,Kegalle,LK92,-1.0,-1.83697019872102e-16,0,1,0,0,322.09091,769.4606,121.74212,196.199999,188.163635,115.179258333333,0,7.2513,80.3464,81.56,3.85,27.09,75.26,3.87,0.9924688293101148,5.942550846566638,0.0,0,0.0,0.0,28.32,28.57,0.946,0.498
2023,10,Kegalle,LK92,-0.866025403784438,0.5,0,0,1,0,705.23638,1047.60606666666,162.058758,322.09091,196.199999,121.74212,0,7.2513,80.3464,87.82,1.74,25.89,81.56,3.85,0.9924688293101148,5.942550846566638,0.0,0,0.0,0.0,28.44,28.32,0.804,0.826
2023,11,Kegalle,LK92,-0.5,0.866025403784438,0,0,1,0,604.29092,1557.12123333333,157.968823333333,705.23638,322.09091,162.058758,0,7.2513,80.3464,89.89,1.26,25.1,87.82,1.74,0.9924688293101148,5.942550846566638,0.0,0,0.0,0.0,28.72,28.2,0.92,0.946
2023,12,Kegalle,LK92,-2.4492935982947e-16,1.0,0,0,0,1,288.83637,1644.36356666666,154.752365,604.29092,705.23638,157.968823333333,0,7.2513,80.3464,92.53,2.4,24.96,89.89,1.26,0.9924688293101148,5.942550846566638,0.0,0,0.0,0.0,28.62,28.32,0.852,0.804
2024,1,Kegalle,LK92,0.499999999999999,0.866025403784438,0,0,0,1,176.872724,1267.0,147.625386666666,288.83637,604.29092,154.752365,0,7.2513,80.3464,90.94,2.25,24.65,92.53,2.4,0.9049891728244568,5.687861056632308,0.0,0,0.0,0.0,28.35,28.44,0.765,0.92
2024,2,Kegalle,LK92,0.866025403784438,0.5,0,0,0,1,36.7454543,652.806076666666,44.4891373333333,176.872724,288.83637,147.625386666666,0,7.2513,80.3464,88.39,2.68,23.55,90.94,2.25,0.9049891728244568,5.687861056632308,0.3333,2,0.3333,0.0,28.27,28.72,0.327,0.852
2024,3,Kegalle,LK92,1.0,6.12323399573676e-17,1,0,0,0,50.9818198,306.575726666666,35.138919,36.7454543,176.872724,44.4891373333333,0,7.2513,80.3464,80.47,1.81,24.43,88.39,2.68,0.9049891728244568,5.687861056632308,0.3333,2,0.3333,0.3333,28.41,28.62,0.421,0.765
2024,4,Kegalle,LK92,0.866025403784438,-0.499999999999999,1,0,0,0,243.854544,258.890913333333,81.7832883333333,50.9818198,36.7454543,35.138919,0,7.2513,80.3464,73.76,1.19,25.31,80.47,1.81,0.9049891728244568,5.687861056632308,0.3333,2,0.3333,0.3333,28.59,28.35,0.44,0.327
2024,5,Kegalle,LK92,0.499999999999999,-0.866025403784438,0,1,0,0,339.745447,517.290893333333,114.337401333333,243.854544,50.9818198,81.7832883333333,0,7.2513,80.3464,81.26,2.89,28.58,73.76,1.19,0.9049891728244568,5.687861056632308,0.0,0,0.0,0.3333,28.16,28.27,0.298,0.421
2024,6,Kegalle,LK92,1.22464679914735e-16,-1.0,0,1,0,0,155.345458,714.88478,58.8909943333333,339.745447,243.854544,114.337401333333,0,7.2513,80.3464,82.81,3.98,27.58,81.26,2.89,0.9049891728244568,5.687861056632308,0.0,0,0.0,0.0,27.9,28.41,0.197,0.44
2024,7,Kegalle,LK92,-0.499999999999999,-0.866025403784438,0,1,0,0,118.018182,670.884843333333,63.516986,155.345458,339.745447,58.8909943333333,0,7.2513,80.3464,80.47,4.27,26.52,82.81,3.98,0.9049891728244568,5.687861056632308,0.0,0,0.0,0.0,27.34,28.59,0.033,0.298
2024,8,Kegalle,LK92,-0.866025403784438,-0.5,0,1,0,0,207.527277,537.618196666666,118.76835,118.018182,155.345458,63.516986,0,7.2513,80.3464,82.05,3.39,26.39,80.47,4.27,0.9049891728244568,5.687861056632308,0.0,0,0.0,0.0,26.73,28.16,0.267,0.197
2024,9,Kegalle,LK92,-1.0,-1.83697019872102e-16,0,1,0,0,147.47273,483.436366666666,59.867031,207.527277,118.018182,118.76835,0,7.2513,80.3464,80.41,4.07,26.08,82.05,3.39,0.9049891728244568,5.687861056632308,0.0,0,0.0,0.0,26.45,27.9,0.115,0.033
2024,10,Kegalle,LK92,-0.866025403784438,0.5,0,0,1,0,468.109086,704.85455,107.993299999999,147.47273,207.527277,59.867031,0,7.2513,80.3464,83.48,2.32,26.62,80.41,4.07,0.9049891728244568,5.687861056632308,0.0,0,0.0,0.0,26.44,27.34,-0.196,0.267
2024,11,Kegalle,LK92,-0.5,0.866025403784438,0,0,1,0,503.69092,1003.07272,132.911183333333,468.109086,147.47273,107.993299999999,0,7.2513,80.3464,89.22,2.06,25.89,83.48,2.32,0.9049891728244568,5.687861056632308,0.3333,2,0.3333,0.0,26.45,26.73,-0.382,0.115
2024,12,Kegalle,LK92,-2.4492935982947e-16,1.0,0,0,0,1,134.400003,1095.48486666666,79.631062,503.69092,468.109086,132.911183333333,0,7.2513,80.3464,89.64,1.8,24.94,89.22,2.06,0.9049891728244568,5.687861056632308,0.3333,2,0.3333,0.3333,26.0,26.45,-0.331,-0.196
